# id	source	source_record	disposition	reason
f55c9fa7feb69a5f	art	1	exclude	quota
278e97ee1a756a17	art	2	retain	balanced-editorial-quota
c46ca4e2bfa14912	art	3	retain	balanced-editorial-quota
00fa847fbc70723b	art	4	exclude	violence-or-death
bb097b50fac16403	art	5	exclude	quota
977dee45efc9ada1	art	6	retain	balanced-editorial-quota
91cd5756d49403e5	art	7	retain	balanced-editorial-quota
9e0b291efd280e99	art	8	exclude	quota
21fe525a5b21bf1b	art	9	exclude	final-corpus-trim
c976267896e6c99b	art	10	exclude	quota
417c526b42c26325	art	11	exclude	quota
2b465befd2e6aee9	art	12	retain	balanced-editorial-quota
fe69518489fd2ebb	art	13	retain	balanced-editorial-quota
11ab974d923e0b29	art	14	exclude	violence-or-death
8c53887c5a534dbc	art	15	retain	balanced-editorial-quota
6f1b6080980d4c27	art	16	exclude	quota
867e055576bcace3	art	17	retain	balanced-editorial-quota
c7743da53420b859	art	18	retain	balanced-editorial-quota
30534b97a5c5a697	art	19	retain	balanced-editorial-quota
206d33f5c5b4088e	art	20	retain	balanced-editorial-quota
9407190974a37932	art	21	exclude	quota
c11f2fc9f2ba57de	art	22	exclude	quota
6e7a5b41062c1ac5	art	23	exclude	quota
e4f2dd98f734f2cb	art	24	retain	balanced-editorial-quota
52b6f24eb7491ca0	art	25	exclude	sexual-or-identity-harm
3b39c5785600c2d5	art	26	exclude	quota
a0bf9ec0dbc1548b	art	27	retain	balanced-editorial-quota
25d5db1874de37ba	art	28	exclude	quota
1ed360e01591db5f	art	29	exclude	quota
53baa3865320794e	art	30	exclude	quota
d23ea92c924b0169	art	31	exclude	violence-or-death
2ee7ef62683e33fc	art	32	exclude	presentation-length
e03b8759c7393f51	art	33	exclude	quota
4ad02a758300cd0f	art	34	retain	balanced-editorial-quota
c00d9c6ba169484f	art	35	retain	balanced-editorial-quota
dc0383c48be0a789	art	36	exclude	unsafe-character
c8585e1078ad89f4	art	37	exclude	quota
20a0e75557d2fa38	art	38	exclude	final-corpus-trim
bbfacec20e757ca7	art	39	exclude	quota
b163efcffbf23a79	art	40	exclude	violence-or-death
0889cac2b42b5ca2	art	41	exclude	quota
ed9d7ef5a4b3ff1e	art	42	exclude	quota
aa9ef18e615457ad	art	43	exclude	quota
f5d8a0a47c9fef26	art	44	exclude	quota
90a6ab2e51a12d91	art	45	exclude	quota
59b68869a640399c	art	46	exclude	violence-or-death
c86d089dea745911	art	47	retain	balanced-editorial-quota
371ad1ba232cad71	art	48	retain	balanced-editorial-quota
972e26b32a4d6a41	art	49	retain	balanced-editorial-quota
a1f6c4aa91f2d0f6	art	50	retain	balanced-editorial-quota
0f45089be0cebf9d	art	51	exclude	quota
cb4aa1dabb20e5cd	art	52	exclude	violence-or-death
75dc8141ef186720	art	53	retain	balanced-editorial-quota
437c5ea2a7b4eeef	art	54	retain	balanced-editorial-quota
52f6decdbb05369c	art	55	exclude	quota
79a4e34b986a561d	art	56	exclude	quota
b4a0b358118ebb79	art	57	exclude	presentation-length
a529c255ddbad069	art	58	exclude	quota
aeb8eb0b1458301f	art	59	exclude	quota
951654701244ceda	art	60	exclude	quota
023d2844567b29da	art	61	exclude	quota
ddceb731e438a358	art	62	retain	balanced-editorial-quota
d6232243705d9bac	art	63	retain	balanced-editorial-quota
15221688bfb02830	art	64	exclude	quota
a6581d672068309a	art	65	exclude	quota
0318fae2e2ef76ab	art	66	exclude	violence-or-death
1c8f2556851b7770	art	67	retain	balanced-editorial-quota
41b891506d7f9048	art	68	exclude	quota
a313a7c68401a4a9	art	69	exclude	quota
f78bc6d258e16cab	art	70	exclude	violence-or-death
ae1120e70b0ec8e6	art	71	retain	balanced-editorial-quota
afaab4efd59084f2	art	72	exclude	quota
ec4e5f2d4ac219c3	art	73	exclude	quota
a447ed00a31a2099	art	74	exclude	quota
96be691e1dffb6f9	art	75	retain	balanced-editorial-quota
9ea91ead93348afd	art	76	exclude	quota
fe4f578b74e74e36	art	77	retain	balanced-editorial-quota
3e435530d6d6d42b	art	78	exclude	quota
dfc0eb188956451f	art	79	exclude	quota
efc08a9f9c51fcbc	art	80	exclude	final-corpus-trim
b76a0b966d926248	art	81	exclude	quota
6bdae6187876dfba	art	82	retain	balanced-editorial-quota
67a51b1deaebb918	art	83	retain	balanced-editorial-quota
f3ae3d23becbf41f	art	84	exclude	quota
e21131c0564d0972	art	85	exclude	quota
0ba722e6852bb8cf	art	86	exclude	violence-or-death
a537aaddea97d1c9	art	87	exclude	quota
81dc899caccf47c1	art	88	exclude	quota
5cbf459051d877b7	art	89	exclude	quota
6f9ece2fbf579d23	art	90	exclude	quota
1022a83003640968	art	91	exclude	quota
1664b767ba31f270	art	92	retain	balanced-editorial-quota
f3ba8e8d7de8f746	art	93	exclude	quota
6f51c81a7d100373	art	94	exclude	quota
dcdb78dbe3b8ecdb	art	95	retain	balanced-editorial-quota
e1601ed82e797971	art	96	exclude	quota
332c7c1d16ceb3f3	art	97	retain	balanced-editorial-quota
36fd18863078a64e	art	98	retain	balanced-editorial-quota
f69102d7625001a0	art	99	exclude	quota
2fa37596d38b59df	art	100	exclude	quota
1a8148eb491adeba	art	101	exclude	violence-or-death
a07bd3c0151e991a	art	102	retain	balanced-editorial-quota
497f4d028216098a	art	103	exclude	violence-or-death
f5057a212f2f28c4	art	104	retain	balanced-editorial-quota
0aac0c58409a5870	art	105	exclude	quota
59a350c3cda6fc6c	art	106	exclude	quota
dcbe97576d3330b9	art	107	exclude	quota
e76dc7ee94eb2da4	art	108	retain	balanced-editorial-quota
cd8ac1402269fb9a	art	109	exclude	violence-or-death
11b0cfb3bb062716	art	110	exclude	quota
69cb17cd8fb8a443	art	111	exclude	quota
e0933784fd8b4478	art	112	retain	balanced-editorial-quota
370899597aa41d50	art	113	retain	balanced-editorial-quota
256a5f4fbc11639e	art	114	exclude	quota
4926e3bd49a0277a	art	115	exclude	violence-or-death
fb151b4d33b87748	art	116	exclude	quota
db64ecf1f96dad46	art	117	exclude	quota
7508e723217f1e05	art	118	exclude	quota
e1f21e62b40d1af3	art	119	retain	balanced-editorial-quota
0dae32c1f5e2d291	art	120	retain	balanced-editorial-quota
8a573407e688e1f9	art	121	retain	balanced-editorial-quota
8c9744bf072b58f4	art	122	exclude	quota
3349f2e41783a657	art	123	exclude	quota
d65baab5ef228146	art	124	exclude	violence-or-death
0e19b261545a57fd	art	125	exclude	quota
6ce12de1730ff100	art	126	exclude	quota
bdbda7072e31759e	art	127	exclude	quota
0a9d9412bd58a8e7	art	128	exclude	quota
c8abe10f09228aca	art	129	exclude	unsafe-character
0d4721c006a67ea5	art	130	exclude	quota
31a1f24bce6b9ee7	art	131	retain	balanced-editorial-quota
46db89c16efcf6d4	art	132	retain	balanced-editorial-quota
e0f3e35eee9ed9e7	art	133	exclude	quota
6f94fd2e0eb3a074	art	134	exclude	quota
9f5aaf41efd62f51	art	135	exclude	violence-or-death
f42bd8d8371a0285	art	136	exclude	quota
14f5431f166189a9	art	137	retain	balanced-editorial-quota
9fe1a8f67f7e74da	art	138	retain	balanced-editorial-quota
263a9308aced3729	art	139	exclude	quota
215bf340f434fd25	art	140	retain	balanced-editorial-quota
79e4999150040ae1	art	141	exclude	quota
ffbdfa202458bfed	art	142	exclude	violence-or-death
3936aa83eb049a83	art	143	exclude	quota
1e94929efde2b444	art	144	exclude	quota
42885c299b72213c	art	145	exclude	quota
c7dca2d9d8454633	art	146	exclude	quota
8fcca38bd5797f0f	art	147	exclude	quota
4de5174660a0dd6a	art	148	retain	balanced-editorial-quota
fb89f49d19678811	art	149	exclude	quota
741d6c5168b60e20	art	150	exclude	violence-or-death
6b3fce607ec5d95e	art	151	exclude	quota
abd452bc89017536	art	152	retain	balanced-editorial-quota
b37a63e8d7f09ee5	art	153	exclude	quota
044165fd0f37b874	art	154	exclude	violence-or-death
7ec00de99e887662	art	155	exclude	quota
103c9825848cbf3c	art	156	retain	balanced-editorial-quota
be050a22bc66a2fd	art	157	exclude	quota
7c7cd476e40d01f8	art	158	exclude	quota
28761c76e4f7d5e1	art	159	exclude	violence-or-death
db0003d83277f554	art	160	retain	balanced-editorial-quota
f86dbd1974c4339f	art	161	exclude	quota
0882838501496fe2	art	162	exclude	quota
349ffd6412eb3d5b	art	163	exclude	quota
d0fb2eaac1a22e31	art	164	retain	balanced-editorial-quota
488481b1b8d78714	art	165	retain	balanced-editorial-quota
b16a1bbd27098508	art	166	retain	balanced-editorial-quota
138f1324b689cf9f	art	167	exclude	quota
788269a156d4f2b1	art	168	exclude	quota
6d38b6964850b315	art	169	exclude	quota
ee996749050d5ce5	art	170	exclude	quota
8bb5932644ab8408	art	171	exclude	violence-or-death
03bbf2871f31dd8d	art	172	retain	balanced-editorial-quota
5393e1fa22b38211	art	173	exclude	violence-or-death
f20107835c218f8e	art	174	exclude	quota
d8cd8eae17969b1f	art	175	retain	balanced-editorial-quota
dc5b762431600b9a	art	176	retain	balanced-editorial-quota
525c4e690909b3bd	art	177	retain	balanced-editorial-quota
6e91175baa7bad5d	art	178	exclude	quota
c35d6d7c0fcd1bfd	art	179	exclude	quota
fb6c77bfc4773b53	art	180	exclude	quota
b4d19e29fad17967	art	181	retain	balanced-editorial-quota
a2c91b5500758fd5	art	182	exclude	quota
fd19e152d6b1e91b	art	183	exclude	quota
d90b832f2068ed14	art	184	retain	balanced-editorial-quota
b5412332242ec96b	art	185	retain	balanced-editorial-quota
03a106286e949444	art	186	retain	balanced-editorial-quota
214345a3439bc375	art	187	exclude	violence-or-death
c130f3e4b5ad23d1	art	188	exclude	quota
e32174d24998c01f	art	189	exclude	violence-or-death
d737c2cc5711e9a6	art	190	exclude	quota
19f5561f82be127c	art	191	exclude	quota
0e924826238ba0d3	art	192	retain	balanced-editorial-quota
1187ee5456fb0ebf	art	193	retain	balanced-editorial-quota
969cd6b6c0019018	art	194	exclude	quota
1affb47a259c0593	art	195	exclude	quota
de473dacf085927e	art	196	retain	balanced-editorial-quota
cb5d3db1d7c9151a	art	197	exclude	violence-or-death
596da1a9c6fd3a17	art	198	exclude	quota
6615e2be4f418117	art	199	retain	balanced-editorial-quota
4c1fceac7f6c821f	art	200	exclude	quota
eb77370092acc858	art	201	retain	balanced-editorial-quota
9e69426589e05a73	art	202	retain	balanced-editorial-quota
5bce4dc8d937feab	art	203	exclude	quota
a4d5faace31ddbcc	art	204	exclude	quota
8a216eaad7ddfeee	art	205	exclude	quota
cec3709aa12ebb29	art	206	exclude	quota
786a4a543e47a12b	art	207	exclude	violence-or-death
a95c6d9fed4dd120	art	208	retain	balanced-editorial-quota
1be177f7cfacc463	art	209	exclude	quota
bf0ec5d1c9355f9d	art	210	exclude	quota
fc1f0cce479b9ee9	art	211	exclude	quota
7499a8fdcffca8a4	art	212	exclude	quota
eb654da8267fbccc	art	213	exclude	quota
6832c86c077649d7	art	214	exclude	quota
0ea4a482534d600e	art	215	exclude	quota
5a2088291d4c61d9	art	216	exclude	quota
5242d1de7fbce420	art	217	retain	balanced-editorial-quota
107f59a3495a4d9b	art	218	exclude	quota
7ed91a44f7e5ae56	art	219	exclude	quota
e7e6afcf95d55b57	art	220	exclude	quota
702945b0d36425b2	art	221	exclude	presentation-length
86a586a51bfb9b2e	art	222	exclude	quota
31ec828e354b3214	art	223	exclude	quota
9f66bffd691a97a3	art	224	exclude	presentation-length
4246bc7c7bfd6db0	art	225	exclude	quota
47cec7cc21d01d59	art	226	exclude	quota
9dc644f455a96588	art	227	exclude	quota
7c7bce527fea4b7e	art	228	exclude	quota
483f9d0a83d34e9d	art	229	exclude	violence-or-death
1f92dc01f294535c	art	230	retain	balanced-editorial-quota
5e6f4127ac84efdf	art	231	exclude	quota
70c8ebc038061dbc	art	232	exclude	quota
29f0d985afcaa4ba	art	233	retain	balanced-editorial-quota
3b1724dfb8137c9c	art	234	exclude	quota
77ceff1d043be733	art	235	exclude	quota
e6e0300f46eedb2c	art	236	exclude	final-corpus-trim
5c6045a79b99780c	art	237	exclude	quota
43ff657f9211015f	art	238	retain	balanced-editorial-quota
c4b808153e008148	art	239	retain	balanced-editorial-quota
7ed0a93e4ce9911a	art	240	exclude	quota
37e61e8f45aeb08f	art	241	exclude	quota
3a351d6e1b55e61f	art	242	exclude	quota
e19b0259246c8cb5	art	243	exclude	quota
2f41ecabf220fa76	art	244	exclude	violence-or-death
534a2d7315db04be	art	245	exclude	quota
e6318bbbc1429fab	art	246	exclude	quota
395830bc3ca1a39e	art	247	exclude	quota
278c6d7d8fd9c4f9	art	248	retain	balanced-editorial-quota
f2e6af3e67254ac8	art	249	exclude	violence-or-death
3397aed92a756dee	art	250	exclude	presentation-length
f8d073bb3e8d8cf7	art	251	exclude	quota
b0123f38b5ecb867	art	252	exclude	quota
b6a4ac2cbf647b44	art	253	exclude	violence-or-death
8696bed25fdd6c55	art	254	exclude	quota
63281d343ee7df4e	art	255	exclude	quota
ea4903f76d416ceb	art	256	exclude	quota
d60b074c3407c69b	art	257	exclude	quota
27b4af9641307c64	art	258	retain	balanced-editorial-quota
a9d159874915e8e9	art	259	exclude	quota
0d74d2042d55f72e	art	260	exclude	quota
ec1a2e60f2c1717c	art	261	exclude	quota
49fc6bdc452d00e6	art	262	exclude	quota
150ce12e281fa8ed	art	263	exclude	presentation-length
ce9e28c31d00339d	art	264	exclude	violence-or-death
b4864a9e59a2c7e6	art	265	exclude	quota
0f2675c82922686e	art	266	retain	balanced-editorial-quota
87e4b93e76b2b3b6	art	267	exclude	violence-or-death
635447d079e78e36	art	268	retain	balanced-editorial-quota
2384f6842a24f8fc	art	269	exclude	quota
304f3d90f31e7035	art	270	exclude	quota
2cff25be513d22e7	art	271	retain	balanced-editorial-quota
c75bd1fb5e5e482b	art	272	exclude	quota
80b756cfc01e20f6	art	273	exclude	quota
3ae37f88ebb9292d	art	274	exclude	quota
232773e3b368c066	art	275	retain	balanced-editorial-quota
99c88119f785330d	art	276	retain	balanced-editorial-quota
37b834120a581b7c	art	277	exclude	quota
6f2f1ed8b3f042a3	art	278	exclude	presentation-length
b05a37c990a12c1c	art	279	exclude	violence-or-death
f587d46329b63740	art	280	exclude	quota
7c1a3f2c53f3a5b1	art	281	exclude	quota
22bcdbeb0f38abf6	art	282	exclude	quota
3b53128869731617	art	283	retain	balanced-editorial-quota
15939d344e6f9a63	art	284	retain	balanced-editorial-quota
4613cda55af0f884	art	285	exclude	quota
304dc9d53d96dad9	art	286	exclude	violence-or-death
bd04a599afdd1148	art	287	exclude	quota
fd37625a8b3ce159	art	288	exclude	quota
e5d9abcdc0dbd9b8	art	289	exclude	quota
cac3808dd61b21bd	art	290	exclude	quota
f6c72be038d0fad3	art	291	exclude	quota
1c78479e01ad493c	art	292	exclude	quota
1fd64e5289760c97	art	293	retain	balanced-editorial-quota
49ac6ad91395b183	art	294	exclude	quota
1260c891291b3239	art	295	retain	balanced-editorial-quota
82a870d1b60a4b52	art	296	retain	balanced-editorial-quota
214e478df8e69814	art	297	exclude	quota
260f45f9f2812215	art	298	exclude	quota
07d76499a7f0cb37	art	299	exclude	quota
8bbfe053ab0bbd95	art	300	exclude	quota
31a4e0d8f01863e6	art	301	exclude	quota
b03c2e9966d32594	art	302	exclude	quota
e722ded7d090514d	art	303	exclude	violence-or-death
fe4b70778f5b4119	art	304	exclude	violence-or-death
d69ff2142c2684a0	art	305	exclude	presentation-length
4698ca856d721e1a	art	306	retain	balanced-editorial-quota
be9b55106fbbc8a9	art	307	retain	balanced-editorial-quota
26e99b611ec99ebc	art	308	exclude	quota
62afd3a6027220f8	art	309	exclude	violence-or-death
0c67195af9fb9837	art	310	exclude	quota
25e652ee4dfa6fcf	art	311	exclude	quota
efff9d99c0109207	art	312	retain	balanced-editorial-quota
2bc01aa98a712fa5	art	313	exclude	quota
eb0e2d2c9438e4ff	art	314	exclude	violence-or-death
f56090e8dc848834	art	315	retain	balanced-editorial-quota
a4fb68303108093c	art	316	retain	balanced-editorial-quota
51ef6c338c75568d	art	317	exclude	quota
7019c9e552661cc4	art	318	retain	balanced-editorial-quota
243271e78bbf579f	art	319	exclude	quota
0c25a22cd64875c4	art	320	exclude	quota
b1fc0a65b20b59a7	art	321	exclude	quota
5ef5a7b8eaddbb13	art	322	exclude	sexual-or-identity-harm
3631402b91d90ce6	art	323	exclude	sexual-or-identity-harm
f1f2fe85e8de1811	art	324	exclude	quota
a27274df0da06f8c	art	325	exclude	quota
9907a8ac38b30d07	art	326	exclude	quota
7ba85fe8df5cf7f5	art	327	exclude	quota
e337839e06cc3f49	art	328	exclude	violence-or-death
3fdb8ad125f9f28e	art	329	retain	balanced-editorial-quota
e5a28cd8159d0db2	art	330	exclude	quota
17de3ae97cdb55a0	art	331	exclude	violence-or-death
e41857051f02769c	art	332	exclude	quota
300699059ff6fca1	art	333	exclude	violence-or-death
09b0a85a7464c057	art	334	exclude	violence-or-death
e5fe5c5590dd89fb	art	335	exclude	violence-or-death
78409eacae9cad5f	art	336	exclude	presentation-length
78f8cce7cb53fbb6	art	337	exclude	violence-or-death
9dd75b8ebbd20fb7	art	338	exclude	sexual-or-identity-harm
42c60551e9e6099c	art	339	exclude	violence-or-death
e3eddf35decb59f3	art	340	exclude	quota
bf1617e04b3a9d53	art	341	exclude	quota
b611d6ba0bb1b902	art	342	exclude	violence-or-death
4ac7fa4e77aac17f	art	343	exclude	violence-or-death
a14c601f2187b257	art	344	exclude	violence-or-death
7285dfd783ea05cb	art	345	exclude	violence-or-death
1eaf2c31ba8758c8	art	346	retain	balanced-editorial-quota
b34dc3226bbe5c58	art	347	exclude	quota
1b624db88c62c745	art	348	exclude	quota
6ea658a61a573fe8	art	349	retain	balanced-editorial-quota
964c5c65bb85938f	art	350	retain	balanced-editorial-quota
9f8e1456bd36323c	art	351	exclude	violence-or-death
ba6768c8606d7b56	art	352	exclude	quota
d74a70823126e386	art	353	exclude	quota
7c2255905f3c2589	art	354	exclude	quota
ec32ce0b664a738b	art	355	exclude	quota
a9935a6d210fad26	art	356	exclude	quota
297f309d33926c0e	art	357	retain	balanced-editorial-quota
28bce85b7b641062	art	358	exclude	quota
2773032d823e1feb	art	359	exclude	quota
2265396b16cb66d9	art	360	exclude	quota
2439377906b22ce4	art	361	retain	balanced-editorial-quota
e7c2d0760a81c7c6	art	362	retain	balanced-editorial-quota
c5096585bb8a2531	art	363	exclude	quota
d779353c7b9b174d	art	364	exclude	quota
52301ab4ffc76b54	art	365	exclude	quota
b40f737965459d67	art	366	retain	balanced-editorial-quota
5539d2285fe630fb	art	367	exclude	violence-or-death
5bb3331087f71d4d	art	368	retain	balanced-editorial-quota
5fb5c9b8188f9f04	art	369	exclude	presentation-length
5f5a1c4f66ad4f33	art	370	exclude	quota
8ff9887a33decb94	art	371	exclude	quota
1e11c7d5f3e85434	art	372	exclude	violence-or-death
0a2d75c829f6e198	art	373	exclude	quota
31e603985690d97f	art	374	exclude	quota
eb15f864e52e26ef	art	375	exclude	quota
b747bcd3b1f3473c	art	376	retain	balanced-editorial-quota
0320dee629816ee6	art	377	exclude	quota
f2133a5b8912cbbb	art	378	exclude	presentation-length
5aff00108e68a4a9	art	379	retain	balanced-editorial-quota
d58ca57eee560207	art	380	retain	balanced-editorial-quota
4265e2725f16a358	art	381	retain	balanced-editorial-quota
9ddadc6bf790c5e8	art	382	retain	balanced-editorial-quota
ef457d40d7fdaf29	art	383	exclude	quota
169e511f0f2dc9da	art	384	exclude	quota
5fe3ad066888c0f5	art	385	retain	balanced-editorial-quota
3cf40a81048e9445	art	386	exclude	unsafe-character
0a12df52fceabf0a	art	387	exclude	unsafe-character
18e0cf1597204c8f	art	388	exclude	quota
082f4aead0035850	art	389	retain	balanced-editorial-quota
4a8b05e44dbf5ea3	art	390	exclude	quota
cbe73e581d7fbf16	art	391	exclude	quota
aa6710f39730f8dc	art	392	exclude	quota
2ae8904f994b5e38	art	393	exclude	quota
e8f78b1787ada8dc	art	394	exclude	quota
e49a3449700c9f66	art	395	retain	balanced-editorial-quota
29819736de509235	art	396	exclude	quota
46e5699f4dd64a2b	art	397	exclude	quota
0f00c1fcff186ee7	art	398	exclude	quota
a86907107ebeb096	art	399	exclude	quota
39f6f55737a12431	art	400	retain	balanced-editorial-quota
6ec528e65df385d1	art	401	exclude	quota
14269df7b09f0776	art	402	retain	balanced-editorial-quota
0b8183d7c7146442	art	403	exclude	quota
2975e1ed512c611d	art	404	exclude	sexual-or-identity-harm
9a03f024ea189244	art	405	exclude	quota
4e3e565cbdf6070b	art	406	exclude	violence-or-death
aeebcd71bc529a78	art	407	retain	balanced-editorial-quota
f3632812c3f6112e	art	408	exclude	quota
b789117780d8c62b	art	409	retain	balanced-editorial-quota
825d8952459429ab	art	410	exclude	violence-or-death
c4531c187c454a06	art	411	exclude	violence-or-death
08f4cfd1a2fbd5c9	art	412	exclude	violence-or-death
e7e40eb738dd4a74	art	413	exclude	quota
9a5b28d307d9d5cf	art	414	exclude	quota
0d0a5b9de93c1ddf	art	415	exclude	unsafe-character
9a5162fd11db59c1	art	416	exclude	violence-or-death
07465684275cb53f	art	417	exclude	quota
10a2e2a998aa4203	art	418	exclude	quota
978c1f9f4f4b7405	art	419	exclude	violence-or-death
21c59e78771affca	art	420	exclude	violence-or-death
2bc16d9c57866c88	art	421	retain	balanced-editorial-quota
d7121df0dea21a5f	art	422	exclude	quota
5d2d7d568824075c	art	423	retain	balanced-editorial-quota
a21555d08adec0d1	art	424	exclude	quota
dc6cb8263a6c6b29	art	425	exclude	quota
d4554d0088570af1	art	426	retain	balanced-editorial-quota
023c3665a9a4b31a	art	427	retain	balanced-editorial-quota
d83e68b5fa04f6c9	art	428	exclude	quota
f4fbb51e0f98733b	art	429	exclude	quota
c41d054a0152bca0	art	430	retain	balanced-editorial-quota
bac8bc071299a4dd	art	431	exclude	violence-or-death
ae366c9773fa3757	art	432	exclude	quota
2f84f3e105e97d4b	art	433	exclude	quota
ed7d5ea454090d8d	art	434	exclude	violence-or-death
7bdb8544bc3a6a18	art	435	exclude	quota
bc22149b352bd758	art	436	exclude	quota
ae6e5324c6531d88	art	437	exclude	presentation-length
4a33aa8e33d010a7	art	438	retain	balanced-editorial-quota
766bcdf20cf41712	art	439	exclude	presentation-length
33bf245e26230168	art	440	exclude	presentation-length
ea5843ac55bc0b16	art	441	exclude	quota
a6865b50403ea9e8	art	442	exclude	quota
e386c2f4d0a62768	art	443	retain	balanced-editorial-quota
38ab77116f5ddd17	art	444	exclude	violence-or-death
85eb67f80318f881	art	445	retain	balanced-editorial-quota
313af0102cdedf57	art	446	exclude	quota
456cdcfe1b9367cd	art	447	retain	balanced-editorial-quota
3b24f700984fc3ef	art	448	retain	balanced-editorial-quota
7fd6a8ff8d45c3f9	art	449	retain	balanced-editorial-quota
0a6b31186bc1ed0f	art	450	exclude	quota
548a61e5af3da8d9	art	451	exclude	quota
0e4d7777fc88851d	art	452	retain	balanced-editorial-quota
f28c5aacdf0da1ae	art	453	retain	balanced-editorial-quota
8578e9d852f47ca5	art	454	exclude	quota
164ea59b714e48ad	art	455	exclude	violence-or-death
f36186a01c422926	art	456	retain	balanced-editorial-quota
a0a2f694866c6991	art	457	exclude	quota
7be8eb63116128c0	art	458	exclude	quota
6aada8165049b3e5	art	459	exclude	quota
c87678ca49effaf9	art	460	exclude	quota
bc36c3616377e081	ascii-art	1	exclude	low-text
bf1e55d4c0846138	ascii-art	2	exclude	presentation-length
2583268d06e4dd7f	ascii-art	3	exclude	presentation-length
b4f894580a1a8084	ascii-art	4	retain	balanced-editorial-quota
e2387e7e48333be2	ascii-art	5	retain	balanced-editorial-quota
2c1acb5aced8c80c	ascii-art	6	exclude	presentation-length
41a6b30e032455ab	ascii-art	7	exclude	low-text
5b56d1ff004586f3	ascii-art	8	exclude	low-text
dac7825d90b58fb3	ascii-art	9	exclude	presentation-length
a76bfecb7e14ce99	ascii-art	10	retain	balanced-editorial-quota
0ee13dbdae4853ea	computers	1	exclude	quota
e63c8b0c94c09ca3	computers	2	exclude	violence-or-death
4927354aaa1f469d	computers	3	exclude	quota
ae036570db76c200	computers	4	exclude	quota
0b36d2bc0a80a651	computers	5	exclude	quota
351f27b46f9011c3	computers	6	retain	balanced-editorial-quota
064ac96cc1d57e3f	computers	7	retain	balanced-editorial-quota
cd90c25ad24bb2bf	computers	8	retain	balanced-editorial-quota
ddf7435cfd885911	computers	9	exclude	presentation-length
dcca31e274d4d5c3	computers	10	retain	balanced-editorial-quota
99acdd8b5ff058fd	computers	11	retain	balanced-editorial-quota
389bce53edfea265	computers	12	retain	balanced-editorial-quota
91d1a322a5131a8d	computers	13	exclude	violence-or-death
5e456a56245522f7	computers	14	retain	balanced-editorial-quota
f7905a43ef14970b	computers	15	retain	balanced-editorial-quota
d353f3e4442e78fe	computers	16	exclude	quota
68c27d9727753fa9	computers	17	exclude	quota
bbc07fa0174c8083	computers	18	exclude	quota
c3722ff5647b68a5	computers	19	exclude	presentation-length
264757cdfa2094dd	computers	20	exclude	quota
a72698dc4c00eac0	computers	21	exclude	quota
0ceca6199fe2ee91	computers	22	retain	balanced-editorial-quota
99c7c3443e27b0a7	computers	23	retain	balanced-editorial-quota
1491ce80a9a2dc33	computers	24	retain	balanced-editorial-quota
1341fa0d2e876d50	computers	25	exclude	quota
626256aca25c4ac6	computers	26	exclude	quota
8dc1db420ae072ac	computers	27	exclude	quota
30762a32682cf78f	computers	28	exclude	quota
b9562568c077afdf	computers	29	exclude	quota
2c396a1fc980614d	computers	30	exclude	quota
3cd245373f0e3ae9	computers	31	exclude	presentation-length
cb825d5ce9d49f40	computers	32	exclude	presentation-length
3ea3e1151265d61f	computers	33	exclude	quota
36051d190e1e817f	computers	34	exclude	quota
bad304fde113b3c6	computers	35	exclude	presentation-length
d0f752c10eb76d59	computers	36	exclude	quota
3a0f17ab5e8e10b9	computers	37	exclude	quota
0850ddad5183a4ef	computers	38	retain	balanced-editorial-quota
97aa2fb776fd8a4f	computers	39	exclude	presentation-length
d1d8ce97089ae06c	computers	40	exclude	presentation-length
0471e155edf7aecd	computers	41	exclude	presentation-length
82c0e81683769a80	computers	42	exclude	quota
f3a32f71f4c14b8a	computers	43	exclude	presentation-length
065b61829c7a5d92	computers	44	exclude	violence-or-death
df3bea2fe3218b01	computers	45	exclude	quota
0a82c4dea935917e	computers	46	exclude	quota
dba13c94090a2d78	computers	47	retain	balanced-editorial-quota
2ac9186647f9776f	computers	48	exclude	presentation-length
bf1c844c481d09fc	computers	49	exclude	presentation-length
3e5d0d51dedc0347	computers	50	exclude	violence-or-death
18eb93a952a93d61	computers	51	retain	balanced-editorial-quota
fbfe46457cc69d49	computers	52	exclude	quota
900713278a3f0ef0	computers	53	exclude	quota
e728e4868e091581	computers	54	exclude	presentation-length
34486a0a078f3c75	computers	55	exclude	quota
1d0385cfb2d29f7e	computers	56	exclude	quota
7873721386a60be5	computers	57	exclude	quota
b8c2307f5e48a8d6	computers	58	retain	balanced-editorial-quota
a54fcfa4ca0a94a9	computers	59	exclude	quota
f146355060b20ad1	computers	60	retain	balanced-editorial-quota
dc871e9e03923fa2	computers	61	exclude	violence-or-death
d5cf4e36eb48d65c	computers	62	exclude	quota
79274813c060ad91	computers	63	exclude	quota
2e0fe97b0a26b73f	computers	64	exclude	quota
ea454e421159d651	computers	65	exclude	quota
e81a5933f8d3c275	computers	66	exclude	violence-or-death
15b96bedda5fe42a	computers	67	exclude	quota
8870a9ac53a37edc	computers	68	exclude	quota
0a85e7cf159f43f3	computers	69	retain	balanced-editorial-quota
373f240143d2ff2e	computers	70	exclude	quota
a34d8c81bce146ad	computers	71	retain	balanced-editorial-quota
a213afd3f92177d2	computers	72	exclude	quota
74c642a276a43676	computers	73	exclude	presentation-length
65a587d4689dc51e	computers	74	exclude	presentation-length
fc8a5f3d93eacae8	computers	75	exclude	presentation-length
68da1a955826e77a	computers	76	exclude	violence-or-death
f2dddf1d21bc2da0	computers	77	exclude	presentation-length
88c46dcee9c8ce1e	computers	78	exclude	quota
54a900de0c481ad5	computers	79	exclude	violence-or-death
f78f1fb14e91dcb5	computers	80	exclude	quota
1eda8cf520c99568	computers	81	exclude	quota
f26308b6f2c24412	computers	82	exclude	quota
7083f3eebeb93b17	computers	83	retain	balanced-editorial-quota
263c52e180dc2e8e	computers	84	retain	balanced-editorial-quota
84333d722b54478e	computers	85	exclude	quota
dc618081735ca3c6	computers	86	exclude	presentation-length
b259750d637236fa	computers	87	retain	balanced-editorial-quota
2b5de17fb9f11649	computers	88	retain	balanced-editorial-quota
7e6860aa1b1ece3a	computers	89	exclude	unsafe-character
6b3bfe1411ed8145	computers	90	exclude	quota
b84dfd1d6783def6	computers	91	retain	balanced-editorial-quota
1eaefb2e80d49825	computers	92	exclude	quota
ce24812d633a3ca2	computers	93	retain	balanced-editorial-quota
2484bbf0664dc0f0	computers	94	retain	balanced-editorial-quota
64923d88647422aa	computers	95	retain	balanced-editorial-quota
f636e13032df63c4	computers	96	retain	balanced-editorial-quota
1aac8e5e53ac0493	computers	97	exclude	quota
73fdefdc60a4a22c	computers	98	exclude	quota
166238cbd438ebb6	computers	99	exclude	quota
d0c643a7682498bc	computers	100	exclude	quota
39e548fe43218faa	computers	101	exclude	quota
a428fffbce58f1de	computers	102	exclude	quota
b66a10af121a5b2d	computers	103	exclude	quota
15256462b38c4713	computers	104	exclude	quota
29ca80bcb099abf2	computers	105	exclude	quota
7c97fae00829412f	computers	106	retain	balanced-editorial-quota
e061de0d62ad7fec	computers	107	exclude	quota
79c7d96627b095fd	computers	108	exclude	violence-or-death
923f0919f9805c23	computers	109	exclude	presentation-length
f178df0794d4ca16	computers	110	retain	balanced-editorial-quota
3d4d3aa5f81066b1	computers	111	retain	balanced-editorial-quota
944c143def381430	computers	112	retain	balanced-editorial-quota
e1a8f22f5373ada6	computers	113	retain	balanced-editorial-quota
9cf552ac840f20ad	computers	114	exclude	presentation-length
faf2f8d5614b7be2	computers	115	exclude	quota
bf9ed4ebd637ff76	computers	116	exclude	quota
19d59ea09e83ac27	computers	117	exclude	quota
2d73b6beb67b4fe6	computers	118	retain	balanced-editorial-quota
a73b2c7985ca7744	computers	119	retain	balanced-editorial-quota
0edf8bf72b899aa0	computers	120	exclude	final-corpus-trim
111edc058c7a2ea7	computers	121	exclude	quota
60c99fdac1bcda74	computers	122	exclude	unsafe-character
4e8556d8e8fa9b50	computers	123	retain	balanced-editorial-quota
ce02bcb6a84991b6	computers	124	exclude	quota
740cf3f94778e177	computers	125	exclude	presentation-length
2e67363e5574a0f5	computers	126	exclude	quota
cf0aa480bc55f5b3	computers	127	retain	balanced-editorial-quota
845d975a61a38443	computers	128	retain	balanced-editorial-quota
d93c42630d00a211	computers	129	retain	balanced-editorial-quota
9f0faf6d2c85d782	computers	130	retain	balanced-editorial-quota
0ed280ec117b37a9	computers	131	retain	balanced-editorial-quota
c4e9aaddd872ecf2	computers	132	exclude	quota
866ba644e1f55a16	computers	133	retain	balanced-editorial-quota
4db3dcdc80b0b7e3	computers	134	exclude	body-size-weight-or-diet-humor
ada2ab99a96f1a6a	computers	135	retain	balanced-editorial-quota
a6f88a71ebad63e8	computers	136	retain	balanced-editorial-quota
14d1efad609f3adb	computers	137	exclude	quota
a74f5d21bf4630d4	computers	138	retain	balanced-editorial-quota
53c895fa57b683f3	computers	139	exclude	presentation-length
e93fa49ad067837f	computers	140	exclude	quota
2c730597ad7cad0e	computers	141	exclude	presentation-length
f8fc7332ebe1294d	computers	142	exclude	quota
42fefd816a10d625	computers	143	exclude	quota
f6ad78935bea1d6f	computers	144	exclude	quota
cabd5a625963b82c	computers	145	exclude	quota
85abb9005bae6fca	computers	146	exclude	quota
a56482237a84a4d7	computers	147	retain	balanced-editorial-quota
7a375ef8fab93ad5	computers	148	exclude	final-corpus-trim
c66965868ef25dc4	computers	149	exclude	quota
c9e8c85542bba0ef	computers	150	exclude	violence-or-death
251b9a17817323e9	computers	151	retain	balanced-editorial-quota
a15e8389b744a446	computers	152	exclude	quota
7607a1dbe74b209e	computers	153	exclude	quota
198a505bbadacece	computers	154	retain	balanced-editorial-quota
5347fb3ac9c009a7	computers	155	exclude	quota
9838c444069919df	computers	156	retain	balanced-editorial-quota
4b79227c5d3ee4a1	computers	157	exclude	presentation-length
3e4659fdf308ccf7	computers	158	exclude	quota
cff294f5243bb8f8	computers	159	exclude	presentation-length
3413d081ea788472	computers	160	exclude	violence-or-death
59570e1afcb4af19	computers	161	exclude	quota
716477c397a06a43	computers	162	retain	balanced-editorial-quota
29f8f3abc4c98513	computers	163	exclude	unsafe-character
2697614d142b95a0	computers	164	exclude	unsafe-character
47a9549788c198e7	computers	165	retain	balanced-editorial-quota
1a5d36a587a6eff5	computers	166	retain	balanced-editorial-quota
316dcbe13e90ccdf	computers	167	retain	balanced-editorial-quota
f3bc3967c195f98e	computers	168	retain	balanced-editorial-quota
9af743868853c982	computers	169	exclude	quota
625d8a79b981ce06	computers	170	retain	balanced-editorial-quota
8e4df125675c9737	computers	171	exclude	quota
ff10465f4ec6a40a	computers	172	retain	balanced-editorial-quota
2e25aa0536aab80e	computers	173	exclude	violence-or-death
29badfd96a7f9cc5	computers	174	exclude	quota
d8d2f233a7d90751	computers	175	exclude	quota
5686f2620f4af1a9	computers	176	exclude	quota
55638c28a4c5e82b	computers	177	retain	balanced-editorial-quota
a159523b0d6f4363	computers	178	exclude	violence-or-death
1535b74fc0c09ac7	computers	179	retain	balanced-editorial-quota
c3d378baf97762f4	computers	180	retain	balanced-editorial-quota
56deb5113707a33f	computers	181	retain	balanced-editorial-quota
4985b265dcd7f0ab	computers	182	retain	balanced-editorial-quota
9874d4f7b60c6d8d	computers	183	retain	balanced-editorial-quota
f5c514f13dbdfaa9	computers	184	exclude	quota
6aca79e31cbcb498	computers	185	retain	balanced-editorial-quota
d6f68bcd63ddcaec	computers	186	exclude	quota
ceddfdc52b0d2cbe	computers	187	retain	balanced-editorial-quota
df1bb0a55b28638e	computers	188	exclude	quota
90c9f493f2184b75	computers	189	retain	balanced-editorial-quota
2213e9f7e850247c	computers	190	exclude	presentation-length
7a9f1cd659784a99	computers	191	exclude	quota
b393c16098a7d0b4	computers	192	retain	balanced-editorial-quota
4dc0e3409293083c	computers	193	retain	balanced-editorial-quota
0bcbe366619c40b4	computers	194	exclude	quota
70c167b22e8880ac	computers	195	exclude	final-corpus-trim
3b62cc6a693b4494	computers	196	exclude	quota
3b62cc6a693b4494	computers	197	exclude	duplicate
bd334699e024d9eb	computers	198	exclude	quota
3a30e9f09d900fc6	computers	199	exclude	sexual-or-identity-harm
7c8e9f75df538561	computers	200	exclude	presentation-length
07cf6545b30bcf87	computers	201	exclude	quota
0fd5117d6e58080c	computers	202	exclude	quota
dd0c0558bb8b8694	computers	203	exclude	quota
ee0a5cccfdd5ca79	computers	204	exclude	violence-or-death
31b1c4349f2ca2c1	computers	205	exclude	presentation-length
a24b839009f3e710	computers	206	exclude	quota
62e1b7121fe57514	computers	207	exclude	presentation-length
a9cc28ea3e8c092b	computers	208	exclude	quota
9850651641162e3b	computers	209	exclude	quota
f4a76da38aa0ea0a	computers	210	exclude	violence-or-death
4398030ea70d1874	computers	211	exclude	quota
caf77cc4f104f749	computers	212	exclude	quota
84dcde68d8164dbb	computers	213	retain	balanced-editorial-quota
7de7911ab2187e8a	computers	214	exclude	quota
ced96bf4ac838fac	computers	215	retain	balanced-editorial-quota
f5efe93c8da6e984	computers	216	exclude	quota
6764c542643c05a9	computers	217	exclude	quota
c1a229e2b8c3eccf	computers	218	exclude	quota
880f1853f32df55c	computers	219	exclude	quota
4f654ea143779d5c	computers	220	exclude	quota
33a55f5b31b5c3cf	computers	221	exclude	presentation-length
7bb0e07767e5f040	computers	222	exclude	quota
d7c54b96982fab3f	computers	223	retain	balanced-editorial-quota
05d6c825e88e6011	computers	224	retain	balanced-editorial-quota
1ffc47d137500795	computers	225	retain	balanced-editorial-quota
6f155b1f3ce8e8da	computers	226	retain	balanced-editorial-quota
a4d5bc0151840db3	computers	227	exclude	presentation-length
a964543ba891148f	computers	228	exclude	quota
339b0401f75d89a3	computers	229	exclude	sexual-or-identity-harm
45542b30f11255d6	computers	230	retain	balanced-editorial-quota
c3ab931d14461b40	computers	231	exclude	quota
4497a41d7e267128	computers	232	retain	balanced-editorial-quota
9ad6bc4748a72db6	computers	233	exclude	quota
3d1512afc0bd3a3a	computers	234	exclude	quota
21f3f6793460229d	computers	235	exclude	quota
8ab829e5b908d946	computers	236	exclude	quota
f3be9fbaf09d1f24	computers	237	exclude	quota
f9d16beffe1558c3	computers	238	retain	balanced-editorial-quota
59e6ccf4bc34a6c0	computers	239	exclude	unsafe-character
8e2652935cd9cefc	computers	240	exclude	presentation-length
7b182c2c25bfd28b	computers	241	exclude	quota
b2aacdd94c2ceb69	computers	242	exclude	presentation-length
1a0dad8d18aaa77c	computers	243	retain	balanced-editorial-quota
8a1ed0c948e9349b	computers	244	exclude	presentation-length
bc69f123b4c1216d	computers	245	exclude	quota
e8590afc8e5373c0	computers	246	retain	balanced-editorial-quota
48fe43b02c22a017	computers	247	exclude	quota
f02a2ccc7dfe714e	computers	248	exclude	presentation-length
93a1dbd9c006b192	computers	249	exclude	quota
8c3232176f77e085	computers	250	retain	balanced-editorial-quota
46bb538155241d32	computers	251	exclude	sexual-or-identity-harm
3a82f261ea6999c6	computers	252	exclude	quota
aaedb959add52665	computers	253	retain	balanced-editorial-quota
89bc6a9ab55d7807	computers	254	exclude	violence-or-death
b87542ed126552ec	computers	255	exclude	quota
213b8455fed6040d	computers	256	retain	balanced-editorial-quota
8dce4059a61b5239	computers	257	retain	balanced-editorial-quota
5ee2e45e1b8a8631	computers	258	exclude	quota
66502449a97304af	computers	259	retain	balanced-editorial-quota
2943b72ede5d5616	computers	260	exclude	unsafe-character
07d85fab8d491484	computers	261	retain	balanced-editorial-quota
bf3519d11d4316f1	computers	262	retain	balanced-editorial-quota
65c7d72627f3c341	computers	263	exclude	quota
6fd53f650658a002	computers	264	retain	balanced-editorial-quota
5e844bfa35e630cc	computers	265	exclude	presentation-length
aa1b493f7a413bac	computers	266	exclude	quota
67563b15e0d49c4e	computers	267	exclude	quota
9a5235d83291cd7e	computers	268	exclude	presentation-length
6c4fdfa144adbf52	computers	269	exclude	quota
ff1c2e25a2b75de2	computers	270	retain	balanced-editorial-quota
cd635906934a033a	computers	271	exclude	quota
58af7e71d257c5ca	computers	272	exclude	quota
f2e2f6457b535d6f	computers	273	exclude	quota
15515455f6fba119	computers	274	exclude	quota
1cfd3b8fc3802ebb	computers	275	retain	balanced-editorial-quota
cf17b7274c430538	computers	276	exclude	sexual-or-identity-harm
ee1f64d28932d134	computers	277	exclude	quota
9421acefbf02f54c	computers	278	exclude	violence-or-death
00e6a3af192408e8	computers	279	retain	balanced-editorial-quota
ec5c908a60403c28	computers	280	exclude	quota
ca42958fa7d75d2d	computers	281	exclude	presentation-length
9a3f013abf9c5a32	computers	282	exclude	quota
abcbcc0ec3066a2e	computers	283	exclude	presentation-length
18bfc92639ef28e1	computers	284	exclude	quota
0126000415f281ac	computers	285	exclude	presentation-length
d5a3aa553d70acb2	computers	286	exclude	quota
acd302f8b610dbf3	computers	287	exclude	quota
9d29e47902283b12	computers	288	retain	balanced-editorial-quota
b128d0f6fe6b5df4	computers	289	exclude	quota
dc4933acdfa211da	computers	290	exclude	unsafe-character
4ed4cebd821a2615	computers	291	exclude	quota
7494b1c9a5db4f46	computers	292	exclude	quota
8b3a5edbe82472cb	computers	293	retain	balanced-editorial-quota
9e8c80208fad57ef	computers	294	exclude	quota
393b00d07ff49d25	computers	295	exclude	quota
253c5cfa4d5e36d5	computers	296	retain	balanced-editorial-quota
02752abfd3cf3abe	computers	297	exclude	presentation-length
5d83925164e77b41	computers	298	retain	balanced-editorial-quota
e7afe9074c13076a	computers	299	exclude	quota
6aabb59d12ee02cd	computers	300	retain	balanced-editorial-quota
91212d9fea8eb884	computers	301	exclude	quota
eccdd5deb93c0404	computers	302	exclude	quota
d756ee6cb27e9ceb	computers	303	exclude	quota
23e5c301830b293e	computers	304	exclude	presentation-length
b43962003281da7d	computers	305	exclude	quota
716ce8412c2fb3f4	computers	306	exclude	quota
40b5c11cf0bee701	computers	307	retain	balanced-editorial-quota
3029b16532e4070b	computers	308	retain	balanced-editorial-quota
17eace28f25c5e69	computers	309	exclude	quota
b703baea20cc9a8b	computers	310	retain	balanced-editorial-quota
47a43b90dd517bff	computers	311	retain	balanced-editorial-quota
2a9764a00ffaee16	computers	312	retain	balanced-editorial-quota
b1fffab1a301f5a6	computers	313	exclude	quota
9670a5a4eb6a28fb	computers	314	retain	balanced-editorial-quota
17a7c6fdaae5d82a	computers	315	retain	balanced-editorial-quota
db7cb1af330e7f16	computers	316	exclude	presentation-length
cb18933fb725a9fc	computers	317	exclude	quota
435bdbb89c2943c0	computers	318	exclude	quota
b1df32c02c814dfc	computers	319	retain	balanced-editorial-quota
a169e371a1842557	computers	320	retain	balanced-editorial-quota
14c2354d1e17e123	computers	321	exclude	quota
04832d531452d148	computers	322	retain	balanced-editorial-quota
0c0e883e439fe49e	computers	323	retain	balanced-editorial-quota
17fd4cf9a2c1c50a	computers	324	exclude	quota
f662ef1fa5ca891f	computers	325	exclude	unsafe-character
e65ad6dc5fea8431	computers	326	retain	balanced-editorial-quota
64d9f24d6b3619c5	computers	327	exclude	presentation-length
8d657161d437c8be	computers	328	exclude	quota
293c6b36425e57b7	computers	329	exclude	quota
e63bc26d16b19969	computers	330	retain	balanced-editorial-quota
dec6406678fbf20b	computers	331	exclude	quota
3806b51add40f445	computers	332	exclude	quota
d852cb88d9578b46	computers	333	retain	balanced-editorial-quota
7aa83ec8f4c0417b	computers	334	exclude	quota
464eaf322ccbf016	computers	335	exclude	quota
47e7c60591d760d9	computers	336	exclude	quota
e1ec967d53fd9e0b	computers	337	exclude	quota
dfbe6e9e892e8cb3	computers	338	exclude	quota
3d08b1cd5f543c03	computers	339	exclude	quota
918f07dd621e1caf	computers	340	exclude	presentation-length
43664e0a7a870c09	computers	341	exclude	quota
460f0a6a4d056bf5	computers	342	retain	balanced-editorial-quota
beee7d3e506bd939	computers	343	retain	balanced-editorial-quota
470c9eb03b8f434e	computers	344	retain	balanced-editorial-quota
1d782acc33a123e8	computers	345	exclude	presentation-length
ee369d6451d08a90	computers	346	exclude	quota
9dd38deb01fa6371	computers	347	retain	balanced-editorial-quota
b23a0644649df4c7	computers	348	exclude	quota
c0a8c17b95f7f216	computers	349	retain	balanced-editorial-quota
d036374d589a03eb	computers	350	exclude	unsafe-character
4e9e45102bc760b2	computers	351	retain	balanced-editorial-quota
72d5ae412d3e2737	computers	352	exclude	violence-or-death
db6d19436c461ab1	computers	353	exclude	quota
203750e62857ffe9	computers	354	exclude	quota
acc83aa0e0ce1070	computers	355	retain	balanced-editorial-quota
d72767a46535acf9	computers	356	retain	balanced-editorial-quota
7d1387ee623f77c1	computers	357	retain	balanced-editorial-quota
0a4ddb85d6d66465	computers	358	exclude	quota
9db8cffb2499c330	computers	359	exclude	unsafe-character
936240fe0697971d	computers	360	retain	balanced-editorial-quota
76a96fa79177f1d4	computers	361	retain	balanced-editorial-quota
d73768a465dd72c9	computers	362	exclude	quota
b7f36def2807e505	computers	363	retain	balanced-editorial-quota
2cd6c8c6234e5284	computers	364	exclude	violence-or-death
9173b80a130391e3	computers	365	exclude	quota
dbbaf5a808649d3e	computers	366	retain	balanced-editorial-quota
d60bda4a64356caf	computers	367	retain	balanced-editorial-quota
726c6b4f93b40894	computers	368	retain	balanced-editorial-quota
dbf0c90344161631	computers	369	exclude	quota
5a970bfbd1952340	computers	370	exclude	presentation-length
a24601cba2c95602	computers	371	exclude	quota
583e66f968ed0558	computers	372	retain	balanced-editorial-quota
9b7906bf289c260e	computers	373	retain	balanced-editorial-quota
3c967975e2f8b237	computers	374	retain	balanced-editorial-quota
ddd73a9cd3310620	computers	375	retain	balanced-editorial-quota
025bb061cd88fca2	computers	376	exclude	quota
d3dc5db6ce5a119d	computers	377	exclude	quota
2599c64e66e0c8a1	computers	378	retain	balanced-editorial-quota
734920eeba99f2b0	computers	379	retain	balanced-editorial-quota
cef821d33871837e	computers	380	exclude	violence-or-death
216794609956818a	computers	381	exclude	quota
257e43ccb85ed50b	computers	382	exclude	quota
a76ab59308d6102a	computers	383	exclude	quota
014ca55c869541ea	computers	384	exclude	quota
a85c2115713ac223	computers	385	retain	balanced-editorial-quota
cc9ff3d00810fd64	computers	386	exclude	presentation-length
c6f5a74d5a4b4b9e	computers	387	retain	balanced-editorial-quota
35a43a43d5df0d65	computers	388	exclude	quota
b1d65d8c0fb8b82b	computers	389	exclude	violence-or-death
16e0aca58924817e	computers	390	retain	balanced-editorial-quota
d38ce5ee49ab7970	computers	391	exclude	quota
56100c5354f3e31c	computers	392	exclude	quota
305dd241bb54a0c9	computers	393	exclude	quota
33c1e646d1ace7c2	computers	394	exclude	quota
2ba64b171b4c5b94	computers	395	exclude	presentation-length
a4e17ac745296bef	computers	396	exclude	quota
cd76521a9b177d76	computers	397	retain	balanced-editorial-quota
323d60026a18e0c5	computers	398	exclude	quota
d4a7b1e64be78a27	computers	399	retain	balanced-editorial-quota
d37acb2276ff10d8	computers	400	retain	balanced-editorial-quota
f0b12af838e4d3ce	computers	401	retain	balanced-editorial-quota
156d80857f81b07d	computers	402	retain	balanced-editorial-quota
b64b5cc6a2bf592d	computers	403	retain	balanced-editorial-quota
a939018c2cc94fa6	computers	404	exclude	quota
198aadcf1161d2de	computers	405	exclude	violence-or-death
1ed0baf6693e6f26	computers	406	retain	balanced-editorial-quota
b507d71c64b196df	computers	407	retain	balanced-editorial-quota
f8dc41fa1f02c4ef	computers	408	exclude	quota
72c6b7c8f2cd1190	computers	409	exclude	quota
5e0e511393b8332a	computers	410	exclude	quota
c0a1ae1e3e94ad87	computers	411	exclude	presentation-length
4504a52fcdfdfe20	computers	412	retain	balanced-editorial-quota
2fddae798dde18a2	computers	413	exclude	quota
241f6e79de5b88b0	computers	414	exclude	quota
d9eff0163ff4bb02	computers	415	exclude	quota
171dba7ca6ba3e0d	computers	416	retain	balanced-editorial-quota
de44d72559e3abec	computers	417	exclude	quota
3380511294a0423c	computers	418	exclude	presentation-length
502da752f9e620a7	computers	419	retain	balanced-editorial-quota
08f52a87a6d052b9	computers	420	retain	balanced-editorial-quota
43d41a4599265285	computers	421	exclude	presentation-length
07063650ea83f7cd	computers	422	retain	balanced-editorial-quota
83ade705027f16c3	computers	423	exclude	violence-or-death
0090e22e0db25d0a	computers	424	retain	balanced-editorial-quota
322123a6828c308b	computers	425	exclude	violence-or-death
fbdbb3d983b42866	computers	426	exclude	presentation-length
216ddc504722bd7e	computers	427	exclude	quota
a68561828e949445	computers	428	retain	balanced-editorial-quota
863db779d414df09	computers	429	retain	balanced-editorial-quota
7d5d3711bdda5914	computers	430	exclude	quota
ccf386e2a30f16f9	computers	431	retain	balanced-editorial-quota
8da092ee94339c0e	computers	432	exclude	quota
e9f8a4cc2eb96b40	computers	433	exclude	quota
a612fad69fdf9125	computers	434	exclude	quota
68a7289a668f4bad	computers	435	retain	balanced-editorial-quota
27510b93c082a32f	computers	436	exclude	quota
11c613ad38616555	computers	437	exclude	unsafe-character
78559764f6bac94c	computers	438	exclude	quota
23bc9142e90e2ead	computers	439	exclude	quota
8208bd9ac5618b0d	computers	440	retain	balanced-editorial-quota
7e489243ac927ee7	computers	441	retain	balanced-editorial-quota
27c9a1880f9cb00b	computers	442	exclude	quota
64ac3e797f1afbf2	computers	443	exclude	quota
32bd6557a66cfc52	computers	444	retain	balanced-editorial-quota
a1148ae56a3ac0ed	computers	445	exclude	violence-or-death
e909dbd06af4faee	computers	446	exclude	quota
f3c4a55bd62738da	computers	447	retain	balanced-editorial-quota
e09a3947f9b37fe9	computers	448	exclude	quota
27b99e925e021520	computers	449	exclude	quota
364a12b5a9194670	computers	450	exclude	presentation-length
7beced0d43e75614	computers	451	exclude	quota
00ab3e695ddb798e	computers	452	exclude	presentation-length
e3860c585bd5b4a1	computers	453	exclude	unsafe-character
53680e9c086b718f	computers	454	exclude	presentation-length
be65d38f54ab7db3	computers	455	retain	balanced-editorial-quota
b327a32b3a4dfaff	computers	456	exclude	violence-or-death
6eb0164d5f4343f3	computers	457	exclude	quota
2a9cbbb68e33e17a	computers	458	retain	balanced-editorial-quota
61fdbd069534f3f1	computers	459	retain	balanced-editorial-quota
37c344b87c73b5dc	computers	460	exclude	quota
acda8bcdbb412240	computers	461	retain	balanced-editorial-quota
9f350e1f21802dc5	computers	462	exclude	quota
92d06b12885b14da	computers	463	exclude	violence-or-death
c2be6ac4d3c8e32f	computers	464	exclude	presentation-length
251ff7108cb60dc7	computers	465	retain	balanced-editorial-quota
9b13054d83c5d083	computers	466	exclude	presentation-length
a6cb7e3cbe8611e1	computers	467	exclude	quota
50ed924e456f6360	computers	468	exclude	quota
bae2f69d2dc73bfe	computers	469	retain	balanced-editorial-quota
a3d7a08ee2fc1824	computers	470	exclude	quota
d597a5eec327d442	computers	471	exclude	quota
e5c5a6bc633acbc1	computers	472	retain	balanced-editorial-quota
0f9657b68fa5153b	computers	473	retain	balanced-editorial-quota
1e56f8dd5510626a	computers	474	exclude	quota
e9134174a5fb5bef	computers	475	retain	balanced-editorial-quota
1a24cfddd6a7aa87	computers	476	exclude	quota
689ebc88a0dfcf4b	computers	477	exclude	quota
04ebebe2d653d649	computers	478	exclude	sexual-or-identity-harm
2ebc8e1387d75fad	computers	479	retain	balanced-editorial-quota
c4fd063be8c85899	computers	480	exclude	quota
978a9de9177f303f	computers	481	exclude	quota
1be9474c3fd68ca1	computers	482	retain	balanced-editorial-quota
bc92138566b3b58e	computers	483	retain	balanced-editorial-quota
93d3df97375c1fde	computers	484	exclude	quota
4e3ab4d8f16fd02c	computers	485	exclude	violence-or-death
31edbb5965241e7f	computers	486	exclude	quota
27ecb57cd88c6614	computers	487	exclude	quota
1ec2f3dcf2739fb9	computers	488	retain	balanced-editorial-quota
4032042cf1a34ea1	computers	489	retain	balanced-editorial-quota
fa3ecd0fd1627abb	computers	490	retain	balanced-editorial-quota
16b633a6cc715c5e	computers	491	exclude	quota
ab5deb5a1d3fbfc7	computers	492	exclude	violence-or-death
84328102a24b833e	computers	493	retain	balanced-editorial-quota
cd3b3362c59cd5b0	computers	494	exclude	quota
fd896587801983f2	computers	495	exclude	quota
ee27499d6fba1e52	computers	496	exclude	violence-or-death
51f382ab40ac4e1d	computers	497	exclude	quota
fd8f40cc267b0639	computers	498	exclude	quota
eb8bc5ea11ca92a1	computers	499	exclude	violence-or-death
7b45b4d8b37f011b	computers	500	exclude	quota
f0c0cc7b535612e1	computers	501	retain	balanced-editorial-quota
2bae9af3e64d535e	computers	502	exclude	quota
c23d43ec25bd5e9a	computers	503	retain	balanced-editorial-quota
8f76f3e7cf754169	computers	504	retain	balanced-editorial-quota
54e9b566f8d28271	computers	505	exclude	quota
4f2fccb38c512151	computers	506	exclude	quota
c60276cc9c6eb0b7	computers	507	retain	balanced-editorial-quota
7e3f953c1d01efdb	computers	508	exclude	quota
43e2c53e21c81dbe	computers	509	exclude	sexual-or-identity-harm
e8b1ca2dd564ba33	computers	510	retain	balanced-editorial-quota
dc17ca7f46b2a4d5	computers	511	exclude	quota
e4edb2afe54445a8	computers	512	exclude	quota
107cbeaab8c40ff8	computers	513	exclude	quota
5f55a879b1543879	computers	514	exclude	presentation-length
c5b1567e15d08305	computers	515	exclude	quota
d7d075bb3dffb70a	computers	516	exclude	presentation-length
8c9a729f0539eb83	computers	517	exclude	quota
0bda6b1cabc536a0	computers	518	retain	balanced-editorial-quota
5307eda7a3375c1b	computers	519	exclude	quota
86e75fefe9efe45d	computers	520	retain	balanced-editorial-quota
b57511680a3451b6	computers	521	retain	balanced-editorial-quota
a9ca3e0f383fec6d	computers	522	exclude	quota
15d858acc7dc3269	computers	523	retain	balanced-editorial-quota
8aa079d5cc9a8f56	computers	524	exclude	quota
75a5d45256559d2c	computers	525	retain	balanced-editorial-quota
73035ba34cc7b859	computers	526	retain	balanced-editorial-quota
676f4d4df801ca18	computers	527	exclude	presentation-length
a78fc65c732e8f2c	computers	528	exclude	presentation-length
a9d502353b690e83	computers	529	exclude	violence-or-death
bdd132c77cba513b	computers	530	exclude	violence-or-death
6e3b5022adea1873	computers	531	exclude	presentation-length
62b82305f52f8809	computers	532	exclude	presentation-length
cc4567e93b13d5d2	computers	533	retain	balanced-editorial-quota
4696b9d9fc684432	computers	534	exclude	violence-or-death
10d063769d7f3b3c	computers	535	exclude	quota
0bfa1faaf751d1fc	computers	536	exclude	presentation-length
88828e5a423d04cf	computers	537	exclude	quota
f5e19aeaf151e6ae	computers	538	exclude	presentation-length
06f5ff5f72ae08a2	computers	539	exclude	violence-or-death
bbfa78c3e3818181	computers	540	exclude	violence-or-death
bdc16aef5c8b3d21	computers	541	exclude	violence-or-death
d4b5b59fd8ac9fbf	computers	542	exclude	quota
c7f298e66691d908	computers	543	retain	balanced-editorial-quota
76ae7a51b1a2798f	computers	544	exclude	quota
504b5b333a8a5b8f	computers	545	exclude	presentation-length
f141a330156b0c2b	computers	546	exclude	quota
15dcfc3c453f140a	computers	547	retain	balanced-editorial-quota
c6c6fa0356a37eea	computers	548	exclude	quota
09ffa1d5f6d3552a	computers	549	exclude	quota
ae6af242e0fe8c9f	computers	550	retain	balanced-editorial-quota
164f4a87c13a225e	computers	551	exclude	quota
6b50d8a8463537fd	computers	552	retain	balanced-editorial-quota
11c9726b2b991f2b	computers	553	exclude	presentation-length
f01726426b89b473	computers	554	retain	balanced-editorial-quota
a91c83229b2e448e	computers	555	exclude	quota
31d78e0b5adb91bc	computers	556	exclude	quota
b07a135fb508f551	computers	557	exclude	presentation-length
bca3cb30c5834f8f	computers	558	exclude	quota
127762e7cb274e14	computers	559	exclude	quota
433903f425dca58c	computers	560	exclude	quota
5603552daffef266	computers	561	exclude	unsafe-character
254bcbab2c428c06	computers	562	retain	balanced-editorial-quota
59298494f2259888	computers	563	exclude	quota
5fbd3b0fb03d0593	computers	564	retain	balanced-editorial-quota
7e012447c1f43ffa	computers	565	exclude	violence-or-death
7b9fd442956ff714	computers	566	exclude	quota
8cc0e120030597f4	computers	567	retain	balanced-editorial-quota
8b91ed59aa102daa	computers	568	retain	balanced-editorial-quota
471f0fe3d03fc01b	computers	569	exclude	presentation-length
2e71c16cc2141a6b	computers	570	retain	balanced-editorial-quota
21a7c8d3ff165ab0	computers	571	exclude	quota
38cd34704d1272fb	computers	572	exclude	quota
f30ed5e0605fa9c1	computers	573	exclude	quota
12b15c443e7ed1e8	computers	574	retain	balanced-editorial-quota
2fbded97032dd62e	computers	575	retain	balanced-editorial-quota
0e4ee4cd1f6b8b1c	computers	576	exclude	quota
2070788613107840	computers	577	exclude	quota
1170f0b6557a7d97	computers	578	retain	balanced-editorial-quota
4fc6b687824dae11	computers	579	exclude	violence-or-death
99816697967e02a1	computers	580	exclude	presentation-length
ea95f212c3e5287d	computers	581	exclude	presentation-length
1dde14ead503a4f2	computers	582	exclude	quota
c06cb9ed3cf5ffcd	computers	583	exclude	presentation-length
63ca08160a05407b	computers	584	exclude	quota
73a5798574dcacac	computers	585	retain	balanced-editorial-quota
83188d0f488a05fb	computers	586	exclude	quota
c9ef64f4b0624f76	computers	587	retain	balanced-editorial-quota
eaff25e3859b1a9f	computers	588	exclude	quota
257a1b0125ada64c	computers	589	exclude	violence-or-death
92bb476309982646	computers	590	exclude	violence-or-death
85457bdc98ff29dc	computers	591	exclude	violence-or-death
edea76b174f412a1	computers	592	exclude	presentation-length
1f9e507ebc97e1fa	computers	593	exclude	quota
cf6385e8130d064a	computers	594	exclude	quota
098258c9305d954c	computers	595	exclude	quota
0cc22acc440bfc87	computers	596	exclude	presentation-length
d370ef3a03a8b8c3	computers	597	exclude	quota
58de0c9e417a1431	computers	598	exclude	quota
bb86d5b6be40438a	computers	599	retain	balanced-editorial-quota
620f65712e6202b7	computers	600	retain	balanced-editorial-quota
5eaf1f0411144fa6	computers	601	retain	balanced-editorial-quota
5b4fbd8a2b69a8e0	computers	602	retain	balanced-editorial-quota
e10fea2f3d36f1bf	computers	603	retain	balanced-editorial-quota
0933aa2f161c67c4	computers	604	retain	balanced-editorial-quota
506e7f88ec893243	computers	605	retain	balanced-editorial-quota
6acf2b6888caa56b	computers	606	retain	balanced-editorial-quota
3de8e00a7582eb02	computers	607	retain	balanced-editorial-quota
ab2f1dfef2ca59c0	computers	608	retain	balanced-editorial-quota
72f2dbb3ddb92104	computers	609	retain	balanced-editorial-quota
aa1f4077357682b7	computers	610	exclude	quota
93d43b0dab6ff9d7	computers	611	retain	balanced-editorial-quota
2b732326cd975577	computers	612	retain	balanced-editorial-quota
98242ab1f725e44c	computers	613	retain	balanced-editorial-quota
42efad75027babba	computers	614	retain	balanced-editorial-quota
466afc8d9861ebe6	computers	615	exclude	quota
17e187e871e7091b	computers	616	retain	balanced-editorial-quota
d589cc53f548241f	computers	617	exclude	quota
69bcbfbcc7818222	computers	618	exclude	unsafe-character
14737c91377c98e7	computers	619	retain	balanced-editorial-quota
6204fa03252ce1d9	computers	620	retain	balanced-editorial-quota
587a5a2cd4e48a40	computers	621	retain	balanced-editorial-quota
e7d5750c0839f68d	computers	622	exclude	quota
2f547d5d0997b0cd	computers	623	retain	balanced-editorial-quota
3b49ed0ff04711c3	computers	624	retain	balanced-editorial-quota
18c12429d7d2deaf	computers	625	exclude	quota
88031c4a8a3ea9f3	computers	626	retain	balanced-editorial-quota
e817fcfa292d9415	computers	627	retain	balanced-editorial-quota
d4588a7f55b7d166	computers	628	retain	balanced-editorial-quota
a1e68710d547a8e1	computers	629	exclude	quota
81bbb174fced27e9	computers	630	exclude	quota
4b21897d6dd8f3a8	computers	631	exclude	violence-or-death
946ec3863ae072ea	computers	632	retain	balanced-editorial-quota
71b9031c52f61bac	computers	633	exclude	quota
0022b486de7f7579	computers	634	exclude	quota
a0963a28efd0de2e	computers	635	exclude	quota
2f229d8bd970552d	computers	636	retain	balanced-editorial-quota
616601beb36fd0da	computers	637	exclude	quota
9f1e0c750f2b2839	computers	638	retain	balanced-editorial-quota
45e52ec815934277	computers	639	exclude	quota
6017c2825f600534	computers	640	exclude	quota
13a0f535c1a894a1	computers	641	exclude	quota
2f8989c56a61faac	computers	642	exclude	unsafe-character
dd96abd836811edc	computers	643	exclude	quota
c2cb23836baf71cc	computers	644	exclude	presentation-length
775b4d54b07fecf8	computers	645	exclude	presentation-length
7580a14b8433035f	computers	646	retain	balanced-editorial-quota
1e59c4259400180a	computers	647	exclude	presentation-length
2b21160a4d2bc581	computers	648	exclude	quota
0509eef7af762dee	computers	649	exclude	quota
7e4f11f4f9ed3f66	computers	650	retain	balanced-editorial-quota
f6d5ab0fdb657dfc	computers	651	exclude	unsafe-character
d0c2a215f8062c5d	computers	652	retain	balanced-editorial-quota
74f399da89a044cb	computers	653	exclude	quota
2658aa30b3a676a1	computers	654	exclude	quota
24c83cc5f22d30a7	computers	655	exclude	quota
d3317357ab7cbc0e	computers	656	exclude	quota
3b88507373e40476	computers	657	retain	balanced-editorial-quota
f7cc16ef3e5398ce	computers	658	retain	balanced-editorial-quota
a36e8beaa162b52c	computers	659	retain	balanced-editorial-quota
4cc2e8eda0e19e32	computers	660	exclude	quota
48afc57d97db2364	computers	661	exclude	quota
63a4409b2e735ae8	computers	662	exclude	presentation-length
4b74c0cdab341099	computers	663	retain	balanced-editorial-quota
34bad12a4db6a263	computers	664	retain	balanced-editorial-quota
0b50228afe7b4149	computers	665	exclude	unsafe-character
25fc97a7f2acafdf	computers	666	exclude	violence-or-death
e30b8917f3e0a0c1	computers	667	exclude	quota
354e9bb3d6e7c1ff	computers	668	exclude	violence-or-death
31c2a56a774e1b5b	computers	669	exclude	presentation-length
492c6778e32be8b1	computers	670	exclude	quota
1f6692cda0ef631b	computers	671	exclude	quota
00a0e96c2c17c484	computers	672	retain	balanced-editorial-quota
749dd5a109aef8ea	computers	673	exclude	quota
9fa1aa00b4a0d88c	computers	674	exclude	quota
bdfeb4f5df4a8f36	computers	675	retain	balanced-editorial-quota
ad0828d6f7da239e	computers	676	retain	balanced-editorial-quota
2a4e83f0d8d4dfaf	computers	677	exclude	quota
d439280d393c7b59	computers	678	exclude	quota
3abc87d32a5c6b55	computers	679	exclude	unsafe-character
16cc6eb06fd4fefa	computers	680	exclude	quota
7271daf3e8b93fe9	computers	681	exclude	quota
b3fc4a88d2f18301	computers	682	exclude	quota
782d7e6d16e5bc76	computers	683	exclude	quota
e93ddfc629fa9a86	computers	684	retain	balanced-editorial-quota
1799706126dfac77	computers	685	exclude	presentation-length
200708ee702d78ad	computers	686	exclude	quota
1b87a51346a4b045	computers	687	exclude	quota
88d2fe660d67b326	computers	688	retain	balanced-editorial-quota
61356901b067e0fe	computers	689	exclude	quota
cfca98fdbcc5f878	computers	690	retain	balanced-editorial-quota
1775886ae367b1e3	computers	691	exclude	quota
410c9c02a0704627	computers	692	retain	balanced-editorial-quota
7dae3acef1f73856	computers	693	exclude	quota
e87965c1ef84e7c9	computers	694	retain	balanced-editorial-quota
8c11e01041fb9963	computers	695	exclude	quota
715ab8bec21729bc	computers	696	exclude	violence-or-death
8c74342fb4cb650d	computers	697	retain	balanced-editorial-quota
211f322b293e2157	computers	698	retain	balanced-editorial-quota
2a6bab8bd91aee2d	computers	699	exclude	quota
74234cc3cfa58225	computers	700	exclude	quota
a7cd6880fd1fa31f	computers	701	retain	balanced-editorial-quota
566789db4bdb26d1	computers	702	retain	balanced-editorial-quota
bc0fab41e1777bbf	computers	703	exclude	quota
ecba8c81a031b138	computers	704	exclude	quota
f08aafdc28880a75	computers	705	retain	balanced-editorial-quota
3ed4d07404a2a1e5	computers	706	exclude	quota
0e50509d9e01b136	computers	707	exclude	quota
b4de145a9b84ae24	computers	708	exclude	quota
c8647b1e81790f94	computers	709	retain	balanced-editorial-quota
10a0c95d640cda9c	computers	710	exclude	quota
a793c71d3ee19093	computers	711	exclude	quota
6d3a414e039a6c33	computers	712	retain	balanced-editorial-quota
fadfdc5743a86090	computers	713	retain	balanced-editorial-quota
eb3dedbc9d3fc5d0	computers	714	exclude	sexual-or-identity-harm
2b70dbaec8e9e149	computers	715	exclude	quota
64c9bfe41b626e27	computers	716	exclude	quota
4b276260ece5ab8a	computers	717	exclude	quota
465a45a344dc15c8	computers	718	retain	balanced-editorial-quota
737c1b78e1e9a4f9	computers	719	retain	balanced-editorial-quota
f02e4daa270da99d	computers	720	exclude	quota
58b95fcfc58afeb6	computers	721	exclude	quota
be28fd8446d4f7ca	computers	722	retain	balanced-editorial-quota
901031b91ef9c5a6	computers	723	exclude	presentation-length
fa24935deb6db4bd	computers	724	exclude	violence-or-death
9cc08a7f43f6ab74	computers	725	retain	balanced-editorial-quota
ce8bc60b28b614e9	computers	726	exclude	quota
c15c407e876faa71	computers	727	retain	balanced-editorial-quota
063f2022f3ede509	computers	728	exclude	violence-or-death
127aea65c38b3666	computers	729	retain	balanced-editorial-quota
1b9eba4a10d3340c	computers	730	retain	balanced-editorial-quota
cbf8c45d84192ac5	computers	731	exclude	quota
1af3e25e586d284d	computers	732	exclude	quota
c3b2b1799b547646	computers	733	exclude	violence-or-death
8e90617dc32c1602	computers	734	exclude	presentation-length
771fa323d96c7fa0	computers	735	exclude	quota
2e1d9acfc94cea39	computers	736	exclude	violence-or-death
0bd677ab9cd3599c	computers	737	exclude	quota
40cbfabba1056583	computers	738	exclude	violence-or-death
1b855a1f530fc721	computers	739	exclude	quota
28b65cb45db37c1c	computers	740	exclude	presentation-length
1a31d0643b77ebf3	computers	741	retain	balanced-editorial-quota
e394bc4b0f62ea6f	computers	742	exclude	presentation-length
0a81c5c8fbef2a71	computers	743	exclude	violence-or-death
8ebd7ec150280180	computers	744	retain	balanced-editorial-quota
0c7338583b1a93c4	computers	745	retain	balanced-editorial-quota
4e59135358164e41	computers	746	exclude	quota
36452adb0f01b06e	computers	747	exclude	violence-or-death
6aa696dade57830b	computers	748	retain	balanced-editorial-quota
4b000966988d869d	computers	749	retain	balanced-editorial-quota
648bc5c19bb490f8	computers	750	exclude	quota
a049ba647e6ca712	computers	751	exclude	quota
584f395cac9a304f	computers	752	exclude	quota
2fb1a662be97feb0	computers	753	retain	balanced-editorial-quota
592444784a2e8497	computers	754	retain	balanced-editorial-quota
e22a2fcc113264c8	computers	755	exclude	quota
a28b58867a83a8d3	computers	756	exclude	quota
109095ddc8c59c7a	computers	757	retain	balanced-editorial-quota
44878e7e0f3711d2	computers	758	retain	balanced-editorial-quota
aa2b7f30c5ebcd3e	computers	759	retain	balanced-editorial-quota
cab284db984d6964	computers	760	retain	balanced-editorial-quota
0a282bbd14a521af	computers	761	retain	balanced-editorial-quota
b5e673cf50b71134	computers	762	retain	balanced-editorial-quota
fef0d570e31ccd41	computers	763	exclude	quota
0e3ecec2532e5c88	computers	764	retain	balanced-editorial-quota
525fc93f5c96ae0b	computers	765	exclude	quota
6ab577207cf6421f	computers	766	exclude	quota
5ad364e0dbcfd084	computers	767	exclude	quota
8c02ce85d6058dbb	computers	768	exclude	violence-or-death
05ad9b1e9b234e99	computers	769	exclude	quota
742fa3e80c2ef561	computers	770	exclude	quota
9d186fae42234367	computers	771	exclude	quota
38653c37adc4398d	computers	772	retain	balanced-editorial-quota
1e3d87e741059ef9	computers	773	retain	balanced-editorial-quota
9990973b7ef9d941	computers	774	exclude	quota
fea48ffac6d3f172	computers	775	exclude	presentation-length
b0c8abe92973bb58	computers	776	exclude	violence-or-death
cdd885620984c3dd	computers	777	exclude	quota
e1a6dd35efd97de6	computers	778	exclude	quota
775164a5ac2b655e	computers	779	exclude	quota
2e274073afcfd7e6	computers	780	retain	balanced-editorial-quota
a28235e041681a2f	computers	781	retain	balanced-editorial-quota
08de8b1dc85a42f4	computers	782	exclude	quota
721762c2b46dcb94	computers	783	exclude	quota
a42420d8604523cf	computers	784	exclude	quota
8c66aa7239fd1d02	computers	785	exclude	quota
76071ff0e83d7223	computers	786	exclude	violence-or-death
ab3fc112261421c2	computers	787	retain	balanced-editorial-quota
a44a6bd3932cdd37	computers	788	exclude	final-corpus-trim
be468d59e116849f	computers	789	retain	balanced-editorial-quota
1a5971f071c756ad	computers	790	exclude	quota
f163ddebbb065eda	computers	791	exclude	quota
9b04cff29d7b3f3a	computers	792	retain	balanced-editorial-quota
49e8a88599b1ec74	computers	793	retain	balanced-editorial-quota
ae51d66cfd76045d	computers	794	exclude	quota
36f4d1b6f5de7fbe	computers	795	retain	balanced-editorial-quota
32012bdfcdb90730	computers	796	exclude	quota
40df9dde7c1a8d88	computers	797	exclude	quota
8d9c07e55c4ac2d7	computers	798	exclude	quota
c3fc05784790cf80	computers	799	retain	balanced-editorial-quota
fc2d98d0a1be9a26	computers	800	exclude	presentation-length
331d09564d6d9ba9	computers	801	exclude	quota
2a66a16f45d910ba	computers	802	retain	balanced-editorial-quota
b4057d02fd7c5aab	computers	803	exclude	quota
5c3bb728c05f9272	computers	804	exclude	quota
0f2af7dcafe9c727	computers	805	retain	balanced-editorial-quota
1339b23e5b4d5d5f	computers	806	exclude	quota
d841aac9f83687a6	computers	807	retain	balanced-editorial-quota
08737ef30020a4eb	computers	808	exclude	presentation-length
5d4163e2cbada599	computers	809	exclude	quota
ca07ef24ff4f6009	computers	810	retain	balanced-editorial-quota
4fb7178f17c21538	computers	811	exclude	presentation-length
cf6f386c8d2477a6	computers	812	exclude	quota
f21c29bd774e1995	computers	813	exclude	presentation-length
269c537080474865	computers	814	exclude	presentation-length
82393094ddb1daa9	computers	815	exclude	quota
1aca892b925d80af	computers	816	retain	balanced-editorial-quota
2535ff622f8c0ff7	computers	817	retain	balanced-editorial-quota
e4f14cc3ca465c58	computers	818	exclude	quota
4805086d795c9a11	computers	819	exclude	quota
1f1408c304be991a	computers	820	retain	balanced-editorial-quota
87c64a88f8a1dd82	computers	821	retain	balanced-editorial-quota
c555ec39e1ee4175	computers	822	exclude	violence-or-death
b8c20464534d7dab	computers	823	retain	balanced-editorial-quota
0f4e55433846b120	computers	824	retain	balanced-editorial-quota
ba7b9d172b688b24	computers	825	retain	balanced-editorial-quota
da49e4480980d06c	computers	826	retain	balanced-editorial-quota
6472b42154324b8c	computers	827	exclude	quota
da2821476ba9f2b3	computers	828	exclude	violence-or-death
eba80c94f236b745	computers	829	exclude	quota
f224cc704884b109	computers	830	exclude	quota
e3ce26dc479b0b92	computers	831	retain	balanced-editorial-quota
ea480176181b8b1b	computers	832	exclude	quota
354dced9172ead40	computers	833	exclude	quota
ca55f93e88f8c972	computers	834	retain	balanced-editorial-quota
cb77cb1a75bfd76a	computers	835	exclude	quota
7bd30d1728b06b34	computers	836	exclude	quota
c7909b4208137818	computers	837	exclude	quota
debd17a559ba1872	computers	838	exclude	quota
72cb38be301128a9	computers	839	exclude	quota
9a8c399d28b4ee34	computers	840	exclude	quota
6d61506c1a6d3077	computers	841	retain	balanced-editorial-quota
331568f4c670ef46	computers	842	exclude	quota
745cadd33844958a	computers	843	exclude	quota
42ec8a4f1121b632	computers	844	exclude	quota
70e13e7ad3e31623	computers	845	retain	balanced-editorial-quota
8da2ae81047ed65f	computers	846	exclude	quota
a419aa75f90b1660	computers	847	exclude	quota
bafe965b3cb8a5dd	computers	848	exclude	quota
bf2ff26aec1ee47a	computers	849	exclude	quota
d1de515e10da070d	computers	850	retain	balanced-editorial-quota
baa404f2e9a9d75a	computers	851	exclude	quota
60274b7b6e7eb3a1	computers	852	exclude	quota
25719c8d280ad36d	computers	853	retain	balanced-editorial-quota
9588ff44be8b7821	computers	854	retain	balanced-editorial-quota
f972964e92320c99	computers	855	exclude	quota
ae1df1d73d0575fd	computers	856	exclude	quota
c1e24dbe872c70a2	computers	857	retain	balanced-editorial-quota
6dbff5b2dbd6d9ab	computers	858	exclude	quota
786dacbcd1b2d5e9	computers	859	retain	balanced-editorial-quota
f16ca65191f36d30	computers	860	retain	balanced-editorial-quota
7e6057c14d1d8141	computers	861	retain	balanced-editorial-quota
ca9eaf4b2193b0e9	computers	862	exclude	quota
367942bd61dc454a	computers	863	exclude	quota
adc5b9ea18e4395f	computers	864	exclude	presentation-length
773af2c6d0192bc1	computers	865	exclude	quota
f5750cf1212c4de7	computers	866	exclude	quota
79c4767ff264d90f	computers	867	exclude	quota
dfa22407a34fe7f2	computers	868	exclude	quota
5b5dedee32c5bd67	computers	869	exclude	presentation-length
de1c1fd05acc046d	computers	870	exclude	quota
2305d0eebada9a42	computers	871	retain	balanced-editorial-quota
46c1d783b1eb4b1b	computers	872	exclude	unsafe-character
336e18f8bd66c444	computers	873	exclude	presentation-length
b5e92e2e81511bdd	computers	874	exclude	presentation-length
60f72089276cb8a4	computers	875	exclude	quota
feb87ab57220cbc9	computers	876	exclude	quota
36a15b32eaf5ec5f	computers	877	exclude	quota
040ca12daee88ce4	computers	878	exclude	violence-or-death
4497cfa2328da272	computers	879	exclude	presentation-length
9308500437524f52	computers	880	exclude	quota
e8235f54eceb995a	computers	881	exclude	quota
e4fd103ec9b75fad	computers	882	exclude	violence-or-death
0d482d72dd8a4670	computers	883	exclude	quota
78c318f41a7ff122	computers	884	exclude	quota
dc1b73fce36a1bd0	computers	885	exclude	quota
07f7830ec5c4c8ea	computers	886	retain	balanced-editorial-quota
d0a0d2e37da18dd0	computers	887	retain	balanced-editorial-quota
a52e6678152d0bd3	computers	888	exclude	quota
3b1ce3ba4f77f326	computers	889	exclude	quota
83d262d9fe838449	computers	890	exclude	quota
a4c42a91b14eb61d	computers	891	exclude	quota
7b6b584a21c656df	computers	892	exclude	final-corpus-trim
a8e6d37970527262	computers	893	retain	balanced-editorial-quota
e39ec2ccccdccc1d	computers	894	exclude	quota
9a2c9808b781b205	computers	895	exclude	quota
2a5c513aa631bf29	computers	896	retain	balanced-editorial-quota
00383d6fad8f2611	computers	897	exclude	presentation-length
faf031036b23ad40	computers	898	exclude	violence-or-death
17b8b35cc21e1a31	computers	899	exclude	presentation-length
d454aac70556a7aa	computers	900	exclude	quota
38d341e06790a005	computers	901	exclude	presentation-length
62be1f1e04d7629e	computers	902	retain	balanced-editorial-quota
8943942ef7ab655a	computers	903	exclude	quota
be6df95b1bd98efc	computers	904	exclude	quota
45aaa6ab345de6fb	computers	905	retain	balanced-editorial-quota
ca4dc5e3a01c67a6	computers	906	exclude	presentation-length
f1dcf7ce9075f968	computers	907	exclude	quota
51895cbad6314ac6	computers	908	exclude	presentation-length
adf82e0e31fe9e80	computers	909	exclude	violence-or-death
38d327bc62f036d2	computers	910	retain	balanced-editorial-quota
394a6bd15fc44df4	computers	911	exclude	quota
52fc01cfebf2a208	computers	912	exclude	quota
496b1b9dc775161c	computers	913	retain	balanced-editorial-quota
01ca045efef1d1e4	computers	914	retain	balanced-editorial-quota
c2031901faa6bf7a	computers	915	exclude	presentation-length
99c7a0a03006d1dd	computers	916	retain	balanced-editorial-quota
574a755f4a93087d	computers	917	exclude	quota
ac961dc484948bc2	computers	918	exclude	final-corpus-trim
578b33245b5be027	computers	919	exclude	violence-or-death
48cb98db14c659e2	computers	920	retain	balanced-editorial-quota
7c6b51e3977eba28	computers	921	exclude	unsafe-character
09b4b599bd20bb6b	computers	922	exclude	presentation-length
dffb2c3f809f426a	computers	923	exclude	quota
552366cb464675e9	computers	924	exclude	quota
b8df03d65f560ae2	computers	925	exclude	presentation-length
bc111539d518b8a7	computers	926	exclude	quota
a58ccca19bfbcae6	computers	927	exclude	quota
e3b25eb46cf41558	computers	928	exclude	presentation-length
98e69095fbb83f5d	computers	929	exclude	quota
da6bb3313bec7b34	computers	930	retain	balanced-editorial-quota
4b54200c3da8a2bf	computers	931	exclude	quota
fc3dc17ac60fcc1a	computers	932	exclude	quota
6e5ec1426c2c7350	computers	933	retain	balanced-editorial-quota
159bdf86d5ff62e8	computers	934	exclude	quota
76e891fa53927d0b	computers	935	retain	balanced-editorial-quota
3e79e6c5400e6600	computers	936	retain	balanced-editorial-quota
bf549e92e213d63b	computers	937	exclude	quota
635698e54ec1ac20	computers	938	retain	balanced-editorial-quota
e299d9adce61d24a	computers	939	exclude	quota
77b07cb2a90344f7	computers	940	retain	balanced-editorial-quota
fad66e7627810e70	computers	941	retain	balanced-editorial-quota
488eda7fbb41be3c	computers	942	exclude	final-corpus-trim
1f17ce5b55806b88	computers	943	exclude	quota
1d4749becec311c6	computers	944	retain	balanced-editorial-quota
0433f6167d7aa041	computers	945	exclude	violence-or-death
7dde5ff22eb36d6d	computers	946	exclude	quota
93d9e51c667ccbab	computers	947	retain	balanced-editorial-quota
ffd501480da7bcab	computers	948	exclude	final-corpus-trim
77b2903fd66dc672	computers	949	exclude	quota
dc9ae3c371627a77	computers	950	exclude	quota
e2b7c9ba7077bf15	computers	951	exclude	quota
9b4d688821b93af2	computers	952	exclude	quota
388caa69f55a38cd	computers	953	exclude	quota
bbf8eb03e0282062	computers	954	exclude	presentation-length
4dc8694737e4f828	computers	955	retain	balanced-editorial-quota
c42fc7e2117f23de	computers	956	exclude	quota
27ff48809980e55f	computers	957	exclude	quota
62f003e4693098ae	computers	958	exclude	final-corpus-trim
94d3658bf01fe2a6	computers	959	exclude	presentation-length
452bc220d3c76f27	computers	960	retain	balanced-editorial-quota
a16dabb455cf1462	computers	961	exclude	violence-or-death
e4ad643964394deb	computers	962	exclude	violence-or-death
8f5abc16a5d94885	computers	963	exclude	violence-or-death
13740a86c0237202	computers	964	exclude	violence-or-death
7dfdf580703eb876	computers	965	exclude	quota
cffbf652dca5bda3	computers	966	exclude	quota
dc332ac257ced58c	computers	967	exclude	quota
ad98ceb2575098f1	computers	968	exclude	quota
5782a8222dcb6ed5	computers	969	exclude	quota
23d2681c0a7b090b	computers	970	retain	balanced-editorial-quota
cb48976c67226ba9	computers	971	exclude	presentation-length
8eb839e78261c26e	computers	972	retain	balanced-editorial-quota
ad69f8f46d12bc8f	computers	973	retain	balanced-editorial-quota
b473c4afebdafbc5	computers	974	retain	balanced-editorial-quota
09ae1f74f25a592e	computers	975	retain	balanced-editorial-quota
141231867b70cb6b	computers	976	exclude	violence-or-death
94abbacea82f19d8	computers	977	exclude	quota
79a86ec0e098e413	computers	978	retain	balanced-editorial-quota
2adf15150168c398	computers	979	retain	balanced-editorial-quota
0a1f0fbdee8289e3	computers	980	exclude	quota
f76aff5f798756c7	computers	981	exclude	quota
dd0f1af56822cf68	computers	982	exclude	quota
39a374234d093d60	computers	983	exclude	quota
cab6366c9bf3384a	computers	984	retain	balanced-editorial-quota
2514a1dbf28e5aad	computers	985	retain	balanced-editorial-quota
436666d126fd92e4	computers	986	retain	balanced-editorial-quota
6bf5282edef22273	computers	987	exclude	quota
cccf23cff2876ee9	computers	988	exclude	presentation-length
7a4416e3b1fd2d96	computers	989	retain	balanced-editorial-quota
1a32c9c7c9a4853a	computers	990	retain	balanced-editorial-quota
3c2f0dc4f8d2d3ab	computers	991	retain	balanced-editorial-quota
8c976e55ac46b9f8	computers	992	retain	balanced-editorial-quota
d3ef4d288ec357c2	computers	993	exclude	quota
bc420f2d862a075b	computers	994	retain	balanced-editorial-quota
549bdc30b662fe8a	computers	995	exclude	quota
7137ff18cc7998b3	computers	996	exclude	presentation-length
9625237fecc7a6f9	computers	997	exclude	presentation-length
9ec047d3b40cb722	computers	998	exclude	quota
bdf492cab819f282	computers	999	retain	balanced-editorial-quota
73f7a2faafeaaef2	computers	1000	retain	balanced-editorial-quota
c9048d3299490a61	computers	1001	exclude	presentation-length
2434e029570c4e96	computers	1002	retain	balanced-editorial-quota
95db09a639fc3eb2	computers	1003	retain	balanced-editorial-quota
daf2392e310da509	computers	1004	retain	balanced-editorial-quota
d7eba77831703136	computers	1005	retain	balanced-editorial-quota
e4b5ffbdadc22749	computers	1006	exclude	quota
a9bc4f8a21f25525	computers	1007	exclude	quota
2101fa9e1edeb3b1	computers	1008	exclude	quota
e7051487851293a5	computers	1009	exclude	presentation-length
e5c7c9533dfa0939	computers	1010	exclude	quota
019dc43e212dd146	computers	1011	retain	balanced-editorial-quota
c4855631bb6d1710	computers	1012	exclude	presentation-length
a1b89e4f8968d660	computers	1013	exclude	quota
9fda457840abf444	computers	1014	retain	balanced-editorial-quota
40ee68d4bb35ed8c	computers	1015	retain	balanced-editorial-quota
a3894a7eddd24947	computers	1016	exclude	quota
088b6d0a13c55245	computers	1017	exclude	quota
6a1e07c8f02de75e	computers	1018	retain	balanced-editorial-quota
bac2105a500d201c	computers	1019	retain	balanced-editorial-quota
f3e185bc312d110b	computers	1020	exclude	quota
c2e6d2df66cb11a7	computers	1021	exclude	violence-or-death
d0b0d2b44ada0056	cookie	1	exclude	sexual-or-identity-harm
a27afe7802b7c03e	cookie	2	exclude	quota
71d03f63dcb8f0eb	cookie	3	exclude	quota
16e4a1241d25878f	cookie	4	exclude	quota
0ee4e6437b2f3ea2	cookie	5	exclude	violence-or-death
e5f2a33a9da23880	cookie	6	exclude	quota
f6b44600c4dcf276	cookie	7	exclude	quota
b4e8fbefcff88897	cookie	8	exclude	quota
97a0df703389e88d	cookie	9	exclude	quota
3db7364d1873e976	cookie	10	exclude	violence-or-death
5236ef3c89a05991	cookie	11	exclude	sexual-or-identity-harm
ee9b8054115b75ac	cookie	12	exclude	sexual-or-identity-harm
817d5a8e75188a21	cookie	13	exclude	violence-or-death
6ae2a1d6dc2362a0	cookie	14	exclude	quota
5ad55fe67d1a55a1	cookie	15	exclude	quota
bad27075350d134f	cookie	16	exclude	quota
e63ce62bf68002c5	cookie	17	exclude	quota
06ed37880e61988c	cookie	18	retain	balanced-editorial-quota
5df5c4bee7246035	cookie	19	retain	balanced-editorial-quota
dc55f193d99ced46	cookie	20	retain	balanced-editorial-quota
2161669fcf659443	cookie	21	exclude	quota
f70a35028bbe2406	cookie	22	exclude	quota
c075e75df8efbcf6	cookie	23	exclude	quota
7b1ca2ad7fbd06dd	cookie	24	exclude	quota
148216019648fca9	cookie	25	exclude	quota
39bb3bafdd9b21ba	cookie	26	exclude	quota
c857fcee41d3b87a	cookie	27	exclude	violence-or-death
d33a545e514af8d0	cookie	28	exclude	quota
b6aedc39f5e52a57	cookie	29	exclude	quota
4b4aa92abf22791a	cookie	30	exclude	quota
293e9fbe51ef70f3	cookie	31	exclude	quota
7207269b208a81e0	cookie	32	exclude	quota
885b32c4bf4f6e0f	cookie	33	exclude	quota
7960e169b954e104	cookie	34	exclude	quota
a25f14c8ec052408	cookie	35	exclude	quota
fae8e84655406da1	cookie	36	exclude	quota
fc1ba05a4753f9ff	cookie	37	exclude	quota
fa5827536da843a5	cookie	38	exclude	quota
3d1a4318f6e6dda3	cookie	39	exclude	quota
4cc8ce854a8c0d84	cookie	40	exclude	violence-or-death
8cdb60a3cd5f06fd	cookie	41	exclude	quota
5af1f41e923d989b	cookie	42	exclude	quota
a4c99a48d84e997a	cookie	43	exclude	quota
8e1acdbca8500b83	cookie	44	exclude	quota
04b25479d9622d43	cookie	45	exclude	quota
5cbe73178d50b725	cookie	46	exclude	quota
b5325796464e77cf	cookie	47	exclude	quota
8b604eef2b595177	cookie	48	exclude	quota
15bc70cac46a0dfa	cookie	49	exclude	quota
2f9ffb0e389fac37	cookie	50	exclude	quota
76329624298532d9	cookie	51	exclude	quota
bc6b617644415e9d	cookie	52	exclude	sexual-or-identity-harm
6acfd3eaa6ea3b50	cookie	53	exclude	quota
1ab5ec641c68462b	cookie	54	exclude	quota
e2ce24ba3993cf7f	cookie	55	exclude	quota
192ccb938ae5fb93	cookie	56	exclude	quota
3444397c72b21dda	cookie	57	retain	balanced-editorial-quota
0036b74108b19c7d	cookie	58	retain	balanced-editorial-quota
969713156d16dd53	cookie	59	exclude	quota
3d78513c207e7179	cookie	60	retain	balanced-editorial-quota
418e85c7d7b7288a	cookie	61	exclude	quota
252257995faf73bb	cookie	62	exclude	quota
e011212e2891e862	cookie	63	exclude	violence-or-death
854e5729f36b07f6	cookie	64	exclude	quota
236adee74c114e38	cookie	65	exclude	violence-or-death
f6db4734b021033d	cookie	66	exclude	violence-or-death
f1189a9cdf17e40a	cookie	67	exclude	quota
cb3e0452d1116065	cookie	68	retain	balanced-editorial-quota
e405a9ac66608eb2	cookie	69	retain	balanced-editorial-quota
d448c8ac097348a1	cookie	70	exclude	quota
254fc3abb1fc47de	cookie	71	retain	balanced-editorial-quota
0d7432696627713d	cookie	72	exclude	violence-or-death
dd945a1631755c62	cookie	73	exclude	quota
bd7168ca02a47787	cookie	74	retain	balanced-editorial-quota
8790cefdf30a6bbe	cookie	75	exclude	presentation-length
c11e52fe5767a059	cookie	76	exclude	violence-or-death
7a6eec8f87e6f50a	cookie	77	retain	balanced-editorial-quota
8faa27f72cc10ee1	cookie	78	retain	balanced-editorial-quota
e28bf9b61d4655f2	cookie	79	retain	balanced-editorial-quota
ef79da8895196091	cookie	80	retain	balanced-editorial-quota
5b466b35fc0e4f77	cookie	81	retain	balanced-editorial-quota
93cb243c11b76070	cookie	82	retain	balanced-editorial-quota
a15216150da68579	cookie	83	exclude	quota
52d426bf759cd5e8	cookie	84	exclude	quota
7ae5274ab4230674	cookie	85	retain	balanced-editorial-quota
910440a2ccbf2e1d	cookie	86	exclude	quota
16b02a89c17e7d41	cookie	87	exclude	quota
2a569b80d6589ab5	cookie	88	retain	balanced-editorial-quota
b077a763223b1044	cookie	89	retain	balanced-editorial-quota
4231814fbc2972b7	cookie	90	exclude	quota
9c7998eb54cfc4b3	cookie	91	exclude	quota
f7183755b0cc929f	cookie	92	exclude	quota
15c028a68d2cbfd0	cookie	93	exclude	presentation-length
d78c3e20fe2ff137	cookie	94	exclude	quota
83efdf5df75a7b66	cookie	95	exclude	quota
fab18be25a6a568a	cookie	96	exclude	quota
d900128e09ea3fd0	cookie	97	exclude	quota
d16988f0691730e4	cookie	98	exclude	violence-or-death
39d972c6d53b21d8	cookie	99	retain	balanced-editorial-quota
046796e0bbd5b335	cookie	100	exclude	quota
a91ea9bce4ed4a82	cookie	101	retain	balanced-editorial-quota
d19821ccee3ed17a	cookie	102	retain	balanced-editorial-quota
0d846b14a3dcd2a3	cookie	103	retain	balanced-editorial-quota
4b2215677f490e2d	cookie	104	retain	balanced-editorial-quota
1fd7fa15a02ed992	cookie	105	retain	balanced-editorial-quota
b8b2f0759c82c012	cookie	106	exclude	violence-or-death
a57e997cc7d14487	cookie	107	retain	balanced-editorial-quota
a3e84b4df707a6e4	cookie	108	retain	balanced-editorial-quota
d50473b187c4aee4	cookie	109	retain	balanced-editorial-quota
58edf74e4e0abb4e	cookie	110	retain	balanced-editorial-quota
daa5cad11be91a14	cookie	111	retain	balanced-editorial-quota
d15ea9614c7e495a	cookie	112	exclude	quota
c2908a7116fffb0e	cookie	113	retain	balanced-editorial-quota
654cc97c938eb9ca	cookie	114	exclude	quota
d9cac7b59d7a5d82	cookie	115	exclude	violence-or-death
31119f3ed6d7be38	cookie	116	retain	balanced-editorial-quota
8e95613b2af336f5	cookie	117	retain	balanced-editorial-quota
35ec9abe69ed46b9	cookie	118	retain	balanced-editorial-quota
16c2b2303d01e3c3	cookie	119	retain	balanced-editorial-quota
d1fc4ce52b5628b6	cookie	120	exclude	quota
b2f3efa2b6fd7d6b	cookie	121	exclude	violence-or-death
dfc9f1ae76d9ddbb	cookie	122	retain	balanced-editorial-quota
28d420c13488b7a1	cookie	123	retain	balanced-editorial-quota
5023893d8e13284b	cookie	124	exclude	presentation-length
6a3c0e0b107765be	cookie	125	exclude	quota
366222364a547ab3	cookie	126	exclude	quota
d293340c1f521d7d	cookie	127	exclude	quota
55addd29f5a12c93	cookie	128	exclude	quota
a3f103771e1fe2b5	cookie	129	retain	balanced-editorial-quota
12aaf2008a1e8605	cookie	130	retain	balanced-editorial-quota
cd925bf79e49f743	cookie	131	exclude	violence-or-death
c762488d66253c04	cookie	132	exclude	presentation-length
5df9706139d048d6	cookie	133	retain	balanced-editorial-quota
f270f491e5b9d599	cookie	134	exclude	quota
87b3647ab3a27149	cookie	135	retain	balanced-editorial-quota
7a37bcc6b5d91758	cookie	136	retain	balanced-editorial-quota
d23d44a1449c98fd	cookie	137	exclude	quota
696bbbc071012123	cookie	138	exclude	quota
345aac9b9ab4f555	cookie	139	exclude	quota
09c7cb9ca2de6238	cookie	140	exclude	violence-or-death
b708d516b66a5bda	cookie	141	retain	balanced-editorial-quota
bc74145dd5c363b6	cookie	142	retain	balanced-editorial-quota
1991eaae6c369fda	cookie	143	retain	balanced-editorial-quota
adeb60355b1cf3c7	cookie	144	retain	balanced-editorial-quota
2d9c15dcd6289962	cookie	145	exclude	presentation-length
2410332626c12135	cookie	146	retain	balanced-editorial-quota
23a0a0ea0a1afdf2	cookie	147	exclude	violence-or-death
fa2df6117642ec35	cookie	148	exclude	quota
58c3e4df09728f18	cookie	149	exclude	quota
6dea220a441f5e45	cookie	150	exclude	quota
dc1cc6af29cad82d	cookie	151	retain	balanced-editorial-quota
3a85366108af740b	cookie	152	retain	balanced-editorial-quota
3e005be90fe18cb0	cookie	153	retain	balanced-editorial-quota
ea223fcd2192fd34	cookie	154	exclude	quota
111e87d3d52836e4	cookie	155	exclude	quota
df105e26d4c7caf6	cookie	156	exclude	quota
185971e0a9ff3e21	cookie	157	exclude	quota
6101c1eb2dbb8a7f	cookie	158	exclude	quota
29857f72d0d59c6d	cookie	159	exclude	quota
228adc0a83fb5261	cookie	160	exclude	quota
e615078c77267b4c	cookie	161	exclude	quota
1c0d9fec67a73e62	cookie	162	exclude	quota
9b8fafd80cdce10e	cookie	163	exclude	quota
258ae49ef3a93513	cookie	164	retain	balanced-editorial-quota
ae50bcdfab630515	cookie	165	retain	balanced-editorial-quota
253c5cfa4d5e36d5	cookie	166	exclude	duplicate
f11656cfcc0f1aa7	cookie	167	exclude	quota
57895761fe85b644	cookie	168	exclude	violence-or-death
8981f194ee14f9ef	cookie	169	retain	balanced-editorial-quota
64b96b5228eca99e	cookie	170	retain	balanced-editorial-quota
3266fc39058f8b99	cookie	171	exclude	presentation-length
a1df32461417b6ad	cookie	172	exclude	presentation-length
743f9534d75762ed	cookie	173	exclude	quota
7da85b11268daead	cookie	174	exclude	quota
a8ff5c5e2cb3c8b6	cookie	175	exclude	quota
564c8a05e7c54029	cookie	176	retain	balanced-editorial-quota
d4c23c624ff2caf0	cookie	177	retain	balanced-editorial-quota
b2a860a1fff4ce5b	cookie	178	retain	balanced-editorial-quota
422aea5f1b999523	cookie	179	exclude	quota
22381e1298660235	cookie	180	exclude	quota
3d94bd25cca2fe24	cookie	181	exclude	quota
d7a5aa424adfe0b8	cookie	182	exclude	quota
5f6588c0491bf96c	cookie	183	retain	balanced-editorial-quota
b15eea2eda66f6a7	cookie	184	exclude	quota
d1336f05d4ed66b6	cookie	185	exclude	violence-or-death
ecf2bdb61e2c019e	cookie	186	retain	balanced-editorial-quota
cc78226922d5ad5d	cookie	187	exclude	quota
60d6ae6eb2528c6c	cookie	188	exclude	violence-or-death
d0ebae766b86f4af	cookie	189	retain	balanced-editorial-quota
faf3fdb2f8cee717	cookie	190	exclude	quota
b2e6d164e5115195	cookie	191	exclude	violence-or-death
096fcc40c3150a6d	cookie	192	exclude	violence-or-death
5303c094c56e2b60	cookie	193	exclude	violence-or-death
8e4d4d34ed7ea73c	cookie	194	exclude	quota
0c37addaf06524b5	cookie	195	exclude	quota
c20a345b61caa1f7	cookie	196	exclude	violence-or-death
26ce13f41e4624ca	cookie	197	exclude	quota
d0821f610e3c5a25	cookie	198	exclude	quota
d1c5a6864b3ba821	cookie	199	exclude	quota
2f9ae7f2f21351b5	cookie	200	exclude	quota
ede94437704b9b0b	cookie	201	exclude	quota
3c321e09c0ab3484	cookie	202	exclude	quota
ff10d239862cd5a1	cookie	203	exclude	quota
a761b3a8b5345a56	cookie	204	exclude	presentation-length
3898ab26e3d033ec	cookie	205	exclude	quota
860391e9da537f22	cookie	206	exclude	quota
749800e3daaaa258	cookie	207	exclude	presentation-length
1ac2775e63dff84e	cookie	208	retain	balanced-editorial-quota
5916b2ce812fe7b0	cookie	209	exclude	quota
ba0b99d5e3f25dec	cookie	210	exclude	quota
ebeeb80d004c7c96	cookie	211	exclude	quota
81ac994a3c98f86e	cookie	212	retain	balanced-editorial-quota
68345f951fed3b5e	cookie	213	exclude	quota
996d3fa58826ea50	cookie	214	exclude	quota
f33cca021aea8e85	cookie	215	exclude	presentation-length
f1a4344660ed3edf	cookie	216	exclude	quota
15c36c0b37ba9503	cookie	217	exclude	quota
ca2eb287b7c8335d	cookie	218	exclude	quota
8e8a2f2ad2541271	cookie	219	exclude	quota
8089186e401f7b14	cookie	220	exclude	quota
aa6ae8b7d8f5f721	cookie	221	exclude	violence-or-death
9517ca2e89c948a0	cookie	222	exclude	quota
a7403caad57c182d	cookie	223	exclude	quota
121a711a1faceb7f	cookie	224	exclude	quota
517a6399d7cb3ba0	cookie	225	exclude	quota
c2d8e74f5d8a9e41	cookie	226	exclude	quota
903491b45fbeada7	cookie	227	exclude	quota
c7cfc8467b6e303f	cookie	228	exclude	quota
c7ed97774a702f25	cookie	229	exclude	violence-or-death
de32d89dc30a57d3	cookie	230	exclude	quota
12b845f5e584a420	cookie	231	exclude	quota
5e64f0a00343dbb1	cookie	232	exclude	quota
249b15ee841d372c	cookie	233	exclude	quota
c79f9522b885a92e	cookie	234	exclude	quota
af3fa4b8e3ceeea3	cookie	235	exclude	quota
8f65e056e2c61513	cookie	236	exclude	presentation-length
eff242e203852dd5	cookie	237	exclude	quota
806fa03a680dabc3	cookie	238	exclude	quota
7f104a91e9299848	cookie	239	exclude	sexual-or-identity-harm
289fd4401749b01a	cookie	240	exclude	quota
a3ccd985036129cf	cookie	241	exclude	presentation-length
b7ab4130b7e975e8	cookie	242	exclude	quota
5299256acd6f66bd	cookie	243	exclude	quota
9695cbd8798692e7	cookie	244	exclude	quota
bf49d3f93f420d2e	cookie	245	exclude	quota
bfac55cfeaa3c194	cookie	246	exclude	quota
946383c5d415c5ff	cookie	247	exclude	quota
3273154a6d04c20f	cookie	248	exclude	quota
ef46f720a1ea03a7	cookie	249	exclude	violence-or-death
9d4030b930a9a75c	cookie	250	exclude	quota
b4f343d68da7277a	cookie	251	exclude	quota
95446947af517c7a	cookie	252	exclude	quota
f862810b89e55c22	cookie	253	exclude	sexual-or-identity-harm
740c16baa241fdc0	cookie	254	exclude	quota
cb8d30ddd6fa164d	cookie	255	retain	balanced-editorial-quota
37d4d26f0227c847	cookie	256	exclude	quota
83a7c97d5d1a57ae	cookie	257	retain	balanced-editorial-quota
6628161c9c38b1b6	cookie	258	exclude	quota
84adad6e514d5f18	cookie	259	retain	balanced-editorial-quota
fe217a834b8afccf	cookie	260	exclude	violence-or-death
e43414116fa326f0	cookie	261	exclude	ethnic-stereotype
084ec67ec95f6284	cookie	262	exclude	quota
2c54843ad38fadc1	cookie	263	exclude	quota
53577da0983dee3a	cookie	264	exclude	violence-or-death
c6a0bea931de9453	cookie	265	exclude	quota
339d1358cbd339f3	cookie	266	exclude	quota
0732afd950cb69fe	cookie	267	exclude	quota
ef5fc60d984c89da	cookie	268	exclude	quota
16a4d4579a551bee	cookie	269	exclude	violence-or-death
9b0b351d7e682a3b	cookie	270	exclude	quota
beea751651186972	cookie	271	exclude	quota
113f99579451dcd0	cookie	272	exclude	quota
4fc80ba4840a6d3f	cookie	273	exclude	presentation-length
4829c7ac8407459e	cookie	274	exclude	quota
b85e010e247294f3	cookie	275	exclude	quota
d12d6b0b9272e668	cookie	276	exclude	quota
4fa4594c33e054d6	cookie	277	exclude	quota
506645f49295b168	cookie	278	exclude	quota
b4e9955662400cc1	cookie	279	exclude	quota
df47c8e4c5b7b93f	cookie	280	exclude	quota
32ec292d99d77f76	cookie	281	exclude	presentation-length
5fcd4dac0a5ecb7c	cookie	282	exclude	quota
49490183b9d4337f	cookie	283	exclude	quota
e0842d9180fe0923	cookie	284	exclude	quota
1260d0b0d2086dbc	cookie	285	retain	balanced-editorial-quota
4f7b95f5f577fa4a	cookie	286	exclude	quota
4786d76f0c5b3362	cookie	287	exclude	quota
d399147c1077e42b	cookie	288	exclude	sexual-or-identity-harm
5e6891a7acb6c9fe	cookie	289	exclude	quota
14566fec9dbf8648	cookie	290	exclude	quota
9bd5c7c522502c46	cookie	291	exclude	quota
1bc41e63a81b6b1c	cookie	292	exclude	quota
dc1a970fee18913c	cookie	293	exclude	violence-or-death
00b0c5f75e274c0b	cookie	294	exclude	quota
5f358b570908bfb8	cookie	295	exclude	sexual-or-identity-harm
431fadaf1ca5fb79	cookie	296	exclude	quota
acdf9dce463fde5a	cookie	297	exclude	violence-or-death
d1aedb86f0b0e669	cookie	298	exclude	quota
42e74986713f15e5	cookie	299	exclude	violence-or-death
7aed6554057a84ed	cookie	300	exclude	quota
cbba20c1cc6a4ee5	cookie	301	exclude	quota
c36a8f1f65f0418f	cookie	302	exclude	quota
79e8348fa66882f3	cookie	303	retain	balanced-editorial-quota
2a4d33b0c54227c6	cookie	304	exclude	quota
b4d3ac3e88b5ad6c	cookie	305	exclude	quota
0659e007d03df4e7	cookie	306	exclude	quota
ee0ab18c785aa0a3	cookie	307	exclude	quota
9822f5ea0015327f	cookie	308	exclude	quota
a2c65b3ebb0f0f3d	cookie	309	retain	balanced-editorial-quota
e2d7ca43a7b9f09b	cookie	310	exclude	quota
48e3f46ef9942294	cookie	311	exclude	violence-or-death
631f0da316487f2a	cookie	312	exclude	violence-or-death
5b401dc1f1286eb3	cookie	313	exclude	quota
49dc283bc66f8744	cookie	314	exclude	quota
d1fb0e0268502ff0	cookie	315	exclude	presentation-length
96b4dce579ed6606	cookie	316	exclude	quota
a4754ceae6054e58	cookie	317	exclude	quota
553353c81adb1014	cookie	318	exclude	presentation-length
b2f0a015e2fd5c76	cookie	319	exclude	quota
ad5d5a76a4567209	cookie	320	exclude	quota
0f4f25c8ddf9e271	cookie	321	exclude	quota
d3760a6230ac98b2	cookie	322	exclude	presentation-length
5049a6557bb63ada	cookie	323	exclude	quota
91f2edc05fa729c0	cookie	324	exclude	quota
367952dde1aa28fe	cookie	325	exclude	quota
ac94fc9d4dc52afb	cookie	326	exclude	violence-or-death
b1f40134606d60a5	cookie	327	exclude	quota
da4db33742c2e658	cookie	328	exclude	quota
ab64d5e735de7896	cookie	329	exclude	violence-or-death
c4c1e36f6dd237e4	cookie	330	exclude	quota
9f19303ed3ff4b3d	cookie	331	exclude	quota
752ef4fb26b2d98d	cookie	332	exclude	quota
7a193de3235026eb	cookie	333	exclude	quota
278afa6c03b68f60	cookie	334	exclude	quota
b5b46c9857aa7049	cookie	335	exclude	quota
b2c868bddd1a8cac	cookie	336	exclude	quota
9ed3fdc3852e6967	cookie	337	exclude	quota
6bb8b65784b2aa56	cookie	338	exclude	quota
eac2e5453b9392e5	cookie	339	exclude	violence-or-death
0c1cef7d2e8b178d	cookie	340	exclude	violence-or-death
0cad6d3638c8c36e	cookie	341	exclude	quota
3b01b39a0a2dc4fa	cookie	342	exclude	quota
5fccee6deb2f559e	cookie	343	exclude	quota
465aa0b36d0fdd61	cookie	344	exclude	quota
ccf21874966f92bc	cookie	345	exclude	quota
6ea51cbc96bada31	cookie	346	exclude	quota
808d77ee2505f935	cookie	347	exclude	quota
c13e2dc2e14dd756	cookie	348	exclude	presentation-length
c6782defd1053911	cookie	349	exclude	quota
5166c1cc5af1aae8	cookie	350	exclude	quota
7a435061b3b82bb4	cookie	351	exclude	quota
9fa672f1420da7f2	cookie	352	exclude	quota
c5e3e2422cabdc5b	cookie	353	exclude	quota
3447f12ef6680f31	cookie	354	exclude	quota
b61d94321fe17772	cookie	355	exclude	quota
8fa3f7048bb2bdd3	cookie	356	exclude	violence-or-death
c45a8b23a068473d	cookie	357	exclude	quota
13d8d8b393b6af88	cookie	358	exclude	violence-or-death
f244385d52dd3c09	cookie	359	exclude	quota
21f675216182ac1d	cookie	360	exclude	quota
a6c2b9ae8d1360af	cookie	361	exclude	violence-or-death
9e0ced07f1b8eb15	cookie	362	exclude	quota
47be23decbc961fa	cookie	363	exclude	quota
a734c11007619647	cookie	364	exclude	presentation-length
9a6a9e6c90d3e981	cookie	365	exclude	quota
5fc94b7f5e448727	cookie	366	exclude	presentation-length
99980285ced11c84	cookie	367	exclude	violence-or-death
b58f4bcc4c10e759	cookie	368	exclude	quota
2f02bf9d333d06c4	cookie	369	exclude	quota
8867d3cf7e5309e9	cookie	370	exclude	presentation-length
286fe32c48d2a699	cookie	371	exclude	quota
8401423c8773f867	cookie	372	exclude	quota
ee757fb8477603dc	cookie	373	exclude	quota
60c6371365d46d12	cookie	374	exclude	quota
cd02b1a89818c98f	cookie	375	exclude	quota
826761f92f484635	cookie	376	exclude	quota
2100f254f918ec09	cookie	377	exclude	quota
ae7de56935033e3b	cookie	378	exclude	quota
61c303e833eb0c1e	cookie	379	exclude	quota
c2e90857150b4411	cookie	380	exclude	quota
1fc9679b618afa3c	cookie	381	exclude	quota
2100f254f918ec09	cookie	382	exclude	duplicate
ae7de56935033e3b	cookie	383	exclude	duplicate
61c303e833eb0c1e	cookie	384	exclude	duplicate
c82d4db7db1ac292	cookie	385	exclude	violence-or-death
e121636c417b8361	cookie	386	exclude	violence-or-death
b3dda04c09db7689	cookie	387	exclude	quota
b7d07fa83a770970	cookie	388	exclude	quota
03684977e6803b21	cookie	389	exclude	body-size-weight-or-diet-humor
b2dbfcf5601de919	cookie	390	exclude	quota
bc85720cf12a3bb6	cookie	391	retain	balanced-editorial-quota
b095cfa91df7b3c6	cookie	392	exclude	quota
505fc435ec230115	cookie	393	exclude	quota
5e788dfe22d3a59d	cookie	394	exclude	quota
7f675eee51197533	cookie	395	exclude	quota
3eddb049d01e0243	cookie	396	retain	balanced-editorial-quota
e060fa6b8ef317b2	cookie	397	retain	balanced-editorial-quota
01eb2d3ffabce6aa	cookie	398	exclude	quota
2dfe84913c54a573	cookie	399	exclude	presentation-length
7e66dd66b1ac8eb6	cookie	400	exclude	quota
f262b231ad08bd0c	cookie	401	exclude	quota
973bf2dbd74a8816	cookie	402	retain	balanced-editorial-quota
227de364ba032bd6	cookie	403	retain	balanced-editorial-quota
a23736783130127b	cookie	404	retain	balanced-editorial-quota
e8a787662515451a	cookie	405	exclude	quota
16262b9e14bc6cdd	cookie	406	exclude	quota
f54eb132d1216aa6	cookie	407	exclude	quota
57e5376b3a801397	cookie	408	exclude	quota
509371a5e657dfdc	cookie	409	exclude	quota
9168397438f1aea0	cookie	410	exclude	quota
c0734d2daaeefb54	cookie	411	exclude	quota
3d5364cf2fa7fdb8	cookie	412	retain	balanced-editorial-quota
c9fc7da442b08802	cookie	413	exclude	quota
055804e2a9f22f05	cookie	414	exclude	violence-or-death
436e56b5e5e5fa01	cookie	415	retain	balanced-editorial-quota
82929e7a3bf97fb2	cookie	416	retain	balanced-editorial-quota
3213c7f681d6283a	cookie	417	exclude	quota
559037a254911f82	cookie	418	retain	balanced-editorial-quota
c42675906f268ff7	cookie	419	retain	balanced-editorial-quota
03df81f130667df5	cookie	420	exclude	quota
5d547af050f3e7b1	cookie	421	exclude	quota
7718e65d74259cc1	cookie	422	exclude	quota
12d1bbd04ce7beab	cookie	423	retain	balanced-editorial-quota
ca6ce52c5c381202	cookie	424	exclude	quota
ac6dead3bcec1180	cookie	425	exclude	quota
1ab6e5f704c7a98d	cookie	426	retain	balanced-editorial-quota
393a3b443ed18a88	cookie	427	exclude	presentation-length
b55a14b528bf762a	cookie	428	exclude	quota
ce2415d7176ac156	cookie	429	exclude	quota
e72b6fa1ac446056	cookie	430	retain	balanced-editorial-quota
aae123131a1ed9dc	cookie	431	retain	balanced-editorial-quota
084eca61705281d0	cookie	432	retain	balanced-editorial-quota
1a206f167aa187e4	cookie	433	exclude	quota
6c9e8feb0084d033	cookie	434	exclude	quota
c5ce26938be58b11	cookie	435	exclude	presentation-length
908a8169ff113f35	cookie	436	exclude	quota
7abcf11049484c00	cookie	437	exclude	violence-or-death
b8150ed42ab07d18	cookie	438	retain	balanced-editorial-quota
f96f99909296d7b4	cookie	439	exclude	quota
3223d90c36597b87	cookie	440	retain	balanced-editorial-quota
9df2498d2d50e273	cookie	441	exclude	quota
839c004b103edd63	cookie	442	exclude	presentation-length
4a1a2d734a81d3e5	cookie	443	exclude	quota
b6e78f00541c92dd	cookie	444	exclude	quota
0c4d49d6ba978f3f	cookie	445	retain	balanced-editorial-quota
41345eed321cbd5f	cookie	446	retain	balanced-editorial-quota
66c1ff18e10d0620	cookie	447	retain	balanced-editorial-quota
4791d189070e7fb4	cookie	448	exclude	violence-or-death
0fa3523622eca789	cookie	449	retain	balanced-editorial-quota
5cc5a1af48903497	cookie	450	exclude	quota
290cafe7b0bc3c68	cookie	451	exclude	quota
1044a9be1f1b4928	cookie	452	exclude	quota
5a4f1631c4e4644f	cookie	453	exclude	quota
c903124bb78dd97b	cookie	454	retain	balanced-editorial-quota
16e175baf237209e	cookie	455	retain	balanced-editorial-quota
eaa89e217600c67b	cookie	456	exclude	quota
8065d7e95b89f5e9	cookie	457	exclude	quota
0fa1a88c20ac2aa7	cookie	458	exclude	violence-or-death
8431b456506b9466	cookie	459	exclude	quota
96df348ed89ca480	cookie	460	retain	balanced-editorial-quota
abb64dfcf0b6722d	cookie	461	exclude	quota
c42ea3c0d245f68a	cookie	462	exclude	violence-or-death
d1419db905d3d0f1	cookie	463	retain	balanced-editorial-quota
204047996c1d8753	cookie	464	retain	balanced-editorial-quota
8d66f4274386357b	cookie	465	exclude	quota
210cfae13aec5cbc	cookie	466	exclude	violence-or-death
60f016aa8fc9f632	cookie	467	retain	balanced-editorial-quota
658a8aa4da278af4	cookie	468	retain	balanced-editorial-quota
7d3e1a9140a2b9e1	cookie	469	exclude	quota
7a418034dde5e35a	cookie	470	retain	balanced-editorial-quota
5b15a21264acd42a	cookie	471	exclude	violence-or-death
69ebb1bcff64d1b8	cookie	472	retain	balanced-editorial-quota
1de21a0f249420db	cookie	473	retain	balanced-editorial-quota
26daefd5b4321c2d	cookie	474	exclude	quota
d0468cdbf7e95943	cookie	475	exclude	quota
6a1042d645db50ee	cookie	476	exclude	quota
c2133ac6223b4c64	cookie	477	exclude	quota
42bcd1ca1060c00c	cookie	478	retain	balanced-editorial-quota
dfa14d3f0add50c8	cookie	479	exclude	quota
9aa7736bbd486db2	cookie	480	exclude	quota
a883e04372afa496	cookie	481	exclude	quota
a9281bd9cfda440d	cookie	482	retain	balanced-editorial-quota
bc2951d9185602dc	cookie	483	exclude	quota
c84000564c8322e9	cookie	484	exclude	quota
390b5a2e88be111e	cookie	485	exclude	violence-or-death
a73a75644627469a	cookie	486	exclude	violence-or-death
4fd997e66463700c	cookie	487	exclude	quota
123413d393422d11	cookie	488	retain	balanced-editorial-quota
9b4c30083f5d90d2	cookie	489	exclude	quota
bfe45f3e210545a7	cookie	490	retain	balanced-editorial-quota
395ca4b93eeb7129	cookie	491	exclude	violence-or-death
6eb181a3a7ba4824	cookie	492	exclude	quota
41e040832fd4403a	cookie	493	exclude	quota
211600bf2fbdfb3c	cookie	494	retain	balanced-editorial-quota
8817021c581c298f	cookie	495	retain	balanced-editorial-quota
2811a9df26bbbb13	cookie	496	exclude	quota
1570faf6cd631d96	cookie	497	retain	balanced-editorial-quota
6c6ad255075457ac	cookie	498	retain	balanced-editorial-quota
4c00481ef7b297f2	cookie	499	exclude	violence-or-death
7ca4b849ca65b1f5	cookie	500	exclude	quota
348fcc978f5fc4ea	cookie	501	exclude	presentation-length
b5f7612c68ae4b51	cookie	502	exclude	quota
d348d4d6aced0043	cookie	503	exclude	violence-or-death
744e5dcfd2181dbc	cookie	504	exclude	quota
b8f7808d33ffd8ae	cookie	505	retain	balanced-editorial-quota
a01ac87dae5c251f	cookie	506	exclude	quota
1b84d26587ce9da1	cookie	507	exclude	quota
da4a160e4df27498	cookie	508	exclude	violence-or-death
48524fca303b8e9a	cookie	509	exclude	quota
a481667ee5ef282e	cookie	510	exclude	quota
7c7cfde30bab86bd	cookie	511	exclude	quota
d3f2b02d3ad3cdab	cookie	512	exclude	quota
439704569b676a49	cookie	513	retain	balanced-editorial-quota
99cb797654f61672	cookie	514	exclude	quota
d8fe2a09f1505b90	cookie	515	exclude	quota
0e4714448734311b	cookie	516	exclude	quota
c53860c61136880e	cookie	517	exclude	quota
c9e3ea40ce2f2f53	cookie	518	exclude	quota
51033ad119dd01a8	cookie	519	exclude	violence-or-death
c2fcadefccbcf05f	cookie	520	exclude	quota
58099d275db89580	cookie	521	exclude	quota
2f9fd97c2ec12799	cookie	522	exclude	quota
fe4a0bb2181c57c0	cookie	523	retain	balanced-editorial-quota
34a65b2dca62be41	cookie	524	exclude	quota
9871a6e89cc9ff78	cookie	525	retain	balanced-editorial-quota
e8f635cecf9a00b3	cookie	526	exclude	quota
94935e04d3286b9d	cookie	527	exclude	quota
6d4339ae78033121	cookie	528	exclude	violence-or-death
98769b8cf8d33512	cookie	529	retain	balanced-editorial-quota
f4d54c48557e457b	cookie	530	exclude	quota
cdb04a5de474e206	cookie	531	exclude	violence-or-death
cf5bf5841a22987a	cookie	532	retain	balanced-editorial-quota
1c97cd71e317748f	cookie	533	retain	balanced-editorial-quota
12f967c74a527f60	cookie	534	exclude	quota
54e684597f5d3cca	cookie	535	retain	balanced-editorial-quota
9f8a871f32db6203	cookie	536	retain	balanced-editorial-quota
ce586e8065c91cd9	cookie	537	exclude	quota
fb4d10df03eec12e	cookie	538	exclude	violence-or-death
90a202a0d5ce0c17	cookie	539	exclude	quota
ad598628c339595f	cookie	540	retain	balanced-editorial-quota
a5487b66f5335c25	cookie	541	exclude	quota
cf62011867007624	cookie	542	exclude	quota
2dc98633848d0421	cookie	543	exclude	violence-or-death
6693345d8ead6048	cookie	544	exclude	quota
ac9d4e9c2dd3a2c9	cookie	545	retain	balanced-editorial-quota
6612c28a2aa0f298	cookie	546	exclude	quota
921bf387f00d66d1	cookie	547	exclude	quota
e4850d363d29f951	cookie	548	exclude	quota
7d38f3b8b68314de	cookie	549	exclude	violence-or-death
32543492bc21ba01	cookie	550	retain	balanced-editorial-quota
a92be1cc72494f38	cookie	551	exclude	quota
a904a0cc7ea1d50f	cookie	552	retain	balanced-editorial-quota
cbad6728616e9c2f	cookie	553	exclude	quota
d50a05707afd5a7a	cookie	554	exclude	quota
c3cf0fee87793763	cookie	555	retain	balanced-editorial-quota
a630e72cb3beffff	cookie	556	exclude	violence-or-death
58a0d01ae2d69cca	cookie	557	exclude	violence-or-death
6c7b5e9d55e58686	cookie	558	exclude	quota
aa2e10e2c6ebd237	cookie	559	exclude	quota
18700fa2816d9eff	cookie	560	exclude	quota
065a8e830b64ad0e	cookie	561	retain	balanced-editorial-quota
b795b401ea297427	cookie	562	exclude	violence-or-death
495af7fe110862ee	cookie	563	retain	balanced-editorial-quota
f7f40e4ace519e3a	cookie	564	exclude	quota
62485f70cd920063	cookie	565	exclude	violence-or-death
266b1c20521324b7	cookie	566	exclude	violence-or-death
3b9b8142c60b1a9a	cookie	567	retain	balanced-editorial-quota
b93d4323da832d58	cookie	568	exclude	quota
f90897c99b44cd26	cookie	569	retain	balanced-editorial-quota
0927939b97f12e28	cookie	570	exclude	quota
215f1d49ef63c9aa	cookie	571	exclude	quota
0ec5bf232d82f0c7	cookie	572	exclude	quota
211062529718018e	cookie	573	exclude	quota
baecbf5121ed726a	cookie	574	retain	balanced-editorial-quota
6497844d63eec2af	cookie	575	exclude	violence-or-death
847cb836bdb2936f	cookie	576	retain	balanced-editorial-quota
9d170f3c7d55f1c2	cookie	577	exclude	violence-or-death
32d0643ee2e8dcbe	cookie	578	retain	balanced-editorial-quota
65d2b172da676bf4	cookie	579	retain	balanced-editorial-quota
2351db9b09cb567c	cookie	580	retain	balanced-editorial-quota
5d5d61c09383051c	cookie	581	retain	balanced-editorial-quota
6c802ba72761df62	cookie	582	retain	balanced-editorial-quota
60ce4b3569a865c0	cookie	583	exclude	violence-or-death
08b9d23f75d4ebaf	cookie	584	exclude	violence-or-death
66f66334dde94f4c	cookie	585	retain	balanced-editorial-quota
433b8c3af827dd0d	cookie	586	exclude	violence-or-death
eea685d65970d4a2	cookie	587	retain	balanced-editorial-quota
db8f01a79d5f52cb	cookie	588	exclude	violence-or-death
caf9d100fc891a8e	cookie	589	exclude	quota
047f13ce046b9a8d	cookie	590	retain	balanced-editorial-quota
4d07c6534b514864	cookie	591	retain	balanced-editorial-quota
2c7ffe6bf03519c9	cookie	592	exclude	violence-or-death
86fb37861243bc82	cookie	593	retain	balanced-editorial-quota
bb63b09bf988a75c	cookie	594	exclude	ethnic-stereotype
8ae0313476da6f02	cookie	595	exclude	quota
8065e203c8448261	cookie	596	retain	balanced-editorial-quota
e05f9a1a12ab2d05	cookie	597	exclude	quota
4d14ac6cdf277d4c	cookie	598	exclude	violence-or-death
8b04e67a812bf63b	cookie	599	exclude	violence-or-death
8de783b2d44eb8a3	cookie	600	retain	balanced-editorial-quota
577e1b47fdcd3d4a	cookie	601	exclude	violence-or-death
9ea3fbeeba3e87cd	cookie	602	exclude	violence-or-death
da09583345cbf2d9	cookie	603	exclude	quota
a305980c64a17ee4	cookie	604	exclude	quota
8bfb7f01263f2604	cookie	605	exclude	quota
8afb9d8b8a1f31b5	cookie	606	retain	balanced-editorial-quota
85a539c4a62460a6	cookie	607	exclude	violence-or-death
14fe7f69929d4033	cookie	608	exclude	quota
ba9537767c28af86	cookie	609	exclude	quota
234f58a99ba8765c	cookie	610	retain	balanced-editorial-quota
0e57e91be4bc6891	cookie	611	exclude	quota
32cbcfc110271447	cookie	612	exclude	quota
d0a9bc388826727e	cookie	613	retain	balanced-editorial-quota
4a10e556d232e564	cookie	614	exclude	sexual-or-identity-harm
0249de168254a4e9	cookie	615	exclude	quota
dbdd3cc17028e7b2	cookie	616	exclude	violence-or-death
af9cec83ce820e01	cookie	617	exclude	quota
1f331aefc35245a1	cookie	618	exclude	quota
cd87f553229ebe54	cookie	619	exclude	quota
b72a33d4913a2c4f	cookie	620	exclude	quota
ab48b3c8ecd2b883	cookie	621	exclude	sexual-or-identity-harm
4428b09fc7c73f4f	cookie	622	exclude	quota
d3c6d69c4636256c	cookie	623	exclude	quota
ea3ff02e17ba8b5c	cookie	624	exclude	quota
833835b68d06e61f	cookie	625	exclude	quota
e2691664cdb00734	cookie	626	exclude	quota
3c64049a5a5df4d0	cookie	627	exclude	quota
8962922a22a3e20f	cookie	628	exclude	violence-or-death
f95ab809233298a7	cookie	629	exclude	presentation-length
1f0e219c6110081f	cookie	630	exclude	quota
ddc03d27757bcbdf	cookie	631	exclude	violence-or-death
0170f394eba3c1e1	cookie	632	exclude	quota
c2035fb24035ba9e	cookie	633	exclude	quota
18a837afc8fa3d14	cookie	634	exclude	quota
6ec8467b7f8e4655	cookie	635	exclude	quota
a0ef37b0ca120d35	cookie	636	exclude	quota
dfeecb42790142db	cookie	637	exclude	quota
8c2072745d629526	cookie	638	exclude	quota
686e2c6523276944	cookie	639	exclude	quota
d9a96ff510c36a98	cookie	640	exclude	quota
a37661aa5e15a5d9	cookie	641	exclude	quota
4f3b9b03631c62c2	cookie	642	exclude	quota
6c75a2788ce62f7f	cookie	643	exclude	quota
9a1b2a65adf3d59c	cookie	644	exclude	quota
8ee459b7e861fb9b	cookie	645	exclude	quota
a827e38dd7dfc79e	cookie	646	exclude	violence-or-death
cd9d179601bee5ec	cookie	647	retain	balanced-editorial-quota
7067e7c9b69e1e3c	cookie	648	exclude	violence-or-death
0726d3e8058bf0e8	cookie	649	exclude	quota
b1cfc32f7eb5b2c9	cookie	650	exclude	quota
515460cfdcd411f5	cookie	651	exclude	violence-or-death
04c7258a47a949b7	cookie	652	exclude	quota
ceba2bc3ae3b1228	cookie	653	exclude	sexual-or-identity-harm
f525c9b4bbac1b18	cookie	654	exclude	quota
ee6b7a62cbebb8e7	cookie	655	retain	balanced-editorial-quota
963cef595b093d67	cookie	656	exclude	violence-or-death
3caad7c796a30cd1	cookie	657	exclude	quota
2b32add815820687	cookie	658	exclude	violence-or-death
a3db8ae98f2bb5e2	cookie	659	exclude	quota
84e30d21c7d1daeb	cookie	660	exclude	violence-or-death
f2b76bcf43c42e6f	cookie	661	exclude	quota
f018e2abd62002a3	cookie	662	retain	balanced-editorial-quota
9d0f43014a35fc39	cookie	663	exclude	quota
c6cde1380a47689c	cookie	664	retain	balanced-editorial-quota
4df2eab92ca82295	cookie	665	exclude	quota
114fd607ed3bf1f4	cookie	666	exclude	presentation-length
451013be714fa3a5	cookie	667	retain	balanced-editorial-quota
8f1e932b09600143	cookie	668	exclude	quota
83683171fe569b01	cookie	669	exclude	quota
0898f8769ea5e62b	cookie	670	exclude	quota
c76aef78cb844df9	cookie	671	exclude	quota
18d948774151b74f	cookie	672	exclude	quota
d016849072af25ee	cookie	673	exclude	quota
14068031ee3cf82c	cookie	674	exclude	violence-or-death
ccc4489eec265ef4	cookie	675	retain	balanced-editorial-quota
020c2270cb2f7208	cookie	676	exclude	quota
769350e29d61779e	cookie	677	exclude	quota
697fe33a276665b1	cookie	678	exclude	violence-or-death
a46c6c2877c2f425	cookie	679	exclude	quota
64b129771c9c38d4	cookie	680	exclude	quota
248c001e44402ce9	cookie	681	exclude	violence-or-death
d09a8e565993ee3e	cookie	682	exclude	violence-or-death
b9e2ca5e71d8cfe9	cookie	683	exclude	violence-or-death
3fa8f628adbc31cf	cookie	684	retain	balanced-editorial-quota
f624362595c2c283	cookie	685	exclude	quota
e1d9983dbf943b8b	cookie	686	exclude	quota
629df7981a07ad4e	cookie	687	retain	balanced-editorial-quota
b356b5d99a1b308e	cookie	688	exclude	quota
b333196cb0ed3c8d	cookie	689	exclude	quota
399603775c327144	cookie	690	exclude	quota
dc0d2b1c267ccae0	cookie	691	exclude	quota
b7e7bb93131ece0d	cookie	692	exclude	quota
65af4a4811635154	cookie	693	exclude	presentation-length
6ff63635f5c840b5	cookie	694	exclude	quota
501dba09c55af7b3	cookie	695	exclude	presentation-length
0272ba1e4d1ef3f9	cookie	696	exclude	final-corpus-trim
df13c3821a4fa524	cookie	697	retain	balanced-editorial-quota
ec17360fa4bca69e	cookie	698	exclude	violence-or-death
d69f65ff06883039	cookie	699	exclude	quota
d0023495badb44a9	cookie	700	exclude	quota
6af1ca8a778b9701	cookie	701	exclude	violence-or-death
bf1a9b5658ac5c99	cookie	702	exclude	quota
b311050b3f37ad87	cookie	703	exclude	presentation-length
219929fe846df7c3	cookie	704	retain	balanced-editorial-quota
8f18b8f0dc6c8a9e	cookie	705	retain	balanced-editorial-quota
4015d2c5f0603f60	cookie	706	exclude	quota
f9f817408a0f216f	cookie	707	exclude	sexual-or-identity-harm
cf9667fc9c0e8660	cookie	708	exclude	presentation-length
4a80a8f4ec9f6791	cookie	709	exclude	presentation-length
20e746a4ddd88743	cookie	710	exclude	quota
445b8bb310dee5f4	cookie	711	retain	balanced-editorial-quota
7a785fc09812500f	cookie	712	retain	balanced-editorial-quota
1722cb0cd7b6a4c0	cookie	713	exclude	quota
302c430fad48c97b	cookie	714	exclude	quota
c7bb141eacc3acda	cookie	715	exclude	violence-or-death
1e83179d6063d06f	cookie	716	exclude	presentation-length
8d48c9f90805b5ff	cookie	717	exclude	violence-or-death
12ffa6a010e35218	cookie	718	exclude	quota
3e21fda11f9fb8ac	cookie	719	exclude	quota
a9e35dc3f6a7278a	cookie	720	exclude	quota
e14b68691f8a9fc0	cookie	721	exclude	quota
de8bd2988bc27885	cookie	722	retain	balanced-editorial-quota
9903eaee1ea5277d	cookie	723	exclude	quota
9891102dd9b0d1d4	cookie	724	retain	balanced-editorial-quota
0520388688cf4010	cookie	725	exclude	quota
648230cf725c0e9f	cookie	726	exclude	quota
dcccc72e9020c6eb	cookie	727	retain	balanced-editorial-quota
d18472ae1dc6e770	cookie	728	exclude	quota
aeb542fec78c0faa	cookie	729	exclude	quota
dacc85611d8c2305	cookie	730	exclude	quota
748889406727f139	cookie	731	exclude	quota
aab09bad11645f32	cookie	732	retain	balanced-editorial-quota
21d4809b3c209ed1	cookie	733	exclude	presentation-length
0d28a93e1b84a0eb	cookie	734	exclude	quota
086cef630e9cff91	cookie	735	retain	balanced-editorial-quota
2bdded5b85bd51c2	cookie	736	retain	balanced-editorial-quota
573ceac88e734b52	cookie	737	exclude	quota
8763cbc27bcd9b2f	cookie	738	exclude	quota
57fdbabde441008e	cookie	739	retain	balanced-editorial-quota
6257ce788c5ca243	cookie	740	exclude	violence-or-death
ec6f89caba0c3862	cookie	741	exclude	violence-or-death
6bd5377a5c058552	cookie	742	exclude	violence-or-death
e95aee55da96a899	cookie	743	exclude	violence-or-death
78248cfedfc93808	cookie	744	exclude	presentation-length
8c67d49273e2a406	cookie	745	exclude	violence-or-death
fad54924c1d42544	cookie	746	exclude	quota
3e1119a5d8bb2fe5	cookie	747	exclude	quota
cc9ea29ba783d0fc	cookie	748	exclude	quota
4030029e7f54b7db	cookie	749	exclude	quota
260040812066e2f8	cookie	750	exclude	quota
ead3a3daf6dd116f	cookie	751	retain	balanced-editorial-quota
347f983abb2fd717	cookie	752	exclude	quota
23c477d814f21810	cookie	753	retain	balanced-editorial-quota
393161d1d1a2c2a4	cookie	754	retain	balanced-editorial-quota
6383deb58e599cee	cookie	755	exclude	presentation-length
93dd49f45d500eac	cookie	756	exclude	quota
7a5d5db5efb749e6	cookie	757	exclude	violence-or-death
0b65076d9c4af0de	cookie	758	exclude	violence-or-death
870ea8830a174c57	cookie	759	exclude	quota
dc0cf8fc631dc795	cookie	760	retain	balanced-editorial-quota
394f622954e6f1c4	cookie	761	retain	balanced-editorial-quota
b2347ee6f0f9f390	cookie	762	retain	balanced-editorial-quota
8d2444e940e863d0	cookie	763	exclude	quota
63014ae05f8ff56c	cookie	764	exclude	quota
fab51a9a9bdf0708	cookie	765	exclude	quota
bdfa353619d68834	cookie	766	exclude	quota
3bb2245cf0661cdc	cookie	767	exclude	quota
dba7f2ce32c8c35f	cookie	768	exclude	quota
c49bdc63b0a45a76	cookie	769	retain	balanced-editorial-quota
405b662f696e8132	cookie	770	exclude	quota
dfb9288fc82b37ba	cookie	771	exclude	violence-or-death
f6f241a79dcba21e	cookie	772	exclude	quota
ce6fa7c4309604ac	cookie	773	exclude	presentation-length
0261fbe64c81a0e8	cookie	774	exclude	violence-or-death
7ad69eeba160a17a	cookie	775	exclude	sexual-or-identity-harm
946150e476245512	cookie	776	exclude	quota
da402452317e2586	cookie	777	exclude	quota
af04473122cd48db	cookie	778	exclude	quota
0950b63a03c027c2	cookie	779	exclude	quota
9b687f1a03c94254	cookie	780	exclude	violence-or-death
901b5c7ce9b46c5f	cookie	781	exclude	quota
25ab594e2f03228d	cookie	782	exclude	quota
d51c64bf7133f131	cookie	783	exclude	quota
8635176dbfff2ea3	cookie	784	retain	balanced-editorial-quota
8b85ea17aa6854fc	cookie	785	retain	balanced-editorial-quota
57474478ac4f918d	cookie	786	exclude	quota
e96c891a30d485e0	cookie	787	exclude	quota
75a486b9f384aa07	cookie	788	exclude	quota
cb21d00eb7996efd	cookie	789	retain	balanced-editorial-quota
61d61ea7f1440fb9	cookie	790	retain	balanced-editorial-quota
606b5400c2169564	cookie	791	retain	balanced-editorial-quota
de689562de8178ac	cookie	792	exclude	quota
3bf4c30e2f3fea07	cookie	793	retain	balanced-editorial-quota
4cbf51e38f593ae3	cookie	794	exclude	quota
659b2bffd144fa40	cookie	795	exclude	violence-or-death
a61bb76efdfa0de4	cookie	796	retain	balanced-editorial-quota
5cd18e1bd861a5e7	cookie	797	exclude	presentation-length
941e2104791970f2	cookie	798	exclude	quota
56e1296d01886633	cookie	799	exclude	quota
dc78914735d59737	cookie	800	exclude	presentation-length
6b5377704f6d34d6	cookie	801	exclude	presentation-length
c2618527b3649351	cookie	802	exclude	presentation-length
18b3c1a89d2cec66	cookie	803	exclude	quota
805ce0d1e75f40e4	cookie	804	exclude	quota
19f206b5fd6de6c1	cookie	805	exclude	quota
0a14835d955ea31e	cookie	806	exclude	presentation-length
5975e101a0aff04f	cookie	807	retain	balanced-editorial-quota
9edd0cf274091997	cookie	808	exclude	quota
b43fa5c5e71d7094	cookie	809	exclude	quota
4de8dcba1a5bdbaa	cookie	810	exclude	quota
dac793a0ff64e3c8	cookie	811	exclude	violence-or-death
ce6a34d4d3dc96ff	cookie	812	exclude	violence-or-death
6f4eac1f0596f40d	cookie	813	exclude	quota
9b69e4bb1e801676	cookie	814	exclude	quota
673826c550a5293e	cookie	815	exclude	violence-or-death
809a83a0ee96ef9c	cookie	816	retain	balanced-editorial-quota
97d3000bb2890fb9	cookie	817	retain	balanced-editorial-quota
1215674faf6d7d3b	cookie	818	exclude	quota
ef6ddd552e3fd591	cookie	819	retain	balanced-editorial-quota
e08600478448191f	cookie	820	retain	balanced-editorial-quota
37bb46b030f1deef	cookie	821	retain	balanced-editorial-quota
d2d83bce277589a7	cookie	822	exclude	quota
370a84a50ce14a7e	cookie	823	exclude	quota
c485729e13a470f6	cookie	824	exclude	quota
f528b2df1f1068f7	cookie	825	exclude	quota
64210321419c4265	cookie	826	retain	balanced-editorial-quota
5e36567e18996ef7	cookie	827	retain	balanced-editorial-quota
ae978dd8dbfeb9bf	cookie	828	exclude	quota
72595a973557ebd8	cookie	829	exclude	final-corpus-trim
a3334f0adaaeb5bf	cookie	830	retain	balanced-editorial-quota
005a539162ac33c9	cookie	831	retain	balanced-editorial-quota
46f04d07b7220464	cookie	832	exclude	presentation-length
479efcc46328dea5	cookie	833	exclude	quota
cc7d5dab95082e41	cookie	834	retain	balanced-editorial-quota
636390d7162d521c	cookie	835	exclude	quota
261d942aeaf727d0	cookie	836	exclude	quota
061ef96bde5a7e28	cookie	837	exclude	quota
e13c170428e11d89	cookie	838	exclude	sexual-or-identity-harm
98c60b311724d6f5	cookie	839	exclude	presentation-length
1d383ae7780b12be	cookie	840	retain	balanced-editorial-quota
4d3d1fbdd2c935ba	cookie	841	exclude	quota
cc47990353c2417e	cookie	842	retain	balanced-editorial-quota
8a248ffbd9ba588f	cookie	843	exclude	quota
ca3e169cbee89cce	cookie	844	exclude	quota
c0db21298a01d1f1	cookie	845	retain	balanced-editorial-quota
c793398dd684a381	cookie	846	exclude	quota
3c401a11ce906eab	cookie	847	exclude	quota
52a00985a67bf351	cookie	848	retain	balanced-editorial-quota
ab775a6c0d36d4d6	cookie	849	exclude	quota
1212bbf4ebd5e2ce	cookie	850	exclude	presentation-length
4ea5019ca13ad4a8	cookie	851	retain	balanced-editorial-quota
2401ec456cfdcc26	cookie	852	exclude	violence-or-death
bd5374446d78197f	cookie	853	exclude	quota
90afcd17736ba41a	cookie	854	retain	balanced-editorial-quota
f268f9bd0704b148	cookie	855	exclude	violence-or-death
d31b6d35a55d5b0c	cookie	856	exclude	violence-or-death
05b17eaccbb2e0e6	cookie	857	exclude	quota
8e063633da33e71c	cookie	858	exclude	violence-or-death
c6e14a00a415099b	cookie	859	exclude	violence-or-death
103ec47738e5eb09	cookie	860	exclude	quota
2c8c13f0901a0979	cookie	861	exclude	quota
077c66b18047e228	cookie	862	exclude	presentation-length
1b0062e662715cae	cookie	863	exclude	quota
c5d7ec071a2e4546	cookie	864	exclude	presentation-length
4c9a1ca56a1c93df	cookie	865	exclude	presentation-length
a7aeabb89385749e	cookie	866	exclude	presentation-length
91f39f794afcbcc7	cookie	867	retain	balanced-editorial-quota
f81ab8206a42dec3	cookie	868	exclude	quota
163f4ffd1870596b	cookie	869	exclude	quota
3b59e458a7757875	cookie	870	exclude	quota
d54faced805a1329	cookie	871	exclude	quota
edc8e3e544ca47c7	cookie	872	exclude	quota
e0e2729cb67b0888	cookie	873	retain	balanced-editorial-quota
6467ddde4db4102a	cookie	874	exclude	quota
2e3f4168507bab16	cookie	875	retain	balanced-editorial-quota
59f01867a421bb6d	cookie	876	retain	balanced-editorial-quota
13f37c5f183ba872	cookie	877	exclude	violence-or-death
e21d833a7414e2b0	cookie	878	exclude	sexual-or-identity-harm
3c43d759ce626a45	cookie	879	retain	balanced-editorial-quota
6ce62ab6850c485a	cookie	880	retain	balanced-editorial-quota
9a70f85f6fd44588	cookie	881	exclude	quota
94d05cd51754b854	cookie	882	retain	balanced-editorial-quota
0da4a19ae1e0b259	cookie	883	exclude	quota
7e52a1dc43f2ebc4	cookie	884	exclude	quota
b8c881b256161d83	cookie	885	exclude	quota
80b51a5396e487b5	cookie	886	exclude	quota
f55fb54c38f410cd	cookie	887	exclude	quota
b67e54a71f9ca261	cookie	888	exclude	quota
8f3507a6ea77060a	cookie	889	exclude	quota
074963823c0d852a	cookie	890	exclude	quota
14f42abccb9422b5	cookie	891	retain	balanced-editorial-quota
c664df20b201b7d9	cookie	892	retain	balanced-editorial-quota
82b71cf66e799213	cookie	893	exclude	quota
b54b71dc81a12287	cookie	894	exclude	quota
1187f09ad4976a34	cookie	895	exclude	violence-or-death
6c902e6c57e1a321	cookie	896	retain	balanced-editorial-quota
e77fabe491f3bdc1	cookie	897	retain	balanced-editorial-quota
9f210952123711e6	cookie	898	exclude	quota
8e0ff6e2d19e1787	cookie	899	exclude	quota
f830b7a90c3af2da	cookie	900	exclude	quota
55f6dd0b92c708f5	cookie	901	exclude	quota
b38f1bc4ec607279	cookie	902	exclude	quota
be9d59cd8492d9dc	cookie	903	exclude	quota
ad959c697238d2f0	cookie	904	exclude	presentation-length
e709374531f63475	cookie	905	exclude	quota
c6d764c19560e2fd	cookie	906	retain	balanced-editorial-quota
b970eeea27417ade	cookie	907	exclude	violence-or-death
514aadc89175e0ef	cookie	908	retain	balanced-editorial-quota
b8f66aa5ff979339	cookie	909	exclude	violence-or-death
967456118c1007ff	cookie	910	exclude	quota
a0997e1494d22f42	cookie	911	exclude	quota
fc05114a41623d53	cookie	912	retain	balanced-editorial-quota
e3c67eb34df194ce	cookie	913	exclude	quota
07acd5882bea6c45	cookie	914	exclude	quota
d582a73f073b300f	cookie	915	exclude	quota
a018edbff2e26964	cookie	916	exclude	violence-or-death
4b9da28a0152f993	cookie	917	exclude	violence-or-death
1670a71108c7f99c	cookie	918	exclude	quota
f87ed3657ce8f636	cookie	919	retain	balanced-editorial-quota
62c5a5f4745afa71	cookie	920	exclude	violence-or-death
d9edb7aea212446e	cookie	921	exclude	quota
b577c51e280aad39	cookie	922	exclude	violence-or-death
b03046c00a371d97	cookie	923	exclude	quota
6dfc2b9da179ce7e	cookie	924	exclude	quota
6007a76a3d4f43cd	cookie	925	exclude	quota
75b7c15aea124422	cookie	926	exclude	presentation-length
c5dcdf15c5db087a	cookie	927	exclude	quota
4f0092b29bef3aa7	cookie	928	exclude	quota
001c114caf0c2a9f	cookie	929	exclude	quota
5c11da3bba48c7e1	cookie	930	exclude	violence-or-death
1abfe93728fd1654	cookie	931	retain	balanced-editorial-quota
394f17dd6cc5e237	cookie	932	exclude	quota
02bea3e21d14500b	cookie	933	exclude	quota
ee838d86f9d69bef	cookie	934	exclude	quota
85798de8b4381348	cookie	935	exclude	quota
81f2bc5f08da06bd	cookie	936	exclude	quota
b6b31899027b551b	cookie	937	exclude	quota
e366c458bde66cc6	cookie	938	exclude	quota
62ad44d3e0b3f1ca	cookie	939	exclude	presentation-length
a0edfb74d991c31c	cookie	940	exclude	presentation-length
03b0d7c8a62241f8	cookie	941	retain	balanced-editorial-quota
0b5da191eb2b5a1a	cookie	942	retain	balanced-editorial-quota
913949b08e6ec285	cookie	943	exclude	quota
86e679357df41ce5	cookie	944	exclude	quota
ac31b1c2ab5f4baf	cookie	945	retain	balanced-editorial-quota
2528f914b47a9b33	cookie	946	exclude	quota
cc7ebcca05396f46	cookie	947	exclude	quota
492ceb48954149ec	cookie	948	exclude	quota
003532dda6e501fe	cookie	949	exclude	quota
38cdcb38c3419160	cookie	950	exclude	quota
30246c355836189f	cookie	951	exclude	quota
359a9de63f32ed0e	cookie	952	exclude	quota
3f81bd8df2abada9	cookie	953	exclude	quota
d8d72ca3e11b4209	cookie	954	exclude	quota
1643206a7d7a68c9	cookie	955	exclude	quota
e933622bb7c91f37	cookie	956	exclude	ethnic-stereotype
315d6adb8e279e54	cookie	957	retain	balanced-editorial-quota
8324dbec4042aaa1	cookie	958	exclude	quota
5c1882a5a8e2683f	cookie	959	exclude	quota
e1e176390627d7ae	cookie	960	exclude	quota
b8fa4231d6ead947	cookie	961	exclude	quota
b72dac58d036cc07	cookie	962	exclude	quota
c1830664648f9e3e	cookie	963	exclude	quota
f6d80a328e3b8670	cookie	964	exclude	quota
79fc4a5418157986	cookie	965	exclude	quota
34a2b940e67e2df6	cookie	966	exclude	quota
3746c0a9b255a660	cookie	967	exclude	quota
e5092e5ef59afb58	cookie	968	exclude	quota
ef7f9d5773ff5a91	cookie	969	exclude	quota
6e41c747873b0625	cookie	970	exclude	quota
9ba7c29c91ee1d66	cookie	971	exclude	quota
d5b0d73e03cb906a	cookie	972	exclude	quota
c5deac354bae7754	cookie	973	exclude	quota
986ad1420c18dde6	cookie	974	exclude	quota
383171208438732a	cookie	975	exclude	quota
9bb3cab626e1ccc7	cookie	976	exclude	quota
4869fdcca56c1712	cookie	977	exclude	quota
42dd5036b934e00e	cookie	978	exclude	quota
c66d48784b033ffd	cookie	979	exclude	quota
e7c9b3b4a62988c6	cookie	980	exclude	quota
cde1aa5a38954109	cookie	981	exclude	violence-or-death
e2460675cc792e12	cookie	982	exclude	presentation-length
03c08b1899b052b1	cookie	983	exclude	quota
c3d407c2ee77ef6e	cookie	984	exclude	quota
6d3aed1efe29e578	cookie	985	exclude	quota
90cee53f6f74a37c	cookie	986	exclude	quota
f4bb28cf16b35986	cookie	987	exclude	quota
edce4efbf9900e35	cookie	988	exclude	quota
42cd035a0cebb049	cookie	989	exclude	quota
64b2b96b3dae9e41	cookie	990	exclude	quota
baf3bb1602c49fad	cookie	991	retain	balanced-editorial-quota
53fd52e7e81821bd	cookie	992	exclude	violence-or-death
454fd8c3831c220f	cookie	993	exclude	quota
3242e7b0e7162b7e	cookie	994	retain	balanced-editorial-quota
d2df24ab9e6365ee	cookie	995	exclude	quota
6b0c9f880aee0060	cookie	996	exclude	quota
2d32822f61f0c603	cookie	997	retain	balanced-editorial-quota
cf34ac00f759514c	cookie	998	retain	balanced-editorial-quota
499953fe6f0f14da	cookie	999	exclude	quota
2081bdaa504c7ed0	cookie	1000	exclude	quota
88bce1f2e90fe457	cookie	1001	retain	balanced-editorial-quota
9d3f222a953ea377	cookie	1002	exclude	quota
4d1cc50abf31a767	cookie	1003	exclude	quota
a86dc7a36fdbb875	cookie	1004	exclude	quota
b4298454b91bd4b3	cookie	1005	exclude	quota
9754853f79cc1a81	cookie	1006	exclude	violence-or-death
3202359e9c40645b	cookie	1007	exclude	quota
06c257316839b64c	cookie	1008	retain	balanced-editorial-quota
69650268f8d90ac3	cookie	1009	exclude	quota
39275eb46c5c1373	cookie	1010	exclude	quota
0636b7dd59332a92	cookie	1011	retain	balanced-editorial-quota
4fb3e3d0b22667cd	cookie	1012	retain	balanced-editorial-quota
ef6e83a778a6a697	cookie	1013	retain	balanced-editorial-quota
ebeb2ae5432ce5b7	cookie	1014	exclude	quota
c1d31bc8bcc998e7	cookie	1015	exclude	quota
e7a4af516bc4a669	cookie	1016	exclude	quota
dd26c6e42099b201	cookie	1017	exclude	quota
cf35c1839e23e9a6	cookie	1018	exclude	quota
fc56bf5828b57e3c	cookie	1019	exclude	quota
3bcf05f450f7e77e	cookie	1020	exclude	quota
d05d50c9b0cb559b	cookie	1021	retain	balanced-editorial-quota
8b29e78927b7a0a5	cookie	1022	exclude	quota
4e1e9586f1c1b97e	cookie	1023	retain	balanced-editorial-quota
024ea438222208df	cookie	1024	retain	balanced-editorial-quota
e0a4a5a6cf8ca2bc	cookie	1025	exclude	quota
33b5ca3c7d01746d	cookie	1026	exclude	quota
466c450af1e1e6e2	cookie	1027	exclude	quota
8e85593ac5175918	cookie	1028	exclude	quota
3325fe726c735c65	cookie	1029	retain	balanced-editorial-quota
c2466db24314146d	cookie	1030	exclude	quota
67a19fbee7b7652b	cookie	1031	exclude	quota
a7d1dfeb13d34709	cookie	1032	retain	balanced-editorial-quota
ded4c344b25a2c79	cookie	1033	retain	balanced-editorial-quota
f2e9e6651cf0e2a5	cookie	1034	exclude	violence-or-death
3546c7471daca5d6	cookie	1035	exclude	quota
9b369d450ae99ff4	cookie	1036	exclude	violence-or-death
513a75d0df3f6560	cookie	1037	exclude	quota
e3f798ea67a0458c	cookie	1038	exclude	quota
ed2ff2fc3967d46c	cookie	1039	exclude	violence-or-death
afa03675508f98a8	cookie	1040	retain	balanced-editorial-quota
eacc843a60ec4e61	cookie	1041	exclude	quota
ba755eae9aaa452a	cookie	1042	retain	balanced-editorial-quota
094675dcc8af25b7	cookie	1043	exclude	quota
ceba8522a71a86ff	cookie	1044	exclude	quota
ed41d3d1e122cf92	cookie	1045	exclude	quota
6c0e76eccdbd2451	cookie	1046	exclude	quota
3de42168b6116ee7	cookie	1047	exclude	presentation-length
03e116f99bf27a62	cookie	1048	retain	balanced-editorial-quota
e619a013e0beb8b8	cookie	1049	exclude	presentation-length
3b5ebcaf20f3dc63	cookie	1050	retain	balanced-editorial-quota
87df3c73d4fa4567	cookie	1051	exclude	quota
02c68237b93f4ed2	cookie	1052	exclude	final-corpus-trim
fbc6c30a9c875f49	cookie	1053	retain	balanced-editorial-quota
5615e6a015c5a6d0	cookie	1054	exclude	quota
32f7e2e113fca4d4	cookie	1055	exclude	quota
ca0a1df666e17d65	cookie	1056	exclude	quota
8020c833689673ef	cookie	1057	exclude	quota
0c54e85d401b5e0a	cookie	1058	exclude	quota
e7d5d15bbf068b8b	cookie	1059	exclude	quota
ed2d650ce904d10f	cookie	1060	exclude	quota
00b2c6662b2f941c	cookie	1061	exclude	quota
36f989d71f97b836	cookie	1062	exclude	quota
4384f0a0969542b2	cookie	1063	retain	balanced-editorial-quota
f5a735a4fa4a9045	cookie	1064	exclude	quota
664c0c2b6ce41c56	cookie	1065	exclude	violence-or-death
0a2d8a94436bc9ae	cookie	1066	exclude	quota
1fc3b7c64692e685	cookie	1067	exclude	quota
35a34458a8c3a16a	cookie	1068	exclude	quota
073bc7e9ac2b617d	cookie	1069	exclude	quota
5d74b501e763e860	cookie	1070	exclude	violence-or-death
58f55edf53b5f8f1	cookie	1071	exclude	quota
3962e4f0d64abde9	cookie	1072	exclude	quota
eb8b6f08f24e071e	cookie	1073	exclude	quota
549e704b70d95cba	cookie	1074	retain	balanced-editorial-quota
65c44926d5020229	cookie	1075	exclude	violence-or-death
77f7654a2c7acf55	cookie	1076	exclude	presentation-length
7df93439b263abf1	cookie	1077	retain	balanced-editorial-quota
ebd2dd1501cdc574	cookie	1078	exclude	quota
91216586e4aec138	cookie	1079	retain	balanced-editorial-quota
d13affb541ebb9fa	cookie	1080	exclude	quota
2c5ba8e9b10e80ee	cookie	1081	exclude	quota
ffb3d7300d1a54e7	cookie	1082	exclude	quota
6ab965843a4f36ed	cookie	1083	exclude	quota
1ee07f329e82818a	cookie	1084	retain	balanced-editorial-quota
39d6fed9a1206d26	cookie	1085	exclude	quota
f7dc357fde5eeec7	cookie	1086	exclude	quota
c6f918e0248c7c34	cookie	1087	exclude	quota
c510d1a03400f966	cookie	1088	retain	balanced-editorial-quota
df7b52cb01deb0cc	cookie	1089	exclude	quota
ee97252f0a67f871	cookie	1090	retain	balanced-editorial-quota
0f22d69632228744	cookie	1091	exclude	quota
2540f15a5e71d960	cookie	1092	exclude	quota
3e485e356f813b27	cookie	1093	exclude	quota
5ad680a6c72c1a5c	cookie	1094	exclude	quota
41636ef2830bc986	cookie	1095	exclude	quota
47c68d27b005beca	cookie	1096	exclude	quota
cf681a074e18d735	cookie	1097	exclude	quota
bda4006bb3bf21c9	cookie	1098	exclude	quota
fe9569aa81b655c9	cookie	1099	exclude	violence-or-death
481ce1d3c3a5b515	cookie	1100	exclude	quota
749c12364b9c71de	cookie	1101	retain	balanced-editorial-quota
21a7c8d3ff165ab0	cookie	1102	exclude	duplicate
32bfbff1b935c725	cookie	1103	exclude	violence-or-death
d39e3b9e822d1216	cookie	1104	retain	balanced-editorial-quota
f01c7272be49bdcc	cookie	1105	exclude	sexual-or-identity-harm
cefdfbdce03ce23e	cookie	1106	exclude	quota
98f1929523ea393e	cookie	1107	retain	balanced-editorial-quota
b6496eab02f3f7ab	cookie	1108	exclude	quota
c1e24dbe872c70a2	cookie	1109	exclude	duplicate
bf0c91bb527266e3	cookie	1110	exclude	quota
4789941c6ba1e54c	cookie	1111	exclude	quota
3f5ad167a5ddfd6a	cookie	1112	exclude	quota
a14dd0ac91961644	cookie	1113	exclude	quota
fe2d264fa19b3d9e	cookie	1114	exclude	quota
4ee40fd74b6e7493	cookie	1115	exclude	presentation-length
250a9facf0cc346d	cookie	1116	exclude	quota
703d2a721cdbd41f	cookie	1117	exclude	quota
c72ea42f72d6669e	cookie	1118	exclude	quota
282fcf2fc3a6b24c	cookie	1119	exclude	quota
b14aa54af6579cab	cookie	1120	exclude	quota
2b4c9de020229969	cookie	1121	exclude	quota
bedee1ce3a31c744	cookie	1122	exclude	presentation-length
3945970c14b95ec8	cookie	1123	exclude	quota
339a02bb590b872a	cookie	1124	exclude	quota
2682353f77d47c93	cookie	1125	exclude	quota
81d2b931a116009a	cookie	1126	exclude	quota
0e3746da36ecb370	cookie	1127	exclude	quota
d1a0ab337a46fe6b	cookie	1128	exclude	quota
511b23bbb59a357b	cookie	1129	exclude	quota
50b86920dc4e4796	cookie	1130	exclude	quota
7e5e7b2f78435a1b	cookie	1131	exclude	violence-or-death
ecb29bfafd261b0b	cookie	1132	exclude	quota
03c506071b00e1ed	cookie	1133	retain	balanced-editorial-quota
241aff98c7783029	cookie	1134	exclude	quota
f8db64aba911e2d7	cookie	1135	exclude	quota
d59f74473126694a	cookie	1136	exclude	quota
edd94a06115014b8	cookie	1137	retain	balanced-editorial-quota
4efc8b8d799b013b	cookie	1138	exclude	quota
1bf3c6367570786d	cookie	1139	exclude	violence-or-death
9aee004551ff6d2f	cookie	1140	exclude	violence-or-death
6647088ac0acf9ea	definitions	1	exclude	quota
dd125716af191067	definitions	2	exclude	quota
b34065d704935bce	definitions	3	exclude	sexual-or-identity-harm
905064f826e255ad	definitions	4	retain	balanced-editorial-quota
b38cdad498d47de5	definitions	5	exclude	quota
6a009a27e6d55127	definitions	6	exclude	quota
56fba60bbb76a9ec	definitions	7	exclude	violence-or-death
12e1600f0b0f650b	definitions	8	exclude	quota
60a488447cf5cec6	definitions	9	exclude	quota
08d37db7af16fb5b	definitions	10	exclude	quota
eea34722d138e0e9	definitions	11	exclude	quota
2491932f6388a9cb	definitions	12	exclude	violence-or-death
61e16afba1f45ff8	definitions	13	exclude	quota
6448358004e761d1	definitions	14	exclude	quota
6eb5fd17aeb51b58	definitions	15	retain	balanced-editorial-quota
df3f8b5aa9b3d2b7	definitions	16	exclude	quota
81024da7a34a5109	definitions	17	exclude	quota
31de58b7521409f8	definitions	18	exclude	quota
e485e78cdba6d5ad	definitions	19	exclude	quota
b31dc6abc6ab5266	definitions	20	exclude	quota
a6cf483dbcb28ac1	definitions	21	exclude	quota
1e09b256d04af496	definitions	22	exclude	quota
5901283f50fbe290	definitions	23	exclude	quota
bcb857f7f50d1832	definitions	24	retain	balanced-editorial-quota
38ea4447baeecb46	definitions	25	exclude	quota
bd3503b24da8f626	definitions	26	exclude	quota
e711f967dd59def6	definitions	27	exclude	quota
86d3fdfc4ba4875e	definitions	28	retain	balanced-editorial-quota
16d59f19b545c06b	definitions	29	exclude	quota
d27dcbb564dca8ee	definitions	30	exclude	quota
960bd628837efe19	definitions	31	exclude	quota
132f4b65d3d3ea9e	definitions	32	exclude	quota
67c9ff17511bbf6a	definitions	33	exclude	quota
9a4d4bce0f964592	definitions	34	retain	balanced-editorial-quota
b61669751a73a963	definitions	35	exclude	quota
1be990c706380e20	definitions	36	exclude	quota
4b3e1a4ccff0c3d8	definitions	37	exclude	quota
93b02c537d5d25ad	definitions	38	exclude	quota
eeb2c3dbe2f5f9e0	definitions	39	exclude	quota
6c8e347ee6114398	definitions	40	exclude	quota
c4c9d18f61e19e69	definitions	41	exclude	quota
beeb25527e872c26	definitions	42	retain	balanced-editorial-quota
424a3d3f5c5696a4	definitions	43	exclude	quota
f03cbf7aeac3b2f4	definitions	44	exclude	violence-or-death
e2625ff733e15ae5	definitions	45	exclude	quota
ffa0c05f43b7f7fb	definitions	46	retain	balanced-editorial-quota
7c1ad7f72c153537	definitions	47	exclude	quota
f79a929cbdf363ef	definitions	48	exclude	quota
da8b53e9f63c26af	definitions	49	exclude	quota
9de19807e96c5942	definitions	50	exclude	quota
9792aee699dc6cc4	definitions	51	exclude	quota
08765485a7f86fcf	definitions	52	exclude	quota
c59025b66cfa50af	definitions	53	exclude	quota
88adf24b0f15793f	definitions	54	exclude	quota
90e4786fdcf355f6	definitions	55	exclude	quota
f894b245c4e1626f	definitions	56	exclude	quota
2be743e6295fa7f9	definitions	57	retain	balanced-editorial-quota
263d3aa7e3bbe0cc	definitions	58	exclude	quota
dcfaea49dae0f745	definitions	59	exclude	violence-or-death
9951f6968d92c814	definitions	60	exclude	quota
42a0ca1a22cc28ad	definitions	61	exclude	quota
ad1dff0cb9d529d7	definitions	62	retain	balanced-editorial-quota
4b5eac4db881fa4a	definitions	63	exclude	quota
e838320de52158fb	definitions	64	exclude	quota
e0b79a22416896fc	definitions	65	exclude	quota
cc05d35845a53f70	definitions	66	exclude	quota
abbc2f770605aa92	definitions	67	exclude	quota
536aacf17d399e1a	definitions	68	exclude	quota
e616c8e098e02751	definitions	69	exclude	quota
c01d840e245d44ad	definitions	70	retain	balanced-editorial-quota
d0c95d13d9b2363e	definitions	71	exclude	quota
fdc15b4517fb2225	definitions	72	exclude	quota
2ac594bfa2bbc6e7	definitions	73	exclude	quota
3a778366cfd5eda2	definitions	74	exclude	quota
7b001b52085616a3	definitions	75	retain	balanced-editorial-quota
3fbc79abe1e76a19	definitions	76	retain	balanced-editorial-quota
f5ff6afcafdf488b	definitions	77	exclude	quota
e5f8e136e6daeaa0	definitions	78	retain	balanced-editorial-quota
cc74778cfc1d5537	definitions	79	exclude	quota
9e7035d77a5dc4ab	definitions	80	retain	balanced-editorial-quota
20e49502ff582209	definitions	81	exclude	quota
81b0cdee51c003d7	definitions	82	exclude	quota
5f5b4068107bf818	definitions	83	exclude	quota
156bc35a3c457c74	definitions	84	retain	balanced-editorial-quota
869dd2d0d1235a87	definitions	85	retain	balanced-editorial-quota
68c1532adb677a74	definitions	86	exclude	quota
1c602c188d16ee0b	definitions	87	retain	balanced-editorial-quota
7fde60725e85f2b6	definitions	88	exclude	violence-or-death
6ebc524259800862	definitions	89	exclude	violence-or-death
8474824a0053c521	definitions	90	exclude	quota
c3fc441161402552	definitions	91	exclude	quota
380985249e137609	definitions	92	retain	balanced-editorial-quota
eb9338694adab606	definitions	93	exclude	quota
2faaa321d951ca23	definitions	94	exclude	quota
dd0f6fdf0e334777	definitions	95	retain	balanced-editorial-quota
bd88883a10c525f9	definitions	96	exclude	quota
bb26994e4837a399	definitions	97	retain	balanced-editorial-quota
cbbf12c56cd84adb	definitions	98	exclude	violence-or-death
5389b93e29d8eb8b	definitions	99	exclude	quota
d626ff6df6f7a2e9	definitions	100	retain	balanced-editorial-quota
98ff59f58dcfbe43	definitions	101	exclude	quota
e73cde43c65fd550	definitions	102	exclude	quota
5e54f3a1a622a7ff	definitions	103	retain	balanced-editorial-quota
adcbacbcf4ae89f1	definitions	104	exclude	quota
830703f8877691b5	definitions	105	exclude	quota
3fa945438c2084b8	definitions	106	exclude	quota
c7c01fd617d8d545	definitions	107	exclude	quota
80403897f54b37e6	definitions	108	exclude	quota
76e4488bf33d97d0	definitions	109	retain	balanced-editorial-quota
8c37f8b972cc40ee	definitions	110	retain	balanced-editorial-quota
d77ac1b84053f499	definitions	111	retain	balanced-editorial-quota
81d39d61f410d1cc	definitions	112	retain	balanced-editorial-quota
ea5c75a83c813329	definitions	113	exclude	violence-or-death
33f15deaeed99e93	definitions	114	exclude	quota
50a60f7ec701b50e	definitions	115	exclude	quota
0ff584a0787caf06	definitions	116	exclude	quota
2af985e0addebe76	definitions	117	exclude	quota
a05742a57e4b16f0	definitions	118	exclude	quota
5acf2f4de33bf044	definitions	119	exclude	quota
87649c90c21d7c2b	definitions	120	retain	balanced-editorial-quota
aead770024fbbd02	definitions	121	exclude	quota
e5ab25646e3928cb	definitions	122	retain	balanced-editorial-quota
d30287869760e4a1	definitions	123	exclude	quota
52ce13cc7d4d5b69	definitions	124	retain	balanced-editorial-quota
64b59a7a36406e2c	definitions	125	retain	balanced-editorial-quota
9feed2642d782df7	definitions	126	exclude	quota
4c4b43b11c4e3115	definitions	127	exclude	quota
ffddaab5e191adbb	definitions	128	exclude	quota
07b572bd34262303	definitions	129	exclude	quota
6d91a399e32447f5	definitions	130	exclude	violence-or-death
1befe46c5d320a7c	definitions	131	exclude	quota
3a1575bccd186a2f	definitions	132	exclude	quota
426838339fdea408	definitions	133	exclude	quota
357b90d859a17608	definitions	134	exclude	quota
08aacbde801e7b75	definitions	135	exclude	quota
3bc299bb0edf7beb	definitions	136	exclude	final-corpus-trim
2fd5a641882bcfcb	definitions	137	exclude	quota
5794be2fb31b640a	definitions	138	exclude	quota
0722a1639326fcab	definitions	139	exclude	quota
31ec60fbdae90df5	definitions	140	exclude	quota
312b4334a10bc9d7	definitions	141	exclude	quota
172336e1940411f1	definitions	142	retain	balanced-editorial-quota
4ae2de7fdcc1a4ee	definitions	143	exclude	quota
9faf39cec3c3c6ab	definitions	144	exclude	quota
cec67e675ef0c624	definitions	145	exclude	quota
b2ddd87d4e64eaec	definitions	146	retain	balanced-editorial-quota
c0d7f079d67a12c8	definitions	147	exclude	quota
618d93c45243321e	definitions	148	exclude	quota
9ed171f7bf6e383b	definitions	149	exclude	quota
4788df325f1f53f4	definitions	150	retain	balanced-editorial-quota
68f6d141226c53e9	definitions	151	exclude	quota
985a01f21e9f01fd	definitions	152	exclude	quota
df3bac511f7e4ef9	definitions	153	exclude	quota
ed8fcb638cdd79ea	definitions	154	exclude	quota
0fe6ac3937f55cbd	definitions	155	exclude	quota
c1a5e5c16e0d7ec1	definitions	156	exclude	quota
20177ab245210795	definitions	157	exclude	quota
a8bf01794aea89b3	definitions	158	exclude	quota
cb22ff6eb4986c90	definitions	159	exclude	violence-or-death
58125725a6f44f0d	definitions	160	exclude	quota
1f7456ac372cd3c4	definitions	161	exclude	final-corpus-trim
6d8918ad37119e97	definitions	162	exclude	quota
e13390682f290039	definitions	163	exclude	quota
30c4e2a86ed78d29	definitions	164	exclude	quota
0f4c2fbe06b8da1f	definitions	165	retain	balanced-editorial-quota
c9b090a4bad2cc03	definitions	166	exclude	quota
87bc7d78d98d5304	definitions	167	exclude	violence-or-death
be759399db9ef6ea	definitions	168	exclude	quota
edc567aa1fe99149	definitions	169	exclude	quota
e7958fc85392b653	definitions	170	exclude	quota
629dabcab8528102	definitions	171	retain	balanced-editorial-quota
0175a57beb62bdfe	definitions	172	exclude	quota
52c4e8002a40768b	definitions	173	exclude	quota
710c8b52fe2038dc	definitions	174	exclude	quota
73c0d922d14fbbcb	definitions	175	exclude	quota
ba6456ac7f4866c4	definitions	176	exclude	quota
b4d638dae904bbd5	definitions	177	exclude	quota
7cb947e68d675b6d	definitions	178	exclude	quota
0938e7fd125b89da	definitions	179	retain	balanced-editorial-quota
3af226c72d2dd560	definitions	180	retain	balanced-editorial-quota
da33b91989fc598e	definitions	181	exclude	quota
c12db7d8b8681538	definitions	182	retain	balanced-editorial-quota
c96b826d6ab32c4e	definitions	183	exclude	quota
68d75e4b23c946f1	definitions	184	exclude	quota
603be5871a2121b9	definitions	185	retain	balanced-editorial-quota
8bdccaa6ca4eb1da	definitions	186	exclude	quota
dd52ace9b1fbe490	definitions	187	exclude	quota
5450f879aa87c62f	definitions	188	exclude	quota
6f194e9ef8ad9ea9	definitions	189	exclude	quota
834917c5bfe6c933	definitions	190	exclude	quota
a486bfad63a0d8a3	definitions	191	exclude	quota
2ce90ead2fab0901	definitions	192	exclude	quota
c078d6dd5314bf3d	definitions	193	retain	balanced-editorial-quota
80e2c313fae4f93e	definitions	194	exclude	quota
4fc25558401e87e8	definitions	195	exclude	quota
df3e6319f35c7e63	definitions	196	exclude	quota
822fc3cb9e40971e	definitions	197	exclude	quota
6f3e57934ff76b29	definitions	198	retain	balanced-editorial-quota
488bb93809ebdafc	definitions	199	exclude	quota
9972ac36d9903a7d	definitions	200	retain	balanced-editorial-quota
4ab58f5f666de7ef	definitions	201	exclude	quota
f943fdb973b1ae2e	definitions	202	exclude	quota
20901d2f35d9966c	definitions	203	exclude	quota
7dcd18171833f551	definitions	204	exclude	quota
fd0de6af5d3a1254	definitions	205	retain	balanced-editorial-quota
ae8eee1b02f197f9	definitions	206	retain	balanced-editorial-quota
eb0e388a4af54275	definitions	207	exclude	quota
5326738f16a53ce3	definitions	208	exclude	quota
c29209df1135993a	definitions	209	exclude	quota
4809f84cb00b11fb	definitions	210	retain	balanced-editorial-quota
0393ecb156b25f43	definitions	211	retain	balanced-editorial-quota
d310a54ebfa520b4	definitions	212	exclude	quota
a93286de8f15349b	definitions	213	exclude	quota
3d298e5ca59428ce	definitions	214	exclude	quota
140b2282cc485505	definitions	215	exclude	quota
0b5da3f28762399b	definitions	216	exclude	quota
9101b9b5a877785e	definitions	217	exclude	quota
f525f1020b225fad	definitions	218	exclude	quota
4e09eae6e1a8bfc1	definitions	219	retain	balanced-editorial-quota
af2c0aa40c3e0445	definitions	220	exclude	quota
3632551149453a64	definitions	221	exclude	quota
b33e35559cb7f91b	definitions	222	exclude	quota
a2a41522eee5d6bb	definitions	223	exclude	quota
b109ea7730e0f97e	definitions	224	retain	balanced-editorial-quota
fe5b3c20371f9952	definitions	225	exclude	violence-or-death
636d0c3887bc1dcb	definitions	226	exclude	quota
c826e3adc33d400e	definitions	227	exclude	quota
6f096477c99dd57a	definitions	228	exclude	quota
1dfe58a16812fbc8	definitions	229	exclude	quota
3298e61d624c464c	definitions	230	exclude	quota
80d70cf56c506beb	definitions	231	retain	balanced-editorial-quota
abe4d2461d01e0b3	definitions	232	exclude	quota
6f76df9e7b4470fb	definitions	233	exclude	quota
a268924fa16efd51	definitions	234	exclude	quota
e85d339698f8dd17	definitions	235	exclude	quota
a48e3bbeaf1810ce	definitions	236	exclude	quota
a754ed0e252395e0	definitions	237	exclude	quota
997f110490ffd0b6	definitions	238	exclude	presentation-length
1f8c23ca604e1185	definitions	239	retain	balanced-editorial-quota
970cbd1e14a9e20a	definitions	240	exclude	quota
aa58ff28effa6b14	definitions	241	exclude	presentation-length
3502a52be39f9a0f	definitions	242	retain	balanced-editorial-quota
ee9cbe160eea1823	definitions	243	exclude	quota
1808b953c2bc3a4c	definitions	244	retain	balanced-editorial-quota
cf9ff46e92191502	definitions	245	exclude	quota
cefd5a62f4e78906	definitions	246	retain	balanced-editorial-quota
704992e375477e68	definitions	247	exclude	quota
66fafdbd372af342	definitions	248	exclude	quota
9f7f799a85666f07	definitions	249	exclude	violence-or-death
8d101d44c7e63b94	definitions	250	exclude	quota
931888e3746950af	definitions	251	exclude	quota
8c38327db2618b16	definitions	252	exclude	quota
eba39af972b7f83f	definitions	253	exclude	quota
45ee1797704aa5b1	definitions	254	exclude	quota
6a27ca9ecc2960f3	definitions	255	exclude	quota
5f368fde41c177bc	definitions	256	exclude	quota
d9392cf1946deaab	definitions	257	exclude	quota
454f6917d21cef0e	definitions	258	exclude	quota
31e0e481ab6b0f19	definitions	259	exclude	quota
7bc2b73bd7c98141	definitions	260	exclude	violence-or-death
829401df037ae651	definitions	261	retain	balanced-editorial-quota
4e86a967bab32279	definitions	262	exclude	quota
d972dff65adb4f31	definitions	263	exclude	quota
426787f728cb629c	definitions	264	exclude	quota
f403640ff94d7c49	definitions	265	exclude	quota
41b115072daa8c9a	definitions	266	retain	balanced-editorial-quota
d75f4c696a933f3e	definitions	267	exclude	quota
13448f10ffb992a2	definitions	268	exclude	quota
3b0d475de3043055	definitions	269	exclude	quota
ba8a2327a6c35687	definitions	270	exclude	quota
a5847461c899facc	definitions	271	exclude	quota
8d4091e7cf0a8629	definitions	272	exclude	quota
e198109ee5cfb9bc	definitions	273	retain	balanced-editorial-quota
aa05c1f81f81f2ea	definitions	274	exclude	quota
15c246f7b791997e	definitions	275	exclude	quota
257665c7148cc3ff	definitions	276	exclude	quota
126ce13b6ad8adcf	definitions	277	retain	balanced-editorial-quota
d2603c2c18f5b645	definitions	278	exclude	quota
165d33faaf157c20	definitions	279	exclude	quota
463056d437102a7c	definitions	280	exclude	quota
2a887a0269db30e3	definitions	281	exclude	quota
adb2e8a5de591c67	definitions	282	exclude	quota
fcd986c55d1454bd	definitions	283	exclude	quota
169bbb999d60dac6	definitions	284	exclude	quota
5c80e0a972c0b2d3	definitions	285	exclude	quota
5f10a294fbc646ad	definitions	286	exclude	quota
3541d1f7d9eef0c5	definitions	287	retain	balanced-editorial-quota
bcab3db9dea5cd4d	definitions	288	exclude	quota
c03191b8dc2af95a	definitions	289	exclude	quota
5de9d146c1abf2f6	definitions	290	exclude	presentation-length
6617096e4c79c576	definitions	291	exclude	quota
01d0abde357c6d1c	definitions	292	exclude	quota
811aee60d3fdab67	definitions	293	exclude	quota
8786ed1b2f1d04a6	definitions	294	exclude	violence-or-death
3b3b0fa9d36cb8c8	definitions	295	exclude	quota
a015557c113ef843	definitions	296	exclude	quota
0fb408db23bf90a7	definitions	297	retain	balanced-editorial-quota
d9d473bd9510852b	definitions	298	exclude	quota
838b2309392b442d	definitions	299	exclude	quota
558817d72dd54445	definitions	300	exclude	quota
143cc02592dc1477	definitions	301	exclude	presentation-length
f40daf4ac4c631ae	definitions	302	exclude	quota
beb5e10680dad401	definitions	303	retain	balanced-editorial-quota
26debefc52d1afb2	definitions	304	exclude	quota
2d7699f94201460e	definitions	305	exclude	presentation-length
a6c0668b9a78da57	definitions	306	exclude	quota
ef2a52e9d7543b73	definitions	307	exclude	quota
f66f124163a50f63	definitions	308	exclude	quota
2e147cbcbf95f764	definitions	309	exclude	quota
1910c1add75cd758	definitions	310	exclude	quota
c4d35d523d21fe29	definitions	311	exclude	quota
f64f9864b790a8c2	definitions	312	retain	balanced-editorial-quota
dbb3f7e9d8cd80b8	definitions	313	exclude	quota
031cb8e80cd6cd84	definitions	314	exclude	violence-or-death
953b1ab76378f46f	definitions	315	exclude	quota
a7a6f693984a8b80	definitions	316	exclude	quota
a5603819c6ada377	definitions	317	exclude	quota
b03e5c5054f05b00	definitions	318	exclude	quota
faf0707dc4ac696b	definitions	319	exclude	quota
04e53bfbd3fab5f0	definitions	320	exclude	quota
c8792bf6c218d9bc	definitions	321	exclude	quota
765c9601c2beb45d	definitions	322	exclude	quota
5bb2d9928506e12c	definitions	323	retain	balanced-editorial-quota
bf7dfd1656e6ee46	definitions	324	exclude	quota
330587cb21ca78fe	definitions	325	exclude	quota
5399ba3e14f17b33	definitions	326	exclude	quota
89cb919538cc3424	definitions	327	exclude	quota
0ef10c212e7e36bf	definitions	328	exclude	quota
afd8b79b33b50420	definitions	329	exclude	quota
7a8341d4bb5e2797	definitions	330	exclude	quota
390b3389232e7610	definitions	331	exclude	quota
b08344876f2749c2	definitions	332	exclude	quota
c2ab4a2d34bfbab4	definitions	333	exclude	quota
137c009dfc159ead	definitions	334	exclude	quota
9ace156ddf106296	definitions	335	retain	balanced-editorial-quota
629767cba3c48db9	definitions	336	exclude	presentation-length
c60dc186c67bc749	definitions	337	retain	balanced-editorial-quota
c01a543f7671179a	definitions	338	exclude	quota
dedef8b935f91cf0	definitions	339	exclude	quota
981a4d823a16a6ea	definitions	340	retain	balanced-editorial-quota
382b38cce2ef19bc	definitions	341	exclude	quota
bcf50b32ced030e6	definitions	342	exclude	quota
c9369f58202f5fd9	definitions	343	exclude	quota
eb27ee33e4951bbb	definitions	344	exclude	quota
782be564cbbeb376	definitions	345	exclude	violence-or-death
1c0b88091643f6ce	definitions	346	exclude	violence-or-death
c792d8ec823bbb8e	definitions	347	exclude	quota
2d683169ecda0299	definitions	348	exclude	quota
854791c13e410350	definitions	349	retain	balanced-editorial-quota
794e92958229d916	definitions	350	retain	balanced-editorial-quota
8e8b03ad934ff595	definitions	351	exclude	quota
79ca1ac7fe32cc45	definitions	352	exclude	quota
ac8707c1115f25fe	definitions	353	exclude	quota
fc8c087c68302366	definitions	354	exclude	quota
b0e0754cfed51049	definitions	355	retain	balanced-editorial-quota
f96f57e9c60b6f81	definitions	356	exclude	quota
04247e12aeecec4a	definitions	357	retain	balanced-editorial-quota
3128219064d64a21	definitions	358	exclude	quota
73db01369c343871	definitions	359	exclude	quota
43231176bbcdca4a	definitions	360	retain	balanced-editorial-quota
5939e4cd228e8c91	definitions	361	exclude	quota
1b0db23dad307c51	definitions	362	exclude	quota
2d0a2722668f0cef	definitions	363	retain	balanced-editorial-quota
0727ac111e32d35c	definitions	364	exclude	sexual-or-identity-harm
0572b2bf5446de9c	definitions	365	exclude	quota
75444b22d0c6648f	definitions	366	exclude	quota
c69d86a04f640363	definitions	367	exclude	quota
b00f9b1bb1aebb9d	definitions	368	retain	balanced-editorial-quota
6c40fa35340b2203	definitions	369	exclude	quota
5a7055f93f161659	definitions	370	retain	balanced-editorial-quota
05c9aa9ebd664895	definitions	371	exclude	quota
444fc2e2ff780c22	definitions	372	retain	balanced-editorial-quota
f961fce4a3bac5ce	definitions	373	exclude	quota
669cf51b0ab0a723	definitions	374	exclude	quota
346985e98d23fc60	definitions	375	exclude	quota
cd8094833775ea72	definitions	376	exclude	quota
b4435dd67dddc158	definitions	377	exclude	quota
70f1ac1574f86fc0	definitions	378	exclude	quota
139bce9fb076d4d1	definitions	379	exclude	quota
b0002f72a42e2ae7	definitions	380	retain	balanced-editorial-quota
5271cff2d3e6eeb9	definitions	381	retain	balanced-editorial-quota
de081d63a69173cf	definitions	382	exclude	quota
6e9e48d0f11f2713	definitions	383	exclude	quota
a0e6c60f850f30c8	definitions	384	exclude	quota
a107bf8ff22b1b17	definitions	385	exclude	quota
a4adff39e7af151a	definitions	386	exclude	quota
75e2157ebca6c6c9	definitions	387	exclude	quota
689003551c289826	definitions	388	exclude	quota
057fdb3ca1f39589	definitions	389	exclude	unsafe-character
c811a289c837155e	definitions	390	exclude	quota
e81ed672a4c64a33	definitions	391	retain	balanced-editorial-quota
ecc9a8e8a6900c58	definitions	392	exclude	quota
065b2b71cdce6ccc	definitions	393	exclude	quota
cbc6618d39310c27	definitions	394	exclude	quota
35f455a6913ee297	definitions	395	retain	balanced-editorial-quota
f733d347a8b06b05	definitions	396	exclude	quota
897059af0b07ae60	definitions	397	exclude	quota
aca1c66f16ad4ac8	definitions	398	exclude	quota
69a5b49f62b4f74c	definitions	399	exclude	quota
5dea324e2a30bb41	definitions	400	retain	balanced-editorial-quota
11f985b1bce1c536	definitions	401	exclude	quota
bf697e810df05388	definitions	402	exclude	quota
0e6c5ca4a4dae681	definitions	403	exclude	quota
d6ff3c708feee87e	definitions	404	retain	balanced-editorial-quota
5fe4e25a5b4ad64c	definitions	405	exclude	quota
94eedfdca49566db	definitions	406	exclude	quota
fe918b935ba2964f	definitions	407	exclude	violence-or-death
4cabba99fcc87272	definitions	408	exclude	quota
f9515531e36f5274	definitions	409	exclude	violence-or-death
c156521b1b6bdbb5	definitions	410	exclude	quota
cc7ae32106f93b3a	definitions	411	exclude	quota
7222c5d7b9d58ee8	definitions	412	exclude	quota
69f5914a3ea69df7	definitions	413	exclude	quota
a45c4f02377bf912	definitions	414	exclude	quota
6d92650625c4a977	definitions	415	exclude	quota
22ab1f060b67d937	definitions	416	retain	balanced-editorial-quota
d65a011d9b52d11c	definitions	417	exclude	quota
8ccfc148c74b94c3	definitions	418	exclude	quota
c847d2033aa3b50e	definitions	419	retain	balanced-editorial-quota
a15fe1b2ee5e21d8	definitions	420	exclude	quota
1b66c64b63900a39	definitions	421	retain	balanced-editorial-quota
81ac994a3c98f86e	definitions	422	exclude	duplicate
3a5cc0d239c91e56	definitions	423	retain	balanced-editorial-quota
7c448bab195d3afc	definitions	424	retain	balanced-editorial-quota
9c5835266c80969a	definitions	425	exclude	quota
947f9541e6cd1ab0	definitions	426	exclude	quota
b861060cba37d58b	definitions	427	exclude	quota
0117968aaeda6ef7	definitions	428	exclude	quota
33a2b01bbf85f7a7	definitions	429	retain	balanced-editorial-quota
aa95e80c5979229c	definitions	430	exclude	quota
38c8750545494534	definitions	431	retain	balanced-editorial-quota
63163d9244bebe68	definitions	432	retain	balanced-editorial-quota
a66e5779f6c0f068	definitions	433	exclude	quota
11646e0e7c60ea32	definitions	434	exclude	quota
868f08d4050689e0	definitions	435	exclude	quota
22a31106c479a5ad	definitions	436	retain	balanced-editorial-quota
0a244e765ec29ff6	definitions	437	retain	balanced-editorial-quota
3aa0349819506d5a	definitions	438	exclude	violence-or-death
9925185ed487d910	definitions	439	exclude	quota
476d10c878cf8d20	definitions	440	exclude	quota
bf6607ebba9ca692	definitions	441	exclude	quota
17f6758aeeec79b8	definitions	442	exclude	quota
1190cf3ec425a412	definitions	443	retain	balanced-editorial-quota
751e25cef94f20cb	definitions	444	retain	balanced-editorial-quota
b8d4e7eff097a7eb	definitions	445	exclude	quota
cf8155ea650710d8	definitions	446	exclude	quota
350cff3f71951e16	definitions	447	exclude	quota
331778778264f449	definitions	448	retain	balanced-editorial-quota
b28d24837be65e6d	definitions	449	exclude	quota
b648947eef5d88c8	definitions	450	retain	balanced-editorial-quota
0ca1334036cbaba1	definitions	451	exclude	quota
5a598dc7c3a41850	definitions	452	exclude	quota
5549d243d05fbfee	definitions	453	exclude	quota
64bc10c619fa9bdb	definitions	454	exclude	quota
632bb780ecd12225	definitions	455	exclude	quota
516796bef059180b	definitions	456	exclude	quota
972fb6b9a842af55	definitions	457	exclude	quota
ecdf3170b43191f1	definitions	458	exclude	quota
5d167b5cda96bb6b	definitions	459	exclude	quota
e84c7a50a1691b33	definitions	460	exclude	quota
810d848f8c24a945	definitions	461	exclude	quota
efb5f5f623fdf2af	definitions	462	retain	balanced-editorial-quota
2ac233912b76a0af	definitions	463	retain	balanced-editorial-quota
773a4cb9c589b266	definitions	464	retain	balanced-editorial-quota
5071c6262dc94048	definitions	465	exclude	quota
40968cbcc294e7bc	definitions	466	exclude	quota
0f6b0ece9a2f0356	definitions	467	exclude	quota
1bd1214c119cb2ad	definitions	468	exclude	quota
e751acb79753dc3d	definitions	469	retain	balanced-editorial-quota
ebbd4ef79366f6f4	definitions	470	exclude	quota
aa24ccaaaa1751ee	definitions	471	retain	balanced-editorial-quota
bd3b1b1c5b670b5b	definitions	472	exclude	quota
5e8578e570525f6b	definitions	473	exclude	quota
3e5f9c8d834e30ea	definitions	474	exclude	quota
d1a1e05dcfd96db4	definitions	475	exclude	quota
c43dfb5198382325	definitions	476	exclude	quota
1df808e9cc4243c9	definitions	477	exclude	quota
ac77e1257cd483b8	definitions	478	exclude	quota
c01e188da8243d27	definitions	479	retain	balanced-editorial-quota
cfdbc2e41b8cb606	definitions	480	exclude	quota
cb13e33ad715c824	definitions	481	exclude	quota
d2414edb97ff7ddb	definitions	482	exclude	quota
0da905a389b37d72	definitions	483	exclude	quota
526b1eb3fe065ee7	definitions	484	retain	balanced-editorial-quota
a7e339157f1cf4d6	definitions	485	retain	balanced-editorial-quota
7ea343218fd8c455	definitions	486	retain	balanced-editorial-quota
bec9a49e39d73dc7	definitions	487	exclude	quota
f33233438f1467bb	definitions	488	exclude	quota
641bad47996bb55c	definitions	489	retain	balanced-editorial-quota
1cb01ce5d88a6051	definitions	490	exclude	quota
8064f6a12f789fff	definitions	491	exclude	quota
d0e72e4ae4a570ae	definitions	492	exclude	quota
f7602ddccb76a86c	definitions	493	retain	balanced-editorial-quota
ec6911b0307da4c5	definitions	494	exclude	quota
f01c36eb56d2e8ca	definitions	495	exclude	quota
4b8337f716725ac1	definitions	496	exclude	quota
b637dff35bb7e744	definitions	497	exclude	quota
4d1ffdaa2453a796	definitions	498	retain	balanced-editorial-quota
46cdcf4a2a4343d2	definitions	499	exclude	quota
2f0200e18b0a3b17	definitions	500	exclude	violence-or-death
456e935aaf38e965	definitions	501	exclude	quota
1828fffe4590f9c4	definitions	502	exclude	quota
13ba027a109708f2	definitions	503	retain	balanced-editorial-quota
50647b425b3c5425	definitions	504	retain	balanced-editorial-quota
48845cbd17d28a73	definitions	505	exclude	violence-or-death
2d44ffc86f18dda9	definitions	506	exclude	quota
e1ae469a645259a4	definitions	507	exclude	quota
17c2c2a634fae9b1	definitions	508	exclude	quota
8c086da3bf7a5422	definitions	509	exclude	quota
8118b9ad68f556a3	definitions	510	retain	balanced-editorial-quota
997f06ea298b32db	definitions	511	retain	balanced-editorial-quota
2c9726b544dee77d	definitions	512	exclude	violence-or-death
376aaf7ace18ceca	definitions	513	retain	balanced-editorial-quota
89f56471d6d48398	definitions	514	exclude	quota
409dc98488f21dbc	definitions	515	exclude	quota
13dcc90691e2ffc6	definitions	516	exclude	quota
9aa51f02eb935a44	definitions	517	exclude	quota
8772ad8ec8abe22c	definitions	518	exclude	quota
c365401750fc2914	definitions	519	retain	balanced-editorial-quota
5f670b35f3a370be	definitions	520	exclude	quota
97ba98cc983c35b6	definitions	521	exclude	quota
967f7d350f67287a	definitions	522	exclude	quota
4b2d320b761817d2	definitions	523	exclude	quota
528eaba62d181db6	definitions	524	exclude	quota
f946fad3627dcc52	definitions	525	exclude	quota
ccde5e21578fa382	definitions	526	exclude	violence-or-death
fe00bd3a9d5bb0ad	definitions	527	exclude	quota
0d90100f3a93d4b8	definitions	528	exclude	quota
df6a906fb70b4d90	definitions	529	exclude	quota
d0c63cda37663eba	definitions	530	exclude	quota
5e232aa4825d6e19	definitions	531	exclude	quota
e6bb11a7095269a9	definitions	532	exclude	quota
3eef1e47b7c8134c	definitions	533	exclude	quota
4d308a16bf0de86c	definitions	534	exclude	quota
3b890addce382dd4	definitions	535	exclude	quota
06d4fa09bd802a5c	definitions	536	retain	balanced-editorial-quota
81186ded24ba3391	definitions	537	retain	balanced-editorial-quota
d5584c36ce711700	definitions	538	exclude	quota
a3e5c56cd1948e1b	definitions	539	exclude	quota
cc83d332877a5180	definitions	540	retain	balanced-editorial-quota
8223f04e32512743	definitions	541	exclude	presentation-length
c1073b5a59a4b2a2	definitions	542	retain	balanced-editorial-quota
f93c902b9eed7481	definitions	543	exclude	quota
c3fa546e505342c6	definitions	544	exclude	quota
0299de37c3925355	definitions	545	exclude	quota
e18a41d4a56652d8	definitions	546	exclude	quota
dec208ecdd08eba6	definitions	547	retain	balanced-editorial-quota
ce88ce0a90d5f93d	definitions	548	exclude	quota
ef7d4a83587ff402	definitions	549	exclude	quota
74ca7e01e9c81ecf	definitions	550	exclude	quota
699ff95b251db404	definitions	551	retain	balanced-editorial-quota
68bb23fbcb417cad	definitions	552	exclude	quota
4f8a1ec5a652544b	definitions	553	exclude	quota
9c374fd54da3a933	definitions	554	exclude	quota
4e928ea303449cd6	definitions	555	exclude	violence-or-death
46a529db64184e4a	definitions	556	exclude	quota
973059a414232dc6	definitions	557	exclude	quota
7d1a3b39ea39f109	definitions	558	exclude	quota
e6628224e695063d	definitions	559	retain	balanced-editorial-quota
23d870e0320eee0f	definitions	560	exclude	quota
978ae0474a2a620b	definitions	561	exclude	quota
0b30b994ead75718	definitions	562	retain	balanced-editorial-quota
a9f7c88ad2e0e608	definitions	563	exclude	quota
e7bc66a27b09c25e	definitions	564	exclude	quota
919aeae38b41c0fa	definitions	565	exclude	quota
49ac407a1b744c86	definitions	566	exclude	quota
fe59b22e5fcfe676	definitions	567	retain	balanced-editorial-quota
c66366854bd3ef7b	definitions	568	exclude	presentation-length
2304b2b742a7ecad	definitions	569	exclude	quota
91176542f7e1fec6	definitions	570	exclude	quota
da91383ce02d8559	definitions	571	retain	balanced-editorial-quota
6cc8d174e2549bf6	definitions	572	exclude	quota
57de3d93d478d740	definitions	573	exclude	quota
c1fbc5c44c20cdf3	definitions	574	retain	balanced-editorial-quota
bed89373f03a97f7	definitions	575	exclude	quota
12ae5ea8093c2ec8	definitions	576	exclude	quota
8803b69a0edff853	definitions	577	exclude	quota
3a22b8f607936d02	definitions	578	exclude	sexual-or-identity-harm
a9068e080ccdf6cc	definitions	579	exclude	quota
09daf7548533e2bf	definitions	580	exclude	quota
1e56c641e93717d0	definitions	581	exclude	quota
a4aa65301d316478	definitions	582	exclude	quota
001b05885c578497	definitions	583	exclude	quota
023e920ac9ecb7a7	definitions	584	exclude	quota
dba1658e6ace6a4d	definitions	585	retain	balanced-editorial-quota
45123bbc726cdccd	definitions	586	exclude	quota
c3af59919f5102a1	definitions	587	exclude	quota
d0d4d983ff2bd6ca	definitions	588	exclude	quota
f8164bf927b61f65	definitions	589	retain	balanced-editorial-quota
4c173c195a858acb	definitions	590	exclude	quota
6b397d6490fc0bc4	definitions	591	exclude	quota
5169abdaebf2a1b6	definitions	592	retain	balanced-editorial-quota
e25c4c85ec3a0bf5	definitions	593	exclude	unsafe-character
96483a51e451e5b0	definitions	594	exclude	quota
556f41fa2a8f12ae	definitions	595	retain	balanced-editorial-quota
b9cece567477d6e1	definitions	596	retain	balanced-editorial-quota
eb88ceb55369350e	definitions	597	exclude	quota
79f79ce2574f0eb1	definitions	598	retain	balanced-editorial-quota
cee4012c87c5a92d	definitions	599	exclude	quota
ff462cdfca718087	definitions	600	retain	balanced-editorial-quota
a5deafd381167f71	definitions	601	exclude	quota
9dfbeab8b5c15d8e	definitions	602	retain	balanced-editorial-quota
1fca09503eb187ff	definitions	603	retain	balanced-editorial-quota
c75b4ebad89a779a	definitions	604	retain	balanced-editorial-quota
7684f1168c83c135	definitions	605	retain	balanced-editorial-quota
4d3e795dbde6dba4	definitions	606	exclude	quota
4655e46dcf9a9cf6	definitions	607	exclude	quota
fdc686c38a39a5cc	definitions	608	exclude	quota
9c388efc03dd03c2	definitions	609	exclude	quota
dd88da46fb72ac61	definitions	610	exclude	presentation-length
62108e33c7957741	definitions	611	exclude	quota
eddd5d593ff7643c	definitions	612	exclude	presentation-length
4210427995017cfb	definitions	613	exclude	quota
83b62bf0288ae911	definitions	614	exclude	quota
b546a99d2c859676	definitions	615	exclude	quota
eb889218a8731127	definitions	616	exclude	quota
c4e9fd3d49140ec2	definitions	617	exclude	quota
065111e1addb1c94	definitions	618	exclude	quota
181fbd110c143c62	definitions	619	exclude	quota
be6b600f485212db	definitions	620	retain	balanced-editorial-quota
a9ad06e462956071	definitions	621	exclude	quota
9c916f3640d939de	definitions	622	retain	balanced-editorial-quota
2c4d024a77f2f93c	definitions	623	exclude	quota
6e73cb389c6fb867	definitions	624	exclude	quota
91df0d14b31a8a27	definitions	625	exclude	quota
b24441e6dcdd317d	definitions	626	exclude	quota
cf764a24568403ec	definitions	627	exclude	quota
4b427037e8e37c95	definitions	628	exclude	quota
e56d7641c26f8ce9	definitions	629	retain	balanced-editorial-quota
a05b640c6cd20701	definitions	630	exclude	quota
dd7892a6e61b0e27	definitions	631	exclude	quota
2e09022dbbe2940e	definitions	632	retain	balanced-editorial-quota
d949d114b30a82ba	definitions	633	exclude	violence-or-death
1301a56b2f211927	definitions	634	exclude	quota
e38bd7ca8d8f9565	definitions	635	retain	balanced-editorial-quota
3c9a93f1348ebbfe	definitions	636	exclude	quota
561e066759d9e4ba	definitions	637	exclude	quota
6bc24b8f3fc13cd5	definitions	638	exclude	quota
d14f9f47214e9636	definitions	639	exclude	quota
ad8d301e49ac1f1d	definitions	640	exclude	quota
8d7f8921712d59d1	definitions	641	exclude	quota
d1eb388d74458b81	definitions	642	exclude	quota
dec726b83d7e8247	definitions	643	exclude	quota
549b546d81e99e48	definitions	644	exclude	quota
668f8a8948f8d0bf	definitions	645	exclude	sexual-or-identity-harm
57ac80023022ff90	definitions	646	exclude	violence-or-death
2ac8931cf503e5a4	definitions	647	exclude	quota
d73801b99ec5b21a	definitions	648	retain	balanced-editorial-quota
ad0270f59bdb7089	definitions	649	exclude	quota
3cdd5a0a00d2564b	definitions	650	retain	balanced-editorial-quota
fe09a221eecba066	definitions	651	retain	balanced-editorial-quota
43f10dd104585915	definitions	652	retain	balanced-editorial-quota
be20da2a71dc9236	definitions	653	retain	balanced-editorial-quota
635d30d7907666ba	definitions	654	retain	balanced-editorial-quota
7c1861b23e59d70d	definitions	655	exclude	quota
cdc9d5e2306ff107	definitions	656	exclude	quota
fbf0995616113350	definitions	657	exclude	quota
d4d67475d3c1ea20	definitions	658	retain	balanced-editorial-quota
81fc3027438ca455	definitions	659	exclude	quota
99de584de37bada5	definitions	660	exclude	quota
c142a0f74c4dd1b1	definitions	661	retain	balanced-editorial-quota
a6c53427201f9448	definitions	662	exclude	quota
047e5334771e96d2	definitions	663	exclude	quota
b248079fba465bed	definitions	664	exclude	quota
250e56ea789ed013	definitions	665	exclude	quota
338c2f4e6ec7c34e	definitions	666	exclude	quota
e74702d01c817bf9	definitions	667	retain	balanced-editorial-quota
cb2b4dd3c1eb2d25	definitions	668	exclude	quota
e487b86e02567a2c	definitions	669	exclude	quota
3000fd8826186ad5	definitions	670	retain	balanced-editorial-quota
24a247f0de9148d4	definitions	671	exclude	quota
5af3a2acf71eaef0	definitions	672	retain	balanced-editorial-quota
0c26d3605f87280b	definitions	673	retain	balanced-editorial-quota
cb27cd329a668bae	definitions	674	retain	balanced-editorial-quota
4cd411ac7abdcaf2	definitions	675	exclude	quota
23fec75f63928870	definitions	676	exclude	quota
6bb0a420676ecb1d	definitions	677	exclude	quota
062b66759ff5b4fc	definitions	678	retain	balanced-editorial-quota
3806cca545bf7be2	definitions	679	exclude	quota
e924800d8daf8214	definitions	680	exclude	quota
0d23777de6b84e5c	definitions	681	exclude	quota
01ccfd078e000f3d	definitions	682	exclude	violence-or-death
fff463ca8287ae93	definitions	683	exclude	violence-or-death
1ecfe775fbb3b596	definitions	684	exclude	quota
17c50a445600637f	definitions	685	exclude	quota
cd602017581bb9b1	definitions	686	exclude	quota
c570d447fbfee237	definitions	687	exclude	quota
04e3f585bc553bc4	definitions	688	exclude	quota
0a3abf7353764f5b	definitions	689	exclude	quota
80cb9610b26b59c0	definitions	690	exclude	quota
764329bd86300dfc	definitions	691	exclude	quota
3b839aba6322153f	definitions	692	exclude	quota
2cf052534dc3a667	definitions	693	exclude	quota
fd5353555ce8caa8	definitions	694	exclude	quota
41a267fa86692059	definitions	695	retain	balanced-editorial-quota
1ffc9d0daf384557	definitions	696	retain	balanced-editorial-quota
37bf701d6528a8e0	definitions	697	exclude	quota
92b808b1b8945892	definitions	698	exclude	quota
f9f30992b1a5cb06	definitions	699	exclude	violence-or-death
a6c21647cbca6e2c	definitions	700	exclude	quota
569b2482a687d9aa	definitions	701	exclude	presentation-length
582b2162de00e587	definitions	702	exclude	quota
c6f2c1de22060f57	definitions	703	exclude	quota
d427b8b8c4dc1e9e	definitions	704	retain	balanced-editorial-quota
2a2c8f6e7e80729c	definitions	705	exclude	quota
038d53ce52b27c06	definitions	706	exclude	quota
c25f17dc4ee86927	definitions	707	exclude	violence-or-death
f3c62fe6592bdb3a	definitions	708	retain	balanced-editorial-quota
8b0ce368a30a74a5	definitions	709	exclude	violence-or-death
5ac297f66837799a	definitions	710	exclude	quota
129801c90cd2752d	definitions	711	exclude	quota
8f1eee00b006bf8f	definitions	712	exclude	quota
3c163143a8edc4cb	definitions	713	exclude	quota
446506bf3c703153	definitions	714	exclude	quota
1db2e50658453fff	definitions	715	exclude	quota
ea63d0466f7ec070	definitions	716	exclude	quota
d960dd0bee1478cb	definitions	717	exclude	quota
3de532782676a697	definitions	718	exclude	quota
00872d2ab04dfa7c	definitions	719	retain	balanced-editorial-quota
0b8ab456d84ba147	definitions	720	exclude	violence-or-death
71f1ed14ff6a13cd	definitions	721	exclude	quota
cf77d741fee579e3	definitions	722	exclude	quota
14a1dd9db754cb8d	definitions	723	retain	balanced-editorial-quota
7f2e7e4af049f9dc	definitions	724	exclude	quota
eba42f70c283d818	definitions	725	exclude	quota
eb2362dda809427d	definitions	726	exclude	quota
2a05c838b3d905e1	definitions	727	exclude	quota
132735f5d5b84f35	definitions	728	exclude	presentation-length
61ac592160e3a9b1	definitions	729	exclude	quota
53a31ed15604c7fc	definitions	730	exclude	quota
2b34f46f4c6b0132	definitions	731	exclude	quota
622d54a4d070918b	definitions	732	exclude	quota
8c953e83410fce9a	definitions	733	exclude	violence-or-death
bfe46e6545a65414	definitions	734	retain	balanced-editorial-quota
fdfb58ef218d199f	definitions	735	exclude	quota
1a2cc7a790491d0a	definitions	736	exclude	quota
fb72ca87a173699f	definitions	737	exclude	quota
3a2656f457907ac0	definitions	738	exclude	quota
065953a388259f2c	definitions	739	exclude	quota
d55d5a0df2947c56	definitions	740	exclude	quota
dcdf7ee78283fd6d	definitions	741	exclude	quota
0e05755f7b85f687	definitions	742	exclude	quota
b8a39b0ae32f04b4	definitions	743	exclude	quota
abdb61e5be20b02a	definitions	744	exclude	quota
65dd881d78334c6d	definitions	745	exclude	quota
bb542335ee996913	definitions	746	exclude	quota
ef0b08e2dd6de43e	definitions	747	exclude	quota
479f0f470df8d92e	definitions	748	exclude	quota
d9d11d5aea654164	definitions	749	exclude	unsafe-character
1650ab273da15f43	definitions	750	exclude	quota
35fd7750c8d08b08	definitions	751	exclude	violence-or-death
9d898f7bc2c3aa32	definitions	752	exclude	quota
1c4138ee169bc6a6	definitions	753	exclude	quota
e65e8f94981ec7bb	definitions	754	retain	balanced-editorial-quota
0f942a9a739dde3e	definitions	755	exclude	quota
69060ce5d6ab8682	definitions	756	exclude	quota
195469c8618802ff	definitions	757	exclude	quota
2bac797d045effa0	definitions	758	exclude	quota
6198223412461020	definitions	759	exclude	quota
1f8a9fa81baff026	definitions	760	exclude	quota
fcd4b1f317502436	definitions	761	exclude	quota
797e4af224c513d3	definitions	762	exclude	quota
80b28fb28c24cb3e	definitions	763	exclude	quota
e691dfaed8d4ed44	definitions	764	exclude	quota
6252f5a2d1b9344d	definitions	765	exclude	quota
3f866722074abe84	definitions	766	exclude	quota
a3970a3d13145450	definitions	767	exclude	quota
bfe6d433dba1adb0	definitions	768	exclude	quota
73c9ef49561b4e5b	definitions	769	exclude	quota
51ef4f4147f3cc2c	definitions	770	exclude	quota
76d53e4b80d36441	definitions	771	exclude	quota
2509d48e9166b3a2	definitions	772	exclude	quota
95629f884eeb965b	definitions	773	exclude	quota
4e2850a15e47e377	definitions	774	exclude	quota
a39f5aaadb3be926	definitions	775	exclude	quota
c37ba328d0cb4bf2	definitions	776	exclude	quota
4b6f3bf0b6197a86	definitions	777	exclude	quota
70481360cf24dd5d	definitions	778	exclude	quota
5af200cc2a8a9695	definitions	779	exclude	quota
614d5c3b29f4b0c4	definitions	780	exclude	quota
610abdc30531c876	definitions	781	exclude	quota
543f541dd6a2c64e	definitions	782	exclude	quota
ce17637c3c344182	definitions	783	exclude	quota
0ae0c29fba691dfd	definitions	784	exclude	quota
b92d39921d0a2e7b	definitions	785	exclude	quota
d58410878457da54	definitions	786	exclude	quota
f3a6e726eabbf43e	definitions	787	exclude	quota
514eda31c805af8a	definitions	788	exclude	quota
6f16c64d6d77c42e	definitions	789	exclude	quota
dd61ec14f025f5cd	definitions	790	exclude	quota
050da783c6d743a7	definitions	791	exclude	quota
9267087132339c1d	definitions	792	exclude	quota
d1b6dc35dece3213	definitions	793	exclude	quota
44f526b0ec7c708d	definitions	794	exclude	quota
5980f22c574dae61	definitions	795	exclude	quota
0562c7f37aef9de2	definitions	796	exclude	quota
06a5d6f716ee00f9	definitions	797	exclude	quota
40f373494fb88308	definitions	798	exclude	quota
3a1e862a2313f945	definitions	799	exclude	quota
545cb0b646e326c2	definitions	800	exclude	quota
58a4d6a264350db7	definitions	801	exclude	quota
55d3bc737f642415	definitions	802	exclude	quota
36f0bb7ec3cdb5d5	definitions	803	exclude	quota
af96ff30bfde15d7	definitions	804	exclude	quota
7abd846534f5ea4a	definitions	805	exclude	quota
55c0c3bfa06db8a6	definitions	806	exclude	violence-or-death
5b0be6349a9aacb1	definitions	807	exclude	quota
2be5c4db76b054b2	definitions	808	exclude	quota
6580e4a1178b31da	definitions	809	exclude	violence-or-death
d718eb1e8c5257a0	definitions	810	exclude	quota
dbd8267677ad3320	definitions	811	exclude	quota
d2b64bbfe2d88e59	definitions	812	exclude	quota
d76c816bfcca8a4c	definitions	813	exclude	violence-or-death
63356f243b74f55c	definitions	814	exclude	quota
d308e41e5217441d	definitions	815	exclude	quota
c2f68be567b13862	definitions	816	exclude	quota
31d9dc393c11734f	definitions	817	exclude	violence-or-death
1c0456dae4c30fa6	definitions	818	exclude	quota
3c1c42c3618271d9	definitions	819	exclude	quota
0e5d7490ce0f93bc	definitions	820	exclude	quota
962e94144fa143c9	definitions	821	exclude	quota
aee25366d549460d	definitions	822	exclude	quota
d6ba9dc2c0e00620	definitions	823	exclude	quota
d5d88f92b799a7c5	definitions	824	exclude	quota
46562d0f773a3195	definitions	825	exclude	quota
be77539c8ebd9cc1	definitions	826	exclude	quota
1f05fff5db166421	definitions	827	exclude	quota
63fd604dd92f419b	definitions	828	exclude	violence-or-death
dea5bd726a09578c	definitions	829	exclude	quota
e289d461cf76b75d	definitions	830	exclude	quota
61a0cc81929dac0e	definitions	831	exclude	quota
db70c45868d121e2	definitions	832	exclude	quota
58d646f38a74d126	definitions	833	exclude	quota
3314f1ee8341bd53	definitions	834	exclude	quota
4ab2e4138607fbc4	definitions	835	exclude	quota
2468a94f5aab0a1c	definitions	836	exclude	quota
75dbeff2c7008231	definitions	837	exclude	quota
121b238eae57e384	definitions	838	exclude	quota
ff0989ccd7bbc1d0	definitions	839	exclude	quota
75e6a5dc5e77f01b	definitions	840	exclude	quota
d8fc655028cfd852	definitions	841	exclude	quota
c3d03a4fe8999a39	definitions	842	exclude	violence-or-death
30702f8b30d44772	definitions	843	exclude	quota
c731ab93c45f57b9	definitions	844	exclude	quota
2c4bc704646d866a	definitions	845	exclude	quota
9700f648a4e4d2d5	definitions	846	exclude	quota
1171f92436b694be	definitions	847	exclude	quota
ffd6e8a4279b2bf0	definitions	848	exclude	quota
5679363f6a352d19	definitions	849	exclude	quota
9259f3176e3b25b1	definitions	850	exclude	quota
6821ee673963deba	definitions	851	exclude	quota
05f818e246e003db	definitions	852	exclude	quota
89fee7a867fb9ac3	definitions	853	exclude	quota
c15646b118c44fe5	definitions	854	retain	balanced-editorial-quota
0d4a3eddbf3dd15f	definitions	855	retain	balanced-editorial-quota
eefcfc2ce9120dc6	definitions	856	exclude	quota
597ea9247041d432	definitions	857	exclude	quota
0f12519935496917	definitions	858	exclude	quota
dd99e261533877cd	definitions	859	exclude	quota
81f781fbae513786	definitions	860	exclude	quota
30e4aff0ab63c089	definitions	861	retain	balanced-editorial-quota
2b16c5edcc182372	definitions	862	exclude	quota
6c5da984904f59ce	definitions	863	retain	balanced-editorial-quota
50adbd077b8d926f	definitions	864	exclude	quota
f0aa3c1527de8751	definitions	865	exclude	quota
0cb61e804ec71f4d	definitions	866	exclude	quota
8d4a289775a5d31f	definitions	867	exclude	quota
758b3b237b815495	definitions	868	exclude	ethnic-stereotype
370caefab9899c3b	definitions	869	exclude	quota
dec5d2bfe914eddc	definitions	870	exclude	quota
5658b95d242a4583	definitions	871	retain	balanced-editorial-quota
1c535a614f9909eb	definitions	872	exclude	quota
2c2df3b2e5b34501	definitions	873	exclude	quota
44b31d48ef78ed8f	definitions	874	exclude	quota
9b76f812ee8c9abd	definitions	875	exclude	quota
6e36e43fa0d8f392	definitions	876	exclude	quota
3332b8636d58ad2f	definitions	877	exclude	quota
ff6df41bdeee92b0	definitions	878	exclude	quota
939e84a9ee4cd66c	definitions	879	exclude	quota
d624a51d1dd18733	definitions	880	exclude	quota
0894d3a528ed9e34	definitions	881	exclude	quota
4d23224f8bbfe6ee	definitions	882	exclude	quota
b2146b2fe8cbbcc9	definitions	883	exclude	quota
306ffb33ddbf7f59	definitions	884	exclude	quota
e0bf795842b2c138	definitions	885	retain	balanced-editorial-quota
a547dafd2ac6b9e0	definitions	886	exclude	quota
2fa09e2ed8e5847a	definitions	887	exclude	quota
4471b997dc4d3dfa	definitions	888	exclude	quota
3c9ceb08c5332a7f	definitions	889	exclude	quota
ebe4a28586029d69	definitions	890	exclude	quota
1e513d943674b3a1	definitions	891	exclude	quota
3bf4aacba80d2d60	definitions	892	exclude	quota
84bcdd656c00d6f3	definitions	893	exclude	quota
3a626e1816741cc6	definitions	894	exclude	quota
a99db45bc0ce9bcf	definitions	895	exclude	quota
9ba3ba37d3eda658	definitions	896	exclude	violence-or-death
e758d6986bc73695	definitions	897	exclude	quota
f97d968365d6afae	definitions	898	exclude	quota
2d6d76615e16a850	definitions	899	retain	balanced-editorial-quota
b0823104e397608b	definitions	900	retain	balanced-editorial-quota
d79302d03429fc7f	definitions	901	exclude	quota
6d3627a71c635677	definitions	902	exclude	quota
dbafd4fd06d56937	definitions	903	exclude	quota
4a557a4e752d2882	definitions	904	retain	balanced-editorial-quota
53aa37382456d663	definitions	905	exclude	quota
931ee0d21915f8b0	definitions	906	exclude	quota
e0a1fb820022cab2	definitions	907	exclude	quota
f49bff161969580c	definitions	908	retain	balanced-editorial-quota
b074089d435a2cc7	definitions	909	exclude	quota
c6d1c331d1baf7fe	definitions	910	exclude	quota
619109e89169fd88	definitions	911	exclude	quota
5ccaf53c61719f37	definitions	912	retain	balanced-editorial-quota
a5fad87d70bd9a04	definitions	913	exclude	quota
5c31c25fb4a16312	definitions	914	exclude	quota
76ac38a3576861aa	definitions	915	retain	balanced-editorial-quota
badc92ac8b0b4802	definitions	916	exclude	quota
99a9d2b28556ef15	definitions	917	exclude	quota
b9c6dc34f7cae447	definitions	918	exclude	quota
fde92a390140e55d	definitions	919	exclude	quota
4bc10782b8566a4c	definitions	920	exclude	quota
d3b1a60d58980937	definitions	921	retain	balanced-editorial-quota
8913ce1b6e962ff8	definitions	922	exclude	quota
710c3c67086abbc2	definitions	923	exclude	quota
4b6db7e3bc93d380	definitions	924	exclude	quota
619d0eb62a781e7c	definitions	925	exclude	quota
678e64250b29cd40	definitions	926	exclude	quota
0986d6f0e58aaf8b	definitions	927	exclude	quota
727a7b9fdc9f9f31	definitions	928	exclude	quota
6be5a61e4191ea3a	definitions	929	exclude	quota
6f2c17d6a222e9ff	definitions	930	exclude	quota
2862b434154b7ec8	definitions	931	exclude	quota
89242343156365ca	definitions	932	exclude	quota
64829050aeacda92	definitions	933	exclude	quota
a01e4377c5b10eb3	definitions	934	retain	balanced-editorial-quota
39175143e2ade00d	definitions	935	retain	balanced-editorial-quota
90e2e664ddecf514	definitions	936	exclude	quota
537a6b8630c9d9d9	definitions	937	retain	balanced-editorial-quota
69b11403eccdcb24	definitions	938	retain	balanced-editorial-quota
f4f7781b103bf725	definitions	939	exclude	quota
5e3c9e3622da5cdf	definitions	940	exclude	quota
ec375089c71d9abe	definitions	941	exclude	quota
da9d697ad2770b48	definitions	942	exclude	quota
29c62970bb4d575a	definitions	943	exclude	quota
649430f05fd2917e	definitions	944	retain	balanced-editorial-quota
170c26e37fb0eb7b	definitions	945	retain	balanced-editorial-quota
cf1b17ec51e92f4b	definitions	946	retain	balanced-editorial-quota
7e4c0fc58edf7dab	definitions	947	exclude	quota
e39dd7758a056f60	definitions	948	exclude	quota
a68bad4726d3874c	definitions	949	exclude	quota
02b36cb9860c9e80	definitions	950	exclude	quota
41f4fb8218e3b117	definitions	951	exclude	violence-or-death
96a9c379433fa93e	definitions	952	exclude	quota
b7a0544613234c91	definitions	953	exclude	quota
ce925795a3561387	definitions	954	exclude	quota
ee65cf97863b6fc5	definitions	955	exclude	quota
0dc796f37fb825a4	definitions	956	retain	balanced-editorial-quota
7af0637b0cfb0b18	definitions	957	exclude	quota
4b7eebec0d0c54c8	definitions	958	exclude	quota
ef9c703d1db6aea4	definitions	959	exclude	quota
66b877fc5d8c97c5	definitions	960	exclude	quota
e46c5177274e2bb1	definitions	961	exclude	quota
9d782ec8c8ca40be	definitions	962	exclude	quota
f5f36a505cf91bfa	definitions	963	exclude	quota
867262349d6a0062	definitions	964	exclude	quota
d3a88297da461783	definitions	965	exclude	quota
85e05178170a2e4b	definitions	966	exclude	quota
1dcb8cce5e4a5cf8	definitions	967	retain	balanced-editorial-quota
70f5577e62740761	definitions	968	exclude	quota
8501cf0845a1e34e	definitions	969	exclude	quota
f5aa177431e0af2c	definitions	970	exclude	quota
096fe294f7e55860	definitions	971	exclude	violence-or-death
9296340a9269b7c9	definitions	972	exclude	quota
905b52bcbbb86006	definitions	973	exclude	violence-or-death
c94ac345321a3127	definitions	974	exclude	quota
8753f760dc7beb18	definitions	975	exclude	quota
f61ff7e9aa90017f	definitions	976	exclude	quota
5ac93e1ba0e5754c	definitions	977	exclude	quota
329e28dcdc66ff18	definitions	978	retain	balanced-editorial-quota
9013c5b3aa70590d	definitions	979	retain	balanced-editorial-quota
4801082965dcf546	definitions	980	exclude	quota
855f879408411cbd	definitions	981	exclude	quota
58fd40fb699a7f46	definitions	982	exclude	violence-or-death
23603d83c69380d5	definitions	983	exclude	unsafe-character
90c4e1af79f509f2	definitions	984	exclude	quota
aa35b974bd1390d3	definitions	985	exclude	quota
66a110caa8e7c29f	definitions	986	exclude	quota
8098b929da333f67	definitions	987	exclude	quota
184a9e1ed57114d5	definitions	988	exclude	quota
26e7d3fb9e7bc96a	definitions	989	exclude	quota
2043ee4a17a60b37	definitions	990	exclude	quota
3eba3dc8d6462669	definitions	991	retain	balanced-editorial-quota
d2178912b21e3d25	definitions	992	exclude	violence-or-death
4090e476788ec692	definitions	993	exclude	quota
0b09fddca68017bd	definitions	994	exclude	quota
d7e7affd265ca93a	definitions	995	exclude	quota
678db2ec36cfb28b	definitions	996	exclude	violence-or-death
1176ee98cce56878	definitions	997	exclude	quota
b0802def3bbf523a	definitions	998	exclude	violence-or-death
6cb5c8c63932a46e	definitions	999	exclude	quota
b3a8f1b225444145	definitions	1000	exclude	quota
87bca02099f7bf3a	definitions	1001	exclude	quota
8f288c84301ad6b9	definitions	1002	exclude	quota
451ca6e20fee68cc	definitions	1003	exclude	quota
016ebe25a38a804d	definitions	1004	retain	balanced-editorial-quota
e9dedefa54682b54	definitions	1005	exclude	violence-or-death
9dcdb8d0edc5de0f	definitions	1006	exclude	quota
16a9376f655b4ef1	definitions	1007	exclude	violence-or-death
748e1857d69af641	definitions	1008	exclude	quota
973217a4c7ee60e6	definitions	1009	retain	balanced-editorial-quota
3d81359684480a58	definitions	1010	exclude	quota
b15336db305728db	definitions	1011	exclude	quota
d036274ef8491ea0	definitions	1012	exclude	quota
89ef9e954aa433ad	definitions	1013	exclude	quota
01a0b6d7252da507	definitions	1014	exclude	quota
5712ec83620bfc12	definitions	1015	exclude	quota
36c1c26e19cec5fa	definitions	1016	exclude	quota
de9176e72e049f89	definitions	1017	retain	balanced-editorial-quota
c55347284221eb68	definitions	1018	exclude	quota
a9a8e880911cfd31	definitions	1019	exclude	quota
10bea0234f135963	definitions	1020	exclude	quota
f2da6be410fef939	definitions	1021	exclude	quota
6e4c354eae03c91d	definitions	1022	exclude	violence-or-death
d94fd1701677e833	definitions	1023	exclude	sexual-or-identity-harm
03a7c379c27e47cc	definitions	1024	exclude	quota
901dde70fb49bede	definitions	1025	exclude	quota
fabbb0650c653602	definitions	1026	exclude	unsafe-character
99bf8ac69d2addfa	definitions	1027	retain	balanced-editorial-quota
f4c79b0272483da4	definitions	1028	exclude	quota
a8d271c60bc7c21d	definitions	1029	exclude	quota
168209fa7dfdeddd	definitions	1030	exclude	quota
3a0f0b0b2e63973e	definitions	1031	exclude	quota
a9c8b051fb47bfd7	definitions	1032	exclude	quota
4ef23228b0b3c398	definitions	1033	exclude	quota
6b1ac791f2f31232	definitions	1034	exclude	quota
e350528d7287d38b	definitions	1035	exclude	quota
392492ee2ba05c7d	definitions	1036	exclude	quota
1e624afb1fd03c00	definitions	1037	exclude	quota
dba483f994bfbbb8	definitions	1038	retain	balanced-editorial-quota
bc09e790e9107511	definitions	1039	exclude	quota
b3622f0c97c04baa	definitions	1040	exclude	quota
d8544c8c800b12d1	definitions	1041	exclude	quota
0122d7aa76afa7a4	definitions	1042	exclude	quota
0d0f9401c4f09ea1	definitions	1043	exclude	quota
2f919be157f845f7	definitions	1044	exclude	quota
2d298db3753aae1e	definitions	1045	exclude	violence-or-death
679b9b4d4fa1bbec	definitions	1046	exclude	quota
aa88e5391e674f64	definitions	1047	exclude	quota
7fbf76146776d57c	definitions	1048	exclude	quota
08bc195c714a99fd	definitions	1049	exclude	quota
01cc8749145ae9d3	definitions	1050	retain	balanced-editorial-quota
543cf952d4db8244	definitions	1051	retain	balanced-editorial-quota
ac0455915418449f	definitions	1052	exclude	quota
8a417932b1a9def1	definitions	1053	exclude	quota
ffffa001a7180f66	definitions	1054	exclude	quota
6b55f5e0773cf6a7	definitions	1055	retain	balanced-editorial-quota
49d1a39f6c6b6a25	definitions	1056	exclude	quota
28277ff55a9a268c	definitions	1057	exclude	quota
3acb50bca6116cdf	definitions	1058	exclude	quota
53f4dd1e12d058f6	definitions	1059	exclude	quota
5d0994c2e7ab6d27	definitions	1060	retain	balanced-editorial-quota
76c79a430adf55e3	definitions	1061	retain	balanced-editorial-quota
6d83a8117f8874a8	definitions	1062	retain	balanced-editorial-quota
1060471533dc9d25	definitions	1063	retain	balanced-editorial-quota
17c3d39b6d0b6671	definitions	1064	exclude	quota
812098f18c2ef67f	definitions	1065	exclude	violence-or-death
f1ee0a733b38c6e5	definitions	1066	exclude	quota
98703bdd1dafd659	definitions	1067	retain	balanced-editorial-quota
311360525fa6efff	definitions	1068	retain	balanced-editorial-quota
624d9ab067be3302	definitions	1069	exclude	quota
1a1317dbd9d28155	definitions	1070	retain	balanced-editorial-quota
02faa717f0958bbb	definitions	1071	exclude	violence-or-death
eb367505480a012e	definitions	1072	exclude	quota
29b9ad8987a79346	definitions	1073	retain	balanced-editorial-quota
96520e7b032d78c6	definitions	1074	retain	balanced-editorial-quota
bf24c36eb7dc2921	definitions	1075	exclude	quota
0e8f8f8d09288091	definitions	1076	retain	balanced-editorial-quota
a90ad70c2c328d08	definitions	1077	exclude	quota
64cec3a81a7c8db3	definitions	1078	exclude	quota
521cf2b7620be3e9	definitions	1079	exclude	quota
2bb17a9c7a7f4bf6	definitions	1080	retain	balanced-editorial-quota
dc545889fa4e9ce9	definitions	1081	exclude	presentation-length
94512557e0ecce0f	definitions	1082	exclude	quota
f2762381f8fd815c	definitions	1083	retain	balanced-editorial-quota
63a04ece9a219449	definitions	1084	exclude	quota
d7f02dfa9b52a2a1	definitions	1085	exclude	quota
cafae155baafb88b	definitions	1086	exclude	quota
811020b9a06e7d64	definitions	1087	exclude	quota
b5928f1a88ba323f	definitions	1088	exclude	quota
813fec710e98d8a7	definitions	1089	retain	balanced-editorial-quota
d48a3598805a5535	definitions	1090	exclude	quota
a16ce7b3183f9e0c	definitions	1091	exclude	quota
28ce6c76eff6c1bb	definitions	1092	exclude	quota
58cb81567bac1eaa	definitions	1093	exclude	quota
f9f672bf2b810fff	definitions	1094	exclude	violence-or-death
4df167d05716b2ab	definitions	1095	exclude	quota
f2b07f60e75c0737	definitions	1096	exclude	quota
349939d9d4dd1fc6	definitions	1097	exclude	quota
3e3551a231cfb72e	definitions	1098	exclude	quota
c101bef338a1a9d0	definitions	1099	exclude	quota
c16320990632754c	definitions	1100	exclude	quota
39e6474d69c6439a	definitions	1101	exclude	quota
9f48fcd3a0fa7417	definitions	1102	exclude	quota
792d29a1d7ce6e8a	definitions	1103	exclude	quota
03e7c83463816db7	definitions	1104	exclude	quota
da0e3f167cd99336	definitions	1105	retain	balanced-editorial-quota
9118dbc0b3dcdcf1	drugs	1	exclude	quota
39443185a9e2c92a	drugs	2	exclude	quota
4ffff77f4003a1ff	drugs	3	exclude	quota
85763381386a6e0e	drugs	4	exclude	quota
f24a94a01453b884	drugs	5	exclude	quota
7725ed15db1bb9f5	drugs	6	exclude	quota
b06b4f20655d9ea2	drugs	7	exclude	quota
ab0f3e981aedbe8d	drugs	8	exclude	quota
86479582c7bf2797	drugs	9	exclude	quota
b0adea7519fce384	drugs	10	retain	balanced-editorial-quota
6e011cda69caeffc	drugs	11	exclude	quota
b9ae515eba4045d4	drugs	12	exclude	quota
7bf1484d8b169cff	drugs	13	exclude	quota
44668077e9234569	drugs	14	exclude	quota
f18a9c0f37a4f57a	drugs	15	exclude	violence-or-death
12e8373d8e207194	drugs	16	exclude	quota
c666bea74263444b	drugs	17	exclude	quota
2b0366f5a2f809f2	drugs	18	exclude	quota
3f2a7e48e3c06e81	drugs	19	exclude	quota
3187f33d9ead75e9	drugs	20	exclude	quota
c212c5b11c3e007a	drugs	21	exclude	quota
befe7685bba87091	drugs	22	exclude	quota
bf652d14560d5579	drugs	23	exclude	quota
9771a26c07053bf0	drugs	24	exclude	quota
b4090128147bc8da	drugs	25	exclude	quota
3a4e108de7e4d3df	drugs	26	exclude	quota
f4ca1044477502e4	drugs	27	exclude	quota
8bb2f4541effc5bd	drugs	28	exclude	quota
191c3633b91293f5	drugs	29	exclude	quota
cd758739bd1e4d59	drugs	30	exclude	quota
e0a8e75d3b443683	drugs	31	exclude	quota
1c4dd02b5bea67ce	drugs	32	exclude	violence-or-death
718d54f98aaa8bc1	drugs	33	retain	balanced-editorial-quota
b997127660ddbca5	drugs	34	exclude	quota
47b479d1ddfc4324	drugs	35	exclude	unsafe-character
23468ca3cac14962	drugs	36	exclude	quota
504546add99103b5	drugs	37	exclude	quota
b3599fc4b66cd2da	drugs	38	exclude	quota
bfe39a2ad9f9738a	drugs	39	exclude	quota
da52ab5866b86f02	drugs	40	exclude	quota
f5f08a521256e029	drugs	41	exclude	presentation-length
6bf429e99df3e432	drugs	42	exclude	quota
070030b1fcfc98fd	drugs	43	retain	balanced-editorial-quota
f9045506f0e93325	drugs	44	exclude	sexual-or-identity-harm
70d94d764ec569a9	drugs	45	exclude	quota
ebfde04d62dc0300	drugs	46	exclude	quota
b59ecb904c16ebc1	drugs	47	exclude	violence-or-death
1bdb8cf0ae7407df	drugs	48	exclude	quota
382bb2a799a04abb	drugs	49	exclude	presentation-length
36c744c18e448f76	drugs	50	exclude	quota
7ed4683c087c36cc	drugs	51	exclude	violence-or-death
ed0025caf8a29b74	drugs	52	exclude	quota
7b74552a9839e5c5	drugs	53	exclude	quota
89d679d2ba491016	drugs	54	exclude	quota
4ee3cd667773ccd1	drugs	55	exclude	quota
36d70c99fca8585f	drugs	56	exclude	quota
8866086a8f2175ad	drugs	57	exclude	violence-or-death
35babd768f57f2a2	drugs	58	exclude	violence-or-death
6bd6671a5159c59f	drugs	59	exclude	quota
4cb0446d7f605955	drugs	60	exclude	quota
c58d414c8b50700f	drugs	61	exclude	quota
3b0f7b444d0a775d	drugs	62	exclude	unsafe-character
5b1b371ac8b44c6b	drugs	63	exclude	quota
a8a847f2d74fe035	drugs	64	exclude	quota
d86edd43e77157ce	drugs	65	exclude	quota
bd7b9ea4bb278327	drugs	66	retain	balanced-editorial-quota
9fedbf057eb65063	drugs	67	exclude	quota
feb7de539cda0c1d	drugs	68	retain	balanced-editorial-quota
11390d3ba81b2ed5	drugs	69	retain	balanced-editorial-quota
611dda3f15d8b4e5	drugs	70	retain	balanced-editorial-quota
9142db117a0fda06	drugs	71	exclude	quota
868fd6b7acae2463	drugs	72	exclude	quota
e0e2ed7c11274ca9	drugs	73	exclude	quota
95eb6218a906d495	drugs	74	retain	balanced-editorial-quota
96c40e1d329a0f8a	drugs	75	exclude	quota
b74f746065497dc8	drugs	76	exclude	quota
2708de79382f34e3	drugs	77	retain	balanced-editorial-quota
0ccd182c8c58fe6d	drugs	78	exclude	quota
15e86a0c239bd8b2	drugs	79	exclude	quota
4995cc153692481a	drugs	80	retain	balanced-editorial-quota
bb2b2aa6c6131080	drugs	81	retain	balanced-editorial-quota
613cb4415ef2dc2e	drugs	82	exclude	quota
2a6857bbeb96ccf4	drugs	83	exclude	quota
e4a66ca456108a50	drugs	84	exclude	quota
4abd19da805128ca	drugs	85	exclude	quota
aeadad82e3396d35	drugs	86	exclude	quota
b194635f24b6d33d	drugs	87	exclude	quota
dad7e8da927d52a2	drugs	88	retain	balanced-editorial-quota
d618b49c0eb6ca3e	drugs	89	exclude	quota
4ce852de3b766fd2	drugs	90	exclude	quota
9d209b8ec0dd5397	drugs	91	exclude	quota
c6b671e600c4966e	drugs	92	exclude	quota
6af82bce435ee070	drugs	93	exclude	quota
a5c5559b1a3b7e1c	drugs	94	exclude	quota
b47846a8a64420a6	drugs	95	retain	balanced-editorial-quota
50010561d2313196	drugs	96	exclude	quota
0a295e675de87c24	drugs	97	exclude	quota
9a34105a156acd9f	drugs	98	exclude	quota
ecb59b2fcb07df99	drugs	99	retain	balanced-editorial-quota
ac30eb1acfc4ffa7	drugs	100	exclude	quota
185f623dbc3c4bb0	drugs	101	exclude	quota
d2a1fd947901f40d	drugs	102	exclude	quota
e867fcf9ba7be9fe	drugs	103	exclude	quota
dbf6077fc7ea56cd	drugs	104	exclude	quota
33eb4f219968bd2b	drugs	105	exclude	violence-or-death
af6978594ff06494	drugs	106	exclude	quota
ddfcbf9ab30260fe	drugs	107	exclude	quota
e34ffa5cbf520d10	drugs	108	exclude	quota
925f663e06eec69c	drugs	109	retain	balanced-editorial-quota
3c6c9a625a9c8265	drugs	110	retain	balanced-editorial-quota
0261b5d0fb876538	drugs	111	exclude	quota
caad177b7cf166d0	drugs	112	exclude	quota
2c66f76d190e35a0	drugs	113	exclude	quota
63b38878041136c6	drugs	114	exclude	violence-or-death
ba37c1a9271b4262	drugs	115	exclude	violence-or-death
2a4d6048d41a2c9d	drugs	116	exclude	quota
205850054d0309fb	drugs	117	exclude	quota
2fada350058b5504	drugs	118	exclude	quota
c409f151967e30ca	drugs	119	retain	balanced-editorial-quota
d369070d83023101	drugs	120	retain	balanced-editorial-quota
f97ee257404ea7c4	drugs	121	exclude	quota
be31d89784c6ad4d	drugs	122	exclude	violence-or-death
31a4c7d95970cf47	drugs	123	exclude	quota
451d0ad425f384a9	drugs	124	exclude	violence-or-death
74f21435e8fe5d52	drugs	125	exclude	quota
562c5a2006e3a370	drugs	126	exclude	quota
965e2456931f7b33	drugs	127	exclude	violence-or-death
86eba310a422fddb	drugs	128	exclude	quota
1d9208c06a367fb4	drugs	129	exclude	violence-or-death
e4a04dbd680d6cc4	drugs	130	exclude	violence-or-death
21e1d071bc100ebf	drugs	131	exclude	quota
c3f4f7d7dcf8a126	drugs	132	exclude	quota
039777ed14026396	drugs	133	exclude	quota
9ca14a1d06da2e19	drugs	134	exclude	quota
1520b5f0efe3fef2	drugs	135	retain	balanced-editorial-quota
bf699e16e119fb91	drugs	136	exclude	violence-or-death
451ce3a9df6e6a43	drugs	137	exclude	quota
7716a0081ab52ae6	drugs	138	exclude	violence-or-death
9cd37634d5fc6816	drugs	139	exclude	quota
a697258469324823	drugs	140	exclude	quota
7e53407b1915d96e	drugs	141	exclude	quota
d305819084e37fc1	drugs	142	exclude	quota
81959a97929aef16	drugs	143	exclude	quota
d5e7bb5a2bee1f50	drugs	144	exclude	quota
588b4e651c16e515	drugs	145	exclude	quota
b5eddd8f2947d8f3	drugs	146	exclude	quota
d82cf448f63a2ae5	drugs	147	exclude	quota
25137a7146b9bfcf	drugs	148	exclude	quota
91f8d03885f3fcb6	drugs	149	exclude	quota
abe685c6fa1a6c70	drugs	150	exclude	quota
7f0100776afea2e3	drugs	151	exclude	quota
8aa03d474422fcce	drugs	152	exclude	quota
e7ec2e9ac25c1a6d	drugs	153	exclude	quota
4248f926a5083c49	drugs	154	exclude	quota
53f01990fd06b07c	drugs	155	exclude	quota
87d4d559f8b03d31	drugs	156	exclude	quota
261ecad744a59bfd	drugs	157	exclude	quota
cd96837a44313feb	drugs	158	exclude	violence-or-death
ac39b9280607c71e	drugs	159	exclude	quota
3c4292529ba224aa	drugs	160	exclude	quota
a339a783e73bcae7	drugs	161	exclude	quota
99adf9a2acdf355b	drugs	162	exclude	quota
5cc869877bc3d8c7	drugs	163	exclude	quota
52376806563b9544	drugs	164	exclude	quota
6aaea21dbd98c8f7	drugs	165	exclude	quota
a98191e2076e2515	drugs	166	exclude	quota
24b81db54c7d0788	drugs	167	exclude	quota
c292241fff10b14c	drugs	168	exclude	quota
646380c50837f7f2	drugs	169	exclude	quota
4dda6d6ce0707ae0	drugs	170	exclude	violence-or-death
57bfb0497da06507	drugs	171	exclude	quota
a7360f2e79689322	drugs	172	exclude	quota
9586be20c9eab11f	drugs	173	exclude	violence-or-death
02ea1744061df6a4	drugs	174	exclude	quota
db139bd0860ca45a	drugs	175	exclude	quota
dadb786c12b1c628	drugs	176	retain	balanced-editorial-quota
4485f4de9d7d9d59	drugs	177	retain	balanced-editorial-quota
545afaf6093ecde1	drugs	178	retain	balanced-editorial-quota
1019f22e9b26f13c	drugs	179	retain	balanced-editorial-quota
b6b16a1ed7bdf6d5	drugs	180	exclude	quota
29513ecffe77cc9f	drugs	181	exclude	presentation-length
4d2c96a0688f74ba	drugs	182	exclude	quota
c7a622df5265ffa9	drugs	183	exclude	quota
e4f173020b73e84c	drugs	184	exclude	quota
329c7eebb3dc827c	drugs	185	exclude	quota
be492a3c344ae840	drugs	186	exclude	quota
222d3e3b009c4dfd	drugs	187	exclude	quota
9d0b6ae803e9d614	drugs	188	exclude	quota
f244ab5233dd5c1c	drugs	189	exclude	quota
2ee8c678e5c28913	drugs	190	exclude	quota
ec6e9a9834375e8f	drugs	191	exclude	quota
a0df157807c0a551	drugs	192	exclude	quota
dc3b5234ccfea263	drugs	193	exclude	quota
bea903ee25c489a3	drugs	194	retain	balanced-editorial-quota
630438f5c2e5a482	drugs	195	retain	balanced-editorial-quota
14d254ffd347fa83	drugs	196	exclude	quota
024a322356048d9d	drugs	197	exclude	quota
ae9634b434deb33f	drugs	198	exclude	violence-or-death
b8024f5489e2869a	drugs	199	exclude	violence-or-death
f3ac7aea3de18487	drugs	200	exclude	violence-or-death
986756b978c4b59a	drugs	201	exclude	quota
a23dffc390f7315e	drugs	202	exclude	quota
7380fc6f8debd1c1	drugs	203	exclude	quota
8207713081220f82	drugs	204	exclude	quota
1cd0e4fe2a97f442	drugs	205	exclude	quota
ce90ced3feeafe4e	drugs	206	exclude	quota
34ec133a604e1e76	drugs	207	exclude	quota
ee4f5d3dabb10526	drugs	208	exclude	quota
2a12479419735f51	education	1	exclude	presentation-length
e1bd279d6b742246	education	2	exclude	quota
52014ada659b0289	education	3	exclude	final-corpus-trim
440e344d3c8fa67f	education	4	exclude	quota
397eea2efa9b3522	education	5	retain	balanced-editorial-quota
d0537572010cca9e	education	6	exclude	quota
77af6c20ddc6578e	education	7	exclude	presentation-length
4a3528dd2dda8345	education	8	exclude	quota
5829911401de552e	education	9	retain	balanced-editorial-quota
392ad8a1737ce255	education	10	exclude	presentation-length
32f034210a9370f5	education	11	retain	balanced-editorial-quota
65ea1345b9f45806	education	12	exclude	violence-or-death
4899e52f2e7062c6	education	13	retain	balanced-editorial-quota
bf2478f594460477	education	14	exclude	quota
e46f9fd298994966	education	15	retain	balanced-editorial-quota
68d55448effaef6e	education	16	exclude	quota
406593f694fbfae8	education	17	retain	balanced-editorial-quota
ca241b9d093d0301	education	18	retain	balanced-editorial-quota
605735548166e36c	education	19	exclude	presentation-length
1c76fd64eee7239e	education	20	retain	balanced-editorial-quota
01d29c870a114586	education	21	exclude	quota
d44296a6dd81cfa4	education	22	exclude	quota
4188ecfe5650997e	education	23	retain	balanced-editorial-quota
1cd34691fa8235f8	education	24	retain	balanced-editorial-quota
f7e4605603af4ae3	education	25	retain	balanced-editorial-quota
680c527a4e846868	education	26	retain	balanced-editorial-quota
a7e398f48218bd97	education	27	exclude	presentation-length
ba8a91911384230d	education	28	retain	balanced-editorial-quota
f2bbbbf90d1e4018	education	29	exclude	quota
58f35fe4cf03c8fa	education	30	retain	balanced-editorial-quota
21e46f7edbd472d1	education	31	retain	balanced-editorial-quota
ce94d851cce0ca68	education	32	exclude	quota
9d75baca8a8f040b	education	33	exclude	quota
da85ec6f101b0f54	education	34	exclude	violence-or-death
fc5729f68f173442	education	35	retain	balanced-editorial-quota
df98c17959fc532e	education	36	retain	balanced-editorial-quota
1def532f8fa65c01	education	37	exclude	quota
025c855dad3f1043	education	38	retain	balanced-editorial-quota
50d20e13a1fe6e84	education	39	retain	balanced-editorial-quota
8b2403d9df1ebc70	education	40	retain	balanced-editorial-quota
3f2a6de087931488	education	41	retain	balanced-editorial-quota
4e91088794233bec	education	42	retain	balanced-editorial-quota
1ce1edf57b761ba7	education	43	retain	balanced-editorial-quota
f952bd79ea68ffae	education	44	exclude	quota
514cac4515587657	education	45	exclude	quota
58cde57f43fa81a6	education	46	retain	balanced-editorial-quota
16da71de1c215782	education	47	exclude	quota
811be8c07f4c2991	education	48	exclude	quota
c6bc3f6a0aecb27a	education	49	exclude	quota
1525cffa099b6f22	education	50	exclude	final-corpus-trim
908fabdb65ce7e1f	education	51	retain	balanced-editorial-quota
6797829ced51620e	education	52	retain	balanced-editorial-quota
794f0a0a6a56d92d	education	53	retain	balanced-editorial-quota
71bf3d3c092b92f5	education	54	retain	balanced-editorial-quota
5d68b8efae2cba6b	education	55	retain	balanced-editorial-quota
f57767953d278061	education	56	exclude	presentation-length
df4b4778520852c0	education	57	exclude	violence-or-death
698a50e821c93e1f	education	58	retain	balanced-editorial-quota
9dc619ab106e14fc	education	59	retain	balanced-editorial-quota
5ac1ec453256b06d	education	60	retain	balanced-editorial-quota
70ad7af4fc2b14a3	education	61	exclude	quota
d65592090bacf345	education	62	retain	balanced-editorial-quota
2ddf7176020a9c02	education	63	exclude	quota
fa577456bfc14471	education	64	retain	balanced-editorial-quota
4ec83c4b952d6550	education	65	exclude	quota
486fa6951bf86890	education	66	exclude	quota
466c7b6ea31deaa1	education	67	retain	balanced-editorial-quota
6cc9c51bacc524c4	education	68	retain	balanced-editorial-quota
efd67fc81beadf31	education	69	retain	balanced-editorial-quota
974321170452ec80	education	70	exclude	quota
95178b349d1b40f8	education	71	retain	balanced-editorial-quota
df2d0cdd1fee9129	education	72	retain	balanced-editorial-quota
b4f6b276feaae7fd	education	73	exclude	quota
a94a5edc814bc85a	education	74	exclude	quota
58e413096e754f45	education	75	retain	balanced-editorial-quota
0d402d95baadca6a	education	76	retain	balanced-editorial-quota
f2a266102e147f48	education	77	exclude	quota
751e52e202c2813c	education	78	retain	balanced-editorial-quota
20effaee12d11a14	education	79	exclude	quota
c3ff7c5caf1b6419	education	80	exclude	quota
ec70808f7e6fb14f	education	81	retain	balanced-editorial-quota
0a62d479634e67cb	education	82	retain	balanced-editorial-quota
2dc2ed4c560f0e2c	education	83	exclude	quota
f921c69e4b4a9e94	education	84	retain	balanced-editorial-quota
75dd251b14b91c0a	education	85	retain	balanced-editorial-quota
dbb91516345f910a	education	86	exclude	quota
168621b03456d2e9	education	87	retain	balanced-editorial-quota
6a5e7410d35657b3	education	88	exclude	presentation-length
ed1936fb0bbcdd6c	education	89	retain	balanced-editorial-quota
9342c7ed9c5e50b6	education	90	retain	balanced-editorial-quota
76980113356bec17	education	91	exclude	quota
c5bf2de249021f57	education	92	retain	balanced-editorial-quota
9733886d78bfb6ca	education	93	retain	balanced-editorial-quota
ce01c5a9f48d7281	education	94	retain	balanced-editorial-quota
cbee8f7b8a2940a9	education	95	retain	balanced-editorial-quota
130f061c12e45a9b	education	96	retain	balanced-editorial-quota
3702e016059e9184	education	97	retain	balanced-editorial-quota
a0960b2e07e4750c	education	98	retain	balanced-editorial-quota
f3a01c3357972963	education	99	retain	balanced-editorial-quota
12b31ba8d51d8a45	education	100	retain	balanced-editorial-quota
a81bd82187a94135	education	101	retain	balanced-editorial-quota
56f24c0d8ed03484	education	102	exclude	violence-or-death
7252a84e20ef413d	education	103	exclude	quota
2751bdf65845e111	education	104	exclude	quota
023f3ff859e22229	education	105	exclude	quota
312a00c2ac1285ab	education	106	exclude	unsafe-character
dd7ce0d7a0fd2fd4	education	107	exclude	presentation-length
1f237313e0f62dfe	education	108	exclude	violence-or-death
54b90a5d6ec5de61	education	109	exclude	quota
2656ee3f864d5609	education	110	exclude	presentation-length
f49fadf28adf764d	education	111	exclude	quota
df8ca5c2cb358d46	education	112	retain	balanced-editorial-quota
ed8558151fa289a0	education	113	retain	balanced-editorial-quota
b3dfbc4f6deffe80	education	114	retain	balanced-editorial-quota
8f1220bcd14073c3	education	115	exclude	quota
1149ebfad76b2c68	education	116	retain	balanced-editorial-quota
0d6dcf1872e97c8e	education	117	retain	balanced-editorial-quota
5c5d4f87c680fe28	education	118	exclude	quota
28daafed0a8eb3cb	education	119	exclude	quota
bf6301b8a5a014a7	education	120	retain	balanced-editorial-quota
b18ca1956b7cfd0e	education	121	retain	balanced-editorial-quota
409de9a178a468c1	education	122	retain	balanced-editorial-quota
5cb951778caead02	education	123	retain	balanced-editorial-quota
79cfa58ade5cf54d	education	124	exclude	quota
062d9e8ef602b04f	education	125	exclude	quota
ea97cb5a904b8f68	education	126	exclude	presentation-length
975209673cf941cd	education	127	exclude	quota
8b244206a75d6bce	education	128	retain	balanced-editorial-quota
0c3b07a51eb27458	education	129	retain	balanced-editorial-quota
da88256e05211179	education	130	exclude	presentation-length
f45efb3c3b9faa76	education	131	exclude	quota
fc3852c2490edd21	education	132	exclude	quota
88f3384c00ff8d28	education	133	exclude	quota
15a434f9880bac97	education	134	exclude	quota
c5cfc9261d36eaa5	education	135	retain	balanced-editorial-quota
93d2397db00df55a	education	136	retain	balanced-editorial-quota
ac18073a7a9212f3	education	137	exclude	quota
e2de3c6fef7278f5	education	138	exclude	presentation-length
5a745497899b314b	education	139	retain	balanced-editorial-quota
76bef5b26865b506	education	140	retain	balanced-editorial-quota
bfdc5e305a23de4f	education	141	retain	balanced-editorial-quota
bd1bb754ff7a5bb0	education	142	exclude	quota
e9b874bd3f155cd1	education	143	retain	balanced-editorial-quota
dd3f94161e430f71	education	144	exclude	presentation-length
841ebfc0ecb711a8	education	145	retain	balanced-editorial-quota
e9e59a86fa3fc1b0	education	146	retain	balanced-editorial-quota
1be37538f1484222	education	147	retain	balanced-editorial-quota
45b43c1d273ae6a2	education	148	exclude	quota
56f651c27164d9ba	education	149	exclude	violence-or-death
8fd706584a6204f1	education	150	retain	balanced-editorial-quota
04e4b13ec4f195aa	education	151	exclude	quota
c63d9209de39eb8b	education	152	retain	balanced-editorial-quota
968bad05b363fa2a	education	153	exclude	quota
67f3f9e18a8ea69c	education	154	retain	balanced-editorial-quota
6bd286c4636a73f1	education	155	exclude	quota
01f0e23a37236090	education	156	retain	balanced-editorial-quota
b2b03f880b31271e	education	157	exclude	quota
8e3a31aa15ba1d58	education	158	exclude	quota
167a75c9688b80a3	education	159	retain	balanced-editorial-quota
43d2f392629033d6	education	160	exclude	quota
c1dacd4e8bb13eb9	education	161	retain	balanced-editorial-quota
f3810ae7f8afb193	education	162	retain	balanced-editorial-quota
57d84e88dcd5a50f	education	163	retain	balanced-editorial-quota
1e1758c6bbc48fdd	education	164	retain	balanced-editorial-quota
94243696089d3899	education	165	exclude	quota
328ee0ee76230d09	education	166	retain	balanced-editorial-quota
b17f97fd5f727204	education	167	retain	balanced-editorial-quota
1477c2b05f989884	education	168	exclude	quota
915a31f09f876724	education	169	retain	balanced-editorial-quota
f74a448cfb932219	education	170	exclude	quota
1dba1e6cfff8218b	education	171	exclude	quota
0ffb575c6e9b1912	education	172	retain	balanced-editorial-quota
862e809cf1155b93	education	173	retain	balanced-editorial-quota
20db6000bf3051dc	education	174	exclude	violence-or-death
e218f042880908dc	education	175	exclude	quota
60a2d699e43699c1	education	176	exclude	quota
cffe17ba1052e6ae	education	177	exclude	quota
7d4d10ce16b40b54	education	178	exclude	presentation-length
e015549e8f9a8d94	education	179	retain	balanced-editorial-quota
102b7fda2a689283	education	180	retain	balanced-editorial-quota
c710432bef6dcf28	education	181	retain	balanced-editorial-quota
5f173f02f3464b34	education	182	retain	balanced-editorial-quota
ea3f767a316c05f3	education	183	exclude	quota
f73a10c86c46f8db	education	184	exclude	quota
c1eb4423ad10f9a4	education	185	exclude	quota
05cdb67e2d861075	education	186	exclude	quota
d5f00261de927e24	education	187	exclude	quota
122d6fe36191d6db	education	188	retain	balanced-editorial-quota
540d59f6d9c00c93	education	189	exclude	violence-or-death
4b4c0bad294c74aa	education	190	retain	balanced-editorial-quota
ba0d4b8f757d8514	education	191	retain	balanced-editorial-quota
56f6726bceadeb6a	education	192	exclude	quota
a72046426211fe54	education	193	exclude	final-corpus-trim
d2ceecedd018d17b	education	194	retain	balanced-editorial-quota
f93f664099cce907	education	195	retain	balanced-editorial-quota
17e8127a5155f7c8	education	196	exclude	quota
16f672a0829ddad6	education	197	exclude	quota
43adbe866d50e67a	education	198	exclude	quota
a31ec366f4cb5777	education	199	retain	balanced-editorial-quota
af177ea9cb174966	education	200	retain	balanced-editorial-quota
632c33fb0c3df3ec	education	201	retain	balanced-editorial-quota
a72feb52ff9fc32e	education	202	retain	balanced-editorial-quota
31e70b3451c461bd	education	203	retain	balanced-editorial-quota
9fc4cf7cd4f173ec	ethnic	1	exclude	source-policy
fd5f6b405db54dcf	ethnic	2	exclude	source-policy
6f6c09904ac6b6f9	ethnic	3	exclude	source-policy
8543799fd36ad32d	ethnic	4	exclude	source-policy
51cfdb320b416930	ethnic	5	exclude	source-policy
13197db6843068a7	ethnic	6	exclude	source-policy
973444631f370830	ethnic	7	exclude	source-policy
efa13ed92148935c	ethnic	8	exclude	source-policy
b1af1366924eeebc	ethnic	9	exclude	source-policy
437803e59277fab6	ethnic	10	exclude	source-policy
e5824137b61e842e	ethnic	11	exclude	source-policy
e8f8b6419266ca81	ethnic	12	exclude	source-policy
ccfd748be236f0d5	ethnic	13	exclude	source-policy
71165ea6a31ecc96	ethnic	14	exclude	source-policy
2ba88029f772799e	ethnic	15	exclude	source-policy
d3fa9bee1bede8f4	ethnic	16	exclude	source-policy
a0716cd008f0c41c	ethnic	17	exclude	source-policy
843b1a707555bca4	ethnic	18	exclude	source-policy
78a6d2346b428080	ethnic	19	exclude	source-policy
6564d243ecfbdc40	ethnic	20	exclude	source-policy
b8d151a4834efff7	ethnic	21	exclude	source-policy
78fea7dd5918c91d	ethnic	22	exclude	source-policy
c59ebee14f9c3339	ethnic	23	exclude	source-policy
3567858c663dcd0a	ethnic	24	exclude	source-policy
64875992affbad39	ethnic	25	exclude	source-policy
8e303ad2304ca267	ethnic	26	exclude	source-policy
8da5009e89e3dd8b	ethnic	27	exclude	source-policy
c1b08c4dcb09d7fd	ethnic	28	exclude	source-policy
2430ae5e39827efd	ethnic	29	exclude	source-policy
33790fa127f3f6fa	ethnic	30	exclude	source-policy
a07e43423e6072cf	ethnic	31	exclude	source-policy
0458f5156d49bba5	ethnic	32	exclude	source-policy
4746df467018552c	ethnic	33	exclude	source-policy
31697c31903dac35	ethnic	34	exclude	source-policy
50718c2ed25e0797	ethnic	35	exclude	source-policy
71e983405f31b88f	ethnic	36	exclude	source-policy
4f5b454e649199de	ethnic	37	exclude	source-policy
ed6940295c549814	ethnic	38	exclude	source-policy
369305cf4d705ce1	ethnic	39	exclude	source-policy
2dafd8daea26048d	ethnic	40	exclude	source-policy
a09c7e8fa184d197	ethnic	41	exclude	source-policy
0e587d06d5825ecd	ethnic	42	exclude	source-policy
61fefad98998d749	ethnic	43	exclude	source-policy
28261430569d96c4	ethnic	44	exclude	source-policy
990700b1d00bb991	ethnic	45	exclude	source-policy
89bc589c8a561469	ethnic	46	exclude	source-policy
dc5ea8ddfe49b127	ethnic	47	exclude	source-policy
d1847bcad992aa5c	ethnic	48	exclude	source-policy
a66d7ac3cc9f4f8a	ethnic	49	exclude	source-policy
943578512b7e050f	ethnic	50	exclude	source-policy
c561a8b51f978181	ethnic	51	exclude	source-policy
bb1651f0c950451a	ethnic	52	exclude	source-policy
fcf27dfc0550bbf0	ethnic	53	exclude	source-policy
939900d62d34a1a5	ethnic	54	exclude	source-policy
f759c127ec01a3bd	ethnic	55	exclude	source-policy
3ec41b23dbfcff8e	ethnic	56	exclude	source-policy
bfe4a8f428087ba9	ethnic	57	exclude	source-policy
af6bc09304fb44a4	ethnic	58	exclude	source-policy
34ece4eedd8c38f1	ethnic	59	exclude	source-policy
2c8abf6aa2ead0b8	ethnic	60	exclude	source-policy
1eda73c1d94d60a8	ethnic	61	exclude	source-policy
44ed87b094a37f98	ethnic	62	exclude	source-policy
8d7a95aaddeff8da	ethnic	63	exclude	source-policy
3e1db08c1233b702	ethnic	64	exclude	source-policy
ae705ec4dadd1447	ethnic	65	exclude	source-policy
2a3b60ab08bbedd4	ethnic	66	exclude	source-policy
d5c81c4ce720e752	ethnic	67	exclude	source-policy
aebe9639be220c35	ethnic	68	exclude	source-policy
8c6942c9dbcf3a74	ethnic	69	exclude	source-policy
f8960537e558cb00	ethnic	70	exclude	source-policy
48335dd96b701c5a	ethnic	71	exclude	source-policy
3f3053c578a387e1	ethnic	72	exclude	source-policy
a84a1b127faa04c2	ethnic	73	exclude	source-policy
0d65c37ecb4186f4	ethnic	74	exclude	source-policy
b9acdbe129713e4d	ethnic	75	exclude	source-policy
ebe2f0edca38c402	ethnic	76	exclude	source-policy
489a51a07d3af42a	ethnic	77	exclude	source-policy
721d8e8d175312e9	ethnic	78	exclude	source-policy
17edfe677937c1af	ethnic	79	exclude	source-policy
4ba18e11a74482ff	ethnic	80	exclude	source-policy
b923a69b377e0b28	ethnic	81	exclude	source-policy
a722173a88fc829e	ethnic	82	exclude	source-policy
9e7c183df2ec3558	ethnic	83	exclude	source-policy
1de16681d5711f8e	ethnic	84	exclude	source-policy
cdd1040e7af5317f	ethnic	85	exclude	source-policy
98ed3e2f178c6461	ethnic	86	exclude	source-policy
b3f8e42e4054ef5e	ethnic	87	exclude	source-policy
b1f7b67c5947c6f2	ethnic	88	exclude	source-policy
0b640c1f25cf9d1d	ethnic	89	exclude	source-policy
3c1112bebba74e40	ethnic	90	exclude	source-policy
e8d4aabc57036ced	ethnic	91	exclude	source-policy
c34ddbfef869c33e	ethnic	92	exclude	source-policy
2ea294823bb106c4	ethnic	93	exclude	source-policy
34b769b967c96f1c	ethnic	94	exclude	source-policy
6c19cb9c612ca1e7	ethnic	95	exclude	source-policy
ac46b599a884fbc2	ethnic	96	exclude	source-policy
86f940fc4710b392	ethnic	97	exclude	source-policy
b0bd67eca13781ce	ethnic	98	exclude	source-policy
749658e358695aba	ethnic	99	exclude	source-policy
22260cc4793368a8	ethnic	100	exclude	source-policy
f83d2d7c58fa7786	ethnic	101	exclude	source-policy
bf7fe0e56f70c391	ethnic	102	exclude	source-policy
a4a2e0005c6596d0	ethnic	103	exclude	source-policy
0cf1854beb6ffb19	ethnic	104	exclude	source-policy
551261437c01f64c	ethnic	105	exclude	source-policy
219af36f84f48fcd	ethnic	106	exclude	source-policy
fb50c32662627436	ethnic	107	exclude	source-policy
091916214d7a11b9	ethnic	108	exclude	source-policy
e77f82891a2acb6b	ethnic	109	exclude	source-policy
3a726c0df6d9f7f8	ethnic	110	exclude	source-policy
7bd134c8cf5ca738	ethnic	111	exclude	source-policy
13eca8532f0c1832	ethnic	112	exclude	source-policy
e27ec26057f1f260	ethnic	113	exclude	source-policy
d79b0f2bb51b0b32	ethnic	114	exclude	source-policy
e83bd00d08aefd9a	ethnic	115	exclude	source-policy
7bd0587e4cbd2390	ethnic	116	exclude	source-policy
64bef686e17c0978	ethnic	117	exclude	source-policy
744b23e700f0dbf2	ethnic	118	exclude	source-policy
e94c835b27a06dea	ethnic	119	exclude	source-policy
1cc829ec72345621	ethnic	120	exclude	source-policy
37bdbca0b48643ac	ethnic	121	exclude	source-policy
d1599a3c78b2e50f	ethnic	122	exclude	source-policy
421f4db12cbb669c	ethnic	123	exclude	source-policy
68cb46b9f4dc194b	ethnic	124	exclude	source-policy
8f58736c470e4ad2	ethnic	125	exclude	source-policy
f725ce5c9ba798fe	ethnic	126	exclude	source-policy
6e7d1b39fb0b92d5	ethnic	127	exclude	source-policy
7ca6333164948679	ethnic	128	exclude	source-policy
0284d0d62972ea02	ethnic	129	exclude	source-policy
bcfb779187789c54	ethnic	130	exclude	source-policy
f2d27cc783bc716f	ethnic	131	exclude	source-policy
c878773c1795a13d	ethnic	132	exclude	source-policy
46c7ca8706a03f66	ethnic	133	exclude	source-policy
109b9d31a0d5f74e	ethnic	134	exclude	source-policy
2307a09a0c28690a	ethnic	135	exclude	source-policy
3f2b23f1f6886d57	ethnic	136	exclude	source-policy
8c35cf5e2ff3852f	ethnic	137	exclude	source-policy
744c3d3cefe5b5bb	ethnic	138	exclude	source-policy
9e4e59900abc9b73	ethnic	139	exclude	source-policy
323d8574590a6861	ethnic	140	exclude	source-policy
fa082762f94c9c59	ethnic	141	exclude	source-policy
7803d236ccc24da0	ethnic	142	exclude	source-policy
d2ac91a9de311cb5	ethnic	143	exclude	source-policy
b85dd23b0ba2043e	ethnic	144	exclude	source-policy
289e060753931816	ethnic	145	exclude	source-policy
7b2ba065723f772b	ethnic	146	exclude	source-policy
2d01352e222362a0	ethnic	147	exclude	source-policy
1dd805df7b8666b4	ethnic	148	exclude	source-policy
5e72f83215b6324d	ethnic	149	exclude	source-policy
5a2ab5ccffb09f2f	ethnic	150	exclude	source-policy
ec02ec7109dd394e	ethnic	151	exclude	source-policy
31e4024e0adeebd2	ethnic	152	exclude	source-policy
263b21e0df164cce	ethnic	153	exclude	source-policy
be79eba1291db216	ethnic	154	exclude	source-policy
605389ed189169bf	ethnic	155	exclude	source-policy
6e0f40b700f08976	ethnic	156	exclude	source-policy
6f4a5a19fc35fd7a	ethnic	157	exclude	source-policy
b5f3f58ed2655f1c	ethnic	158	exclude	source-policy
005754281019fb6a	ethnic	159	exclude	source-policy
53029f2213c4c19c	ethnic	160	exclude	source-policy
983861c7bcd06219	ethnic	161	exclude	source-policy
217a9d66e47d4234	ethnic	162	exclude	source-policy
5a20a37948937d3b	ethnic	163	exclude	source-policy
700b2fc8c359909a	food	1	exclude	presentation-length
3832acf0f04b8042	food	2	exclude	quota
39262b931b3737ea	food	3	retain	balanced-editorial-quota
af8c960e36f7da5e	food	4	retain	balanced-editorial-quota
8754ecd2edafbcc9	food	5	exclude	body-size-weight-or-diet-humor
d69547c0ecd235ea	food	6	retain	balanced-editorial-quota
90551761758cdffc	food	7	exclude	quota
395b628247bcdc47	food	8	retain	balanced-editorial-quota
34cf4a5c2bcaabcb	food	9	exclude	quota
89dc266071ce6c6c	food	10	retain	balanced-editorial-quota
e9064232fad5ac57	food	11	exclude	quota
ac86dace2d6f47d9	food	12	retain	balanced-editorial-quota
18726439872eb41c	food	13	retain	balanced-editorial-quota
da384a1372e770f1	food	14	retain	balanced-editorial-quota
5fbdecfc3e5c129b	food	15	exclude	quota
0e2bb006b81732dd	food	16	exclude	quota
fade14f1987d2c50	food	17	retain	balanced-editorial-quota
34721bcec6951db2	food	18	exclude	quota
a3fcaa84ea232685	food	19	retain	balanced-editorial-quota
8b1b09b2034316f3	food	20	retain	balanced-editorial-quota
896c511f1100bfca	food	21	exclude	quota
1111c9db0908f329	food	22	exclude	quota
d32b7e9e0e7dc513	food	23	exclude	violence-or-death
3fb836374f957d26	food	24	exclude	violence-or-death
b157705f7bdc1976	food	25	exclude	violence-or-death
68fc051bdd2e7ff7	food	26	retain	balanced-editorial-quota
10b6bb30b76bb7d7	food	27	retain	balanced-editorial-quota
35c200d181afe264	food	28	retain	balanced-editorial-quota
773a0d469b484936	food	29	retain	balanced-editorial-quota
272432dc00e7b5ae	food	30	exclude	quota
3cbc0af6dd7dabc5	food	31	exclude	quota
86db6711304bca45	food	32	exclude	quota
eb9c64f149c4cc7f	food	33	retain	balanced-editorial-quota
1a0b8aea6cb0beda	food	34	retain	balanced-editorial-quota
6d31b292cb16fe62	food	35	exclude	body-size-weight-or-diet-humor
a7e5249071beef5c	food	36	exclude	violence-or-death
46457799c9e90906	food	37	retain	balanced-editorial-quota
6f6e4690d456a09a	food	38	retain	balanced-editorial-quota
db7561f0e2478632	food	39	retain	balanced-editorial-quota
45d26333f1ab779a	food	40	retain	balanced-editorial-quota
d45d1a84a03bcfbf	food	41	exclude	body-size-weight-or-diet-humor
948a2cc35285f08d	food	42	exclude	body-size-weight-or-diet-humor
a14804bbcd22ea4b	food	43	retain	balanced-editorial-quota
526d10d7da671008	food	44	exclude	quota
500896a61355203b	food	45	exclude	body-size-weight-or-diet-humor
9461ce6498bdd39e	food	46	retain	balanced-editorial-quota
d3aac40282a4890a	food	47	exclude	presentation-length
1171a45fe2b1e4f4	food	48	exclude	quota
b8e52810f7275297	food	49	exclude	presentation-length
cd9b77fc729a3e30	food	50	exclude	body-size-weight-or-diet-humor
d1d249577604fff2	food	51	retain	balanced-editorial-quota
12db7b3fda45beb7	food	52	retain	balanced-editorial-quota
6917b0d4a75bd105	food	53	exclude	quota
e9fb888f9d78bdec	food	54	exclude	quota
44caf36baeec8189	food	55	retain	balanced-editorial-quota
520409d9774b90f9	food	56	exclude	quota
d328570cb6ec744c	food	57	exclude	quota
e8e658de7b163503	food	58	exclude	quota
ad0a9f6300b16e2d	food	59	retain	balanced-editorial-quota
7ba2af67519f0bb1	food	60	exclude	presentation-length
6d80c5f1b32e5f31	food	61	retain	balanced-editorial-quota
732cbae96ece69fc	food	62	retain	balanced-editorial-quota
59fd052b55f054bb	food	63	exclude	quota
6091467000774900	food	64	exclude	quota
30f313f612016221	food	65	exclude	body-size-weight-or-diet-humor
cae97c8682e5b44d	food	66	retain	balanced-editorial-quota
4307ddffb5d14e04	food	67	exclude	body-size-weight-or-diet-humor
03c87f057aa0937f	food	68	retain	balanced-editorial-quota
928a2da7e94e73e0	food	69	retain	balanced-editorial-quota
1a90a2b8c395ce8d	food	70	retain	balanced-editorial-quota
9cb286edbe006e57	food	71	retain	balanced-editorial-quota
c4cdb5d1bd81288c	food	72	retain	balanced-editorial-quota
48e422a7975d2451	food	73	exclude	quota
051db644d89f1343	food	74	exclude	body-size-weight-or-diet-humor
83a5cf889d4a8762	food	75	retain	balanced-editorial-quota
48ca6afe249f2d49	food	76	retain	balanced-editorial-quota
41e7023d5394d689	food	77	retain	balanced-editorial-quota
21ab5761c550bb69	food	78	retain	balanced-editorial-quota
8d163998eeff0303	food	79	exclude	quota
f0e6446424f7c61b	food	80	retain	balanced-editorial-quota
1cd8a2af1ed42fcf	food	81	exclude	quota
30b5f3c10b53ebdc	food	82	retain	balanced-editorial-quota
4c71df14513a6c83	food	83	retain	balanced-editorial-quota
794c1269939caa27	food	84	retain	balanced-editorial-quota
2aac12c9d866a0bc	food	85	exclude	quota
956e19d7afc221b9	food	86	exclude	quota
f2acb57ca6ceaf15	food	87	exclude	quota
4b68d7ff7a41c584	food	88	exclude	quota
cf76735b58e3400e	food	89	retain	balanced-editorial-quota
6e80263d7f893729	food	90	exclude	quota
208b0df551ba6a82	food	91	retain	balanced-editorial-quota
978f719fdf9a0c8f	food	92	retain	balanced-editorial-quota
7f121a08fbd5ba8f	food	93	exclude	presentation-length
8504514512f6af59	food	94	exclude	violence-or-death
ffed8d327cc8e2f8	food	95	exclude	quota
fc10e20bed1513d7	food	96	retain	balanced-editorial-quota
b164650aff625477	food	97	exclude	quota
e82416dfde1da5df	food	98	retain	balanced-editorial-quota
a7759db328754ea3	food	99	retain	balanced-editorial-quota
f2115f39afae6102	food	100	exclude	quota
2d7fd95fa8836340	food	101	retain	balanced-editorial-quota
4dac6e22ff3f0980	food	102	retain	balanced-editorial-quota
aa9b15430d3c7796	food	103	retain	balanced-editorial-quota
16e8eb24e6cdf362	food	104	exclude	quota
a4b22848b76427e6	food	105	exclude	quota
fad03cf1f0472d5e	food	106	exclude	quota
2e27fa9e6458f11c	food	107	exclude	quota
f53e83ce649fafa7	food	108	exclude	quota
d0edd9ef2bb2db67	food	109	exclude	presentation-length
7f0cd7b7e4f71c7b	food	110	exclude	violence-or-death
80d82effc882a565	food	111	exclude	presentation-length
1b630f919b61472c	food	112	exclude	body-size-weight-or-diet-humor
3732c854c1202211	food	113	retain	balanced-editorial-quota
bb813793d9f7a5ec	food	114	retain	balanced-editorial-quota
5c2987c503526d6a	food	115	retain	balanced-editorial-quota
b5b48958053341e3	food	116	exclude	body-size-weight-or-diet-humor
4ff3c9a1d18ab9b9	food	117	exclude	violence-or-death
250764654fa1c090	food	118	retain	balanced-editorial-quota
15a03a07acec2d7b	food	119	exclude	quota
d301a1c969c91cfc	food	120	exclude	quota
98858e28d0f91223	food	121	retain	balanced-editorial-quota
ad4ae86a5cb14234	food	122	exclude	presentation-length
305dde124b026a15	food	123	exclude	quota
f205444e39785c41	food	124	exclude	quota
c8fd063ab7261105	food	125	exclude	quota
48b84306849d834b	food	126	retain	balanced-editorial-quota
3c8756056aafc2db	food	127	retain	balanced-editorial-quota
b098b17278bd7ac1	food	128	exclude	quota
2878af1ed79b1b5f	food	129	retain	balanced-editorial-quota
222d106058a83f29	food	130	exclude	quota
a6fb64db2e631226	food	131	exclude	presentation-length
716776924c137816	food	132	exclude	quota
65a21d2274ccbfae	food	133	exclude	quota
a75531c007623efa	food	134	exclude	quota
49453cb3783e8c77	food	135	exclude	quota
3b94652113ddd9b8	food	136	exclude	quota
d736850509bce7d4	food	137	exclude	presentation-length
06995baed7bb6075	food	138	exclude	quota
eae9d1b2fe791fc2	food	139	retain	balanced-editorial-quota
fef7d83fc9ec2d2c	food	140	retain	balanced-editorial-quota
babad283b4cda85c	food	141	exclude	quota
237eb689646e01aa	food	142	retain	balanced-editorial-quota
3968f46cadcf226a	food	143	exclude	quota
7f5be844a0f1b191	food	144	exclude	quota
b4aa8b923b4c05d7	food	145	exclude	quota
f5bbaf7b42d369a2	food	146	exclude	quota
9c923f98cbeaba29	food	147	exclude	quota
4cb0e194f9ebe05a	food	148	retain	balanced-editorial-quota
d10b2f735eb6655a	food	149	retain	balanced-editorial-quota
44cc541d0acf6b5c	food	150	retain	balanced-editorial-quota
954930552148223d	food	151	retain	balanced-editorial-quota
bc836211e441acb4	food	152	exclude	quota
a6a234c9e8e3025d	food	153	exclude	quota
f986f4cdf7b4d92e	food	154	exclude	quota
e295a19263ac7bd3	food	155	retain	balanced-editorial-quota
4000599d3978b556	food	156	exclude	quota
b5b52d7b22052076	food	157	retain	balanced-editorial-quota
5003e9be13cb7efc	food	158	exclude	quota
baf9194fbec9919b	food	159	retain	balanced-editorial-quota
a8fea80e825a7e87	food	160	exclude	quota
f3d852860bc2fea3	food	161	retain	balanced-editorial-quota
f20f6a7c988e852b	food	162	retain	balanced-editorial-quota
9fcfe4df4002fd77	food	163	retain	balanced-editorial-quota
2ff29fa902a62ce5	food	164	retain	balanced-editorial-quota
77adc30b914d61f1	food	165	retain	balanced-editorial-quota
7c9c416ae514b592	food	166	exclude	presentation-length
c2ee3bb38fc908a8	food	167	exclude	quota
c3cec2b25a35bdb1	food	168	exclude	quota
74ea540620705484	food	169	exclude	quota
81cd0b89675073b6	food	170	exclude	quota
b99efd2892839826	food	171	retain	balanced-editorial-quota
8c06b0dcddbeb925	food	172	exclude	quota
77ec779644d313fa	food	173	retain	balanced-editorial-quota
ce53de83f0b47b13	food	174	exclude	quota
7a367eb1dec5908a	food	175	exclude	quota
b6ea9f3b1c58b9b3	food	176	exclude	quota
b83e40579261a648	food	177	exclude	quota
a2833e15420be1ee	food	178	exclude	quota
dd8a1b6a211f86bc	food	179	exclude	body-size-weight-or-diet-humor
30409eb44c835724	food	180	exclude	quota
16ef162cdaed3eb1	food	181	exclude	quota
edf1fe803af4e9b8	food	182	exclude	quota
428cf95b49f79712	food	183	retain	balanced-editorial-quota
61c8220d7bea79ed	food	184	exclude	quota
cf522e0b54835dde	food	185	retain	balanced-editorial-quota
8b5e2d402615610b	food	186	retain	balanced-editorial-quota
7e307749952f55fb	food	187	retain	balanced-editorial-quota
a22e63eac7e2dfe6	food	188	retain	balanced-editorial-quota
16974e9814085c47	food	189	exclude	quota
93f41bfde30ceb62	food	190	retain	balanced-editorial-quota
816f534f800339b3	food	191	exclude	quota
3e679dffaf782bf1	food	192	retain	balanced-editorial-quota
0cbae0ef292add50	food	193	retain	balanced-editorial-quota
d2dd06ffccb92a53	food	194	retain	balanced-editorial-quota
69464c5f265ea49d	food	195	exclude	body-size-weight-or-diet-humor
bd7c78a4ccf30ef5	food	196	retain	balanced-editorial-quota
cd778f0838712fde	food	197	exclude	presentation-length
8ddb6a1147cede1f	food	198	exclude	quota
ab96ce5f36364f0c	fortunes	1	exclude	quota
f011a4845b5895ba	fortunes	2	exclude	quota
7ac8262c2343af8d	fortunes	3	exclude	quota
88bbe88296b7972a	fortunes	4	exclude	quota
5accbb5d228b183c	fortunes	5	exclude	quota
02f9d64845e0a57b	fortunes	6	exclude	quota
a251ee52f4f0d8ab	fortunes	7	exclude	quota
7e2ed07ad1a6d8a0	fortunes	8	exclude	quota
1df64d84865a2974	fortunes	9	retain	balanced-editorial-quota
520cfd243b36e83d	fortunes	10	exclude	quota
6762207ac48291f9	fortunes	11	exclude	presentation-length
b5178c9032adf0bc	fortunes	12	retain	balanced-editorial-quota
61a0698c495d24a1	fortunes	13	retain	balanced-editorial-quota
5c47acb7944e0a9e	fortunes	14	retain	balanced-editorial-quota
c77ac56d1d6cf5c0	fortunes	15	exclude	quota
e72bdeae9eb9aceb	fortunes	16	exclude	quota
3532a4ad16028d22	fortunes	17	retain	balanced-editorial-quota
f4213c6508717e75	fortunes	18	exclude	quota
48f495b401b14b52	fortunes	19	exclude	quota
584b1f80916661f2	fortunes	20	exclude	presentation-length
d1c61794176f450a	fortunes	21	retain	balanced-editorial-quota
411675920331b399	fortunes	22	exclude	quota
1152a478c6c36e33	fortunes	23	exclude	quota
2e11330a5884d9f1	fortunes	24	exclude	quota
98025268fed675da	fortunes	25	exclude	quota
b467f7a388c67e12	fortunes	26	exclude	quota
404107787133bf08	fortunes	27	exclude	quota
5956beee1c7ab8ee	fortunes	28	exclude	quota
6c9384b7560fc49b	fortunes	29	exclude	quota
c801c3782dce1158	fortunes	30	exclude	quota
245890407eb67413	fortunes	31	exclude	quota
c902ea3133e01ee5	fortunes	32	exclude	quota
61600ef74926973c	fortunes	33	exclude	presentation-length
8c1c8411f7332e7e	fortunes	34	exclude	quota
fba9b2da05889884	fortunes	35	exclude	quota
aac6238c2a14ba4a	fortunes	36	retain	balanced-editorial-quota
0661571057261eb9	fortunes	37	exclude	violence-or-death
a3b3e2d9484eb2bb	fortunes	38	exclude	quota
62b80deae4054a04	fortunes	39	exclude	quota
6a29d9ec9483b85f	fortunes	40	exclude	quota
fc66f6e5e5b6e28e	fortunes	41	exclude	quota
4e1558ccadca4b08	fortunes	42	exclude	presentation-length
b5db7ae026163a1a	fortunes	43	exclude	quota
0430aad4b5123d48	fortunes	44	exclude	quota
70d775acbb627130	fortunes	45	exclude	presentation-length
c501c0cfcb6b9d4d	fortunes	46	exclude	quota
acbcaa323fd6f9db	fortunes	47	exclude	quota
e118168f62971986	fortunes	48	exclude	quota
d880383714de528f	fortunes	49	exclude	quota
5ba84af6f4b14990	fortunes	50	retain	balanced-editorial-quota
cba4e0755cb481f0	fortunes	51	exclude	quota
1c5b7888542ffbfb	fortunes	52	exclude	quota
60870ed4320ce7f4	fortunes	53	exclude	presentation-length
15d3dcfe26e4f80e	fortunes	54	exclude	quota
ef77bfe261efdf6d	fortunes	55	exclude	quota
f3dbd642a497d15e	fortunes	56	exclude	presentation-length
87169ffa4107bf58	fortunes	57	exclude	quota
9b45b7d02cd56e63	fortunes	58	exclude	quota
262ef692bf5384df	fortunes	59	exclude	quota
a68f9353653cb9d0	fortunes	60	exclude	quota
725aafe7485f494d	fortunes	61	exclude	quota
6a5372aa0ec25ba0	fortunes	62	retain	balanced-editorial-quota
6cacc81fd9a2ecd0	fortunes	63	exclude	quota
992a93bd94330ef7	fortunes	64	retain	balanced-editorial-quota
3b3fdbf5d6b03baf	fortunes	65	exclude	quota
ac6e368b57f69764	fortunes	66	exclude	quota
dd07dfe8c42b5124	fortunes	67	exclude	quota
e03cc66b877be91c	fortunes	68	exclude	presentation-length
e34230f91cb1eb15	fortunes	69	exclude	quota
82117c008a4a410a	fortunes	70	exclude	quota
08ea78dc70b7e524	fortunes	71	exclude	quota
fec1101697f785d4	fortunes	72	retain	balanced-editorial-quota
9d7cf1e56cc178fe	fortunes	73	exclude	quota
5d0bd53e29c47433	fortunes	74	retain	balanced-editorial-quota
2426f1cfedd47825	fortunes	75	retain	balanced-editorial-quota
aedec0cc891438fb	fortunes	76	retain	balanced-editorial-quota
19cf1ec6e1b18ea5	fortunes	77	exclude	quota
1b9bb1e65116e028	fortunes	78	exclude	quota
328c641e4f359f6f	fortunes	79	retain	balanced-editorial-quota
28fd3d4b39c38747	fortunes	80	retain	balanced-editorial-quota
4d812998933c4eb0	fortunes	81	exclude	quota
cda33bded48221df	fortunes	82	exclude	quota
2b3596d37c7ea3a3	fortunes	83	exclude	quota
da9971fded7893ec	fortunes	84	retain	balanced-editorial-quota
216dfca282ed75c1	fortunes	85	exclude	quota
762e372029ba0de3	fortunes	86	retain	balanced-editorial-quota
2f7a2ece46843883	fortunes	87	exclude	quota
48717e27661c02de	fortunes	88	exclude	quota
cf8f82849148646c	fortunes	89	exclude	quota
e86ddd8ff69316fe	fortunes	90	exclude	quota
8ddbcccd2945599a	fortunes	91	exclude	quota
f28cc584a2ca5ab0	fortunes	92	exclude	quota
d9031df69f837652	fortunes	93	retain	balanced-editorial-quota
59ead3132f0f85ea	fortunes	94	exclude	quota
25eae9dd18f5c617	fortunes	95	exclude	quota
59e73428450c7d2c	fortunes	96	retain	balanced-editorial-quota
4b82097c992cadcb	fortunes	97	exclude	violence-or-death
979726b7aa3fb374	fortunes	98	retain	balanced-editorial-quota
017a839a13f5ea48	fortunes	99	exclude	quota
ebffb81d95006f3d	fortunes	100	exclude	quota
0f267fc5316b1f23	fortunes	101	exclude	quota
ed86f2d8ee7309d8	fortunes	102	retain	balanced-editorial-quota
12ca7a4f5dfad2c3	fortunes	103	exclude	quota
3fd38ad8761c2a6b	fortunes	104	retain	balanced-editorial-quota
7c227419a9127be5	fortunes	105	exclude	quota
6c128b026b136adb	fortunes	106	retain	balanced-editorial-quota
79b37da39061120f	fortunes	107	exclude	quota
a270b0b01764889e	fortunes	108	exclude	quota
811b5f90bc6f620a	fortunes	109	retain	balanced-editorial-quota
51acbe4fe6206a08	fortunes	110	exclude	quota
87f5630eeb8efca8	fortunes	111	retain	balanced-editorial-quota
bc310883b330caa8	fortunes	112	exclude	violence-or-death
5fae4a6989ebe673	fortunes	113	exclude	quota
5d973829be270d0f	fortunes	114	exclude	quota
eb45b99c251cda47	fortunes	115	exclude	quota
cd8183c253b382fe	fortunes	116	retain	balanced-editorial-quota
5730fdef7902bb6c	fortunes	117	retain	balanced-editorial-quota
09bd5591622d6779	fortunes	118	exclude	violence-or-death
6bff85af4a2f1a6a	fortunes	119	exclude	quota
92984aded1c8e613	fortunes	120	retain	balanced-editorial-quota
c8dcc2dd606a9985	fortunes	121	exclude	quota
e5ac79749751bc82	fortunes	122	exclude	quota
0d216407f65dcb30	fortunes	123	exclude	quota
9986993788dffb05	fortunes	124	retain	balanced-editorial-quota
ddcc1a04a8e2992c	fortunes	125	exclude	quota
af0dd2160ce002f9	fortunes	126	exclude	unsafe-character
37c9b1391e95401f	fortunes	127	exclude	quota
e514d481757de098	fortunes	128	retain	balanced-editorial-quota
faad0185021271c7	fortunes	129	exclude	quota
28b1b6560e5012bc	fortunes	130	exclude	quota
54430625c7654c66	fortunes	131	retain	balanced-editorial-quota
9d3944dd7d802f18	fortunes	132	exclude	quota
0f82d829d02f31f3	fortunes	133	exclude	quota
5fb5731752afc621	fortunes	134	retain	balanced-editorial-quota
15502b19f146285c	fortunes	135	exclude	quota
e1789935668335ba	fortunes	136	exclude	quota
57742b1778d5bee8	fortunes	137	exclude	quota
14086582d0b4566b	fortunes	138	retain	balanced-editorial-quota
07108190b71f9a36	fortunes	139	retain	balanced-editorial-quota
29a51a8fc98ab746	fortunes	140	exclude	quota
3b7f4c83522d27a1	fortunes	141	exclude	quota
9e0c541a33a66ef8	fortunes	142	retain	balanced-editorial-quota
58416826f4825da2	fortunes	143	exclude	quota
7e99c16768641739	fortunes	144	exclude	quota
47955a35869d785e	fortunes	145	exclude	quota
fd8e8946901b8f8e	fortunes	146	exclude	quota
ed49a81c62da9d6f	fortunes	147	exclude	presentation-length
a7366c1fcc375dbc	fortunes	148	exclude	quota
19b2a76a8336fd73	fortunes	149	exclude	quota
29990bb4f3782b2c	fortunes	150	retain	balanced-editorial-quota
5f84e9314f7fefe1	fortunes	151	exclude	violence-or-death
1a9bf3a8c70c855d	fortunes	152	exclude	quota
3d22ddc1d4f487db	fortunes	153	retain	balanced-editorial-quota
a562d379695d355a	fortunes	154	retain	balanced-editorial-quota
fdc499b804de9ab2	fortunes	155	exclude	quota
3ee6481600065e71	fortunes	156	exclude	quota
27520bc4419a6925	fortunes	157	exclude	quota
ba811a927574709d	fortunes	158	retain	balanced-editorial-quota
f17ee014d0833fa6	fortunes	159	exclude	quota
1bfb74b4a1d3e0cf	fortunes	160	exclude	presentation-length
477537bbc0fb0ed8	fortunes	161	exclude	violence-or-death
485d3fbec02ec69e	fortunes	162	exclude	quota
0ed60bf855404ec9	fortunes	163	exclude	quota
8fa1a589808e5b2e	fortunes	164	exclude	quota
2c567901315fece8	fortunes	165	exclude	quota
b1eb9d2a78a3ae0b	fortunes	166	exclude	quota
54880d5b1c8c4350	fortunes	167	exclude	quota
4b971aec7257a1a7	fortunes	168	exclude	presentation-length
c29c1da345d3faf6	fortunes	169	exclude	quota
199ff55dc8ba2e6b	fortunes	170	exclude	quota
5183365218920a45	fortunes	171	exclude	quota
f45e93a95156d369	fortunes	172	exclude	quota
8e9974bd51e56fb2	fortunes	173	exclude	quota
05e7fc410c721fc2	fortunes	174	exclude	quota
6b708716e60a375d	fortunes	175	exclude	quota
59ec61bf3bdab72c	fortunes	176	retain	balanced-editorial-quota
cebba75549d3b1fa	fortunes	177	retain	balanced-editorial-quota
2ce1ca8907f3dec6	fortunes	178	retain	balanced-editorial-quota
ab2019b2df503a7e	fortunes	179	retain	balanced-editorial-quota
2d4a5a3ffc8b31b8	fortunes	180	exclude	quota
7c29ff502f27ffa8	fortunes	181	exclude	quota
987d5e9e4f82bf34	fortunes	182	exclude	quota
1b218ce9204b85df	fortunes	183	exclude	quota
c0731b43c9576df4	fortunes	184	exclude	quota
5243d2b0064ac4b8	fortunes	185	exclude	quota
f1c8098ae457cdb5	fortunes	186	exclude	quota
f1114595d7e1853f	fortunes	187	exclude	quota
4e52901ab2b4f244	fortunes	188	exclude	quota
d1b150e43d31cd0e	fortunes	189	retain	balanced-editorial-quota
76063eea5a069e42	fortunes	190	exclude	quota
4527deb98e646331	fortunes	191	retain	balanced-editorial-quota
944825e152b6bb5e	fortunes	192	exclude	quota
af1971db737e053f	fortunes	193	retain	balanced-editorial-quota
98b6a173c3c3ae4b	fortunes	194	retain	balanced-editorial-quota
8d028885f861743e	fortunes	195	exclude	quota
378f0aeff65de73c	fortunes	196	exclude	quota
6aa76c4dd40d3157	fortunes	197	retain	balanced-editorial-quota
a985d12ef98474e1	fortunes	198	exclude	quota
12f043b99874033c	fortunes	199	exclude	quota
1299357d24098f88	fortunes	200	exclude	quota
d2083a1d62f70788	fortunes	201	exclude	quota
5f7c78c525c8be8a	fortunes	202	exclude	quota
a3fd0dd7d4dfc592	fortunes	203	exclude	violence-or-death
ac16d2ca3dd49998	fortunes	204	retain	balanced-editorial-quota
b15746e99fbf843c	fortunes	205	exclude	quota
3b50292913b0bcb5	fortunes	206	retain	balanced-editorial-quota
30cdc485ba8d1208	fortunes	207	retain	balanced-editorial-quota
b606443eae470073	fortunes	208	exclude	presentation-length
a1ae1a5da52e97cc	fortunes	209	exclude	quota
f606ac63f5d5dce6	fortunes	210	exclude	quota
51ca96f8783b8f0d	fortunes	211	exclude	quota
5e39ea8bea780eeb	fortunes	212	retain	balanced-editorial-quota
6a063a3714806ad9	fortunes	213	exclude	violence-or-death
e1a6f1d7b97c21a2	fortunes	214	retain	balanced-editorial-quota
d4975e63d0e3cca8	fortunes	215	exclude	quota
8ab8f30311555114	fortunes	216	retain	balanced-editorial-quota
3429f99f7f9e1e73	fortunes	217	exclude	violence-or-death
ce6a30cb1f0de768	fortunes	218	exclude	quota
7377f1cdcaba0403	fortunes	219	exclude	quota
4f3083f67dbb1d67	fortunes	220	exclude	violence-or-death
724750ecd41355f3	fortunes	221	exclude	quota
d29d631f09c8d0db	fortunes	222	retain	balanced-editorial-quota
fe123b25c378042a	fortunes	223	exclude	quota
283a3b8649f7d336	fortunes	224	retain	balanced-editorial-quota
47fc3f4ae64c440b	fortunes	225	retain	balanced-editorial-quota
7a4a684f102f3dc3	fortunes	226	exclude	quota
d199774d90164aaa	fortunes	227	exclude	quota
8ef90286bdc2777b	fortunes	228	exclude	quota
05410adb3888c3a4	fortunes	229	retain	balanced-editorial-quota
7814f40c62d0de1e	fortunes	230	retain	balanced-editorial-quota
2ef88e4d7230b517	fortunes	231	retain	balanced-editorial-quota
ccb6c8b15cdb1490	fortunes	232	exclude	quota
cf693752f86ffc75	fortunes	233	exclude	quota
e594990d16452801	fortunes	234	retain	balanced-editorial-quota
381cc61cf59f07ef	fortunes	235	exclude	quota
ad7612bcd0e4ee0f	fortunes	236	exclude	presentation-length
286a632618a86e03	fortunes	237	exclude	quota
a0baef2760a4124d	fortunes	238	retain	balanced-editorial-quota
159f1bd17e55d08e	fortunes	239	exclude	quota
1266c1c5341d4704	fortunes	240	retain	balanced-editorial-quota
21e3d141ecf71a28	fortunes	241	exclude	quota
70ffe378352a0ee0	fortunes	242	retain	balanced-editorial-quota
9dff0835efe1a94c	fortunes	243	exclude	quota
157bdde192ea46ca	fortunes	244	exclude	quota
62a5476bad099553	fortunes	245	exclude	quota
8a959b2cce47aa25	fortunes	246	retain	balanced-editorial-quota
844a932eec9f8c83	fortunes	247	exclude	sexual-or-identity-harm
644e5276fd373caa	fortunes	248	exclude	sexual-or-identity-harm
385551263722933c	fortunes	249	retain	balanced-editorial-quota
9b0dd9346350d195	fortunes	250	exclude	quota
0f84e525b6b75ed9	fortunes	251	retain	balanced-editorial-quota
cb1ca04152a571f5	fortunes	252	exclude	quota
dd86d2fda0db4432	fortunes	253	retain	balanced-editorial-quota
6b852ed7434b82c2	fortunes	254	retain	balanced-editorial-quota
438cdee8027fe173	fortunes	255	retain	balanced-editorial-quota
75373a0bd7f4da85	fortunes	256	retain	balanced-editorial-quota
d595aaddfe0d01c4	fortunes	257	exclude	quota
0aab09217fd7026a	fortunes	258	exclude	quota
3958043e6f9562aa	fortunes	259	retain	balanced-editorial-quota
18cb74635be91088	fortunes	260	retain	balanced-editorial-quota
2b5678d760eb79a4	fortunes	261	exclude	quota
6bb68f24deec97e9	fortunes	262	exclude	quota
ac999135889bea12	fortunes	263	exclude	quota
ebb919313ad7b9d0	fortunes	264	retain	balanced-editorial-quota
148749cb8582abe5	fortunes	265	retain	balanced-editorial-quota
2b99e628c6782d50	fortunes	266	retain	balanced-editorial-quota
4d293013b221bd78	fortunes	267	exclude	quota
aabb655a011b7d1f	fortunes	268	retain	balanced-editorial-quota
2f45645317ab7180	fortunes	269	retain	balanced-editorial-quota
c9044b45aa563b3c	fortunes	270	exclude	presentation-length
35070760d4f49092	fortunes	271	exclude	presentation-length
200f8b353567c974	fortunes	272	exclude	quota
fffd79bde0ae600b	fortunes	273	retain	balanced-editorial-quota
f781f706cbb6c1db	fortunes	274	exclude	quota
444bebf6cc2bf72b	fortunes	275	exclude	quota
be3239bb9a1c4820	fortunes	276	retain	balanced-editorial-quota
b71bc3ab9edb00da	fortunes	277	exclude	quota
8a72cfbed84acc44	fortunes	278	exclude	quota
59b44a4eb6de6621	fortunes	279	exclude	violence-or-death
922ad3f6246d99f8	fortunes	280	retain	balanced-editorial-quota
ff5754cce3be1cec	fortunes	281	retain	balanced-editorial-quota
4192f504e04f069d	fortunes	282	exclude	presentation-length
06ea8889f52deab8	fortunes	283	exclude	quota
bfa5928e8f259909	fortunes	284	retain	balanced-editorial-quota
18bb7b12193aebf7	fortunes	285	retain	balanced-editorial-quota
13d83892bfd21442	fortunes	286	exclude	sexual-or-identity-harm
2f34d755d2911a8f	fortunes	287	retain	balanced-editorial-quota
882769d8aa8acfa7	fortunes	288	retain	balanced-editorial-quota
12f3de0f7116c97d	fortunes	289	exclude	quota
997eee5f35e1af9b	fortunes	290	exclude	violence-or-death
dd899247e3328a30	fortunes	291	exclude	presentation-length
d929bc481dd48174	fortunes	292	retain	balanced-editorial-quota
f3fae57cdddb9528	fortunes	293	exclude	quota
5011acfa35241f94	fortunes	294	exclude	quota
af85f4dea870817c	fortunes	295	retain	balanced-editorial-quota
cc090e3fc0ce48d1	fortunes	296	retain	balanced-editorial-quota
a5667c2129a17bea	fortunes	297	exclude	quota
86f50995bca44fae	fortunes	298	retain	balanced-editorial-quota
1ae4a61438b3f703	fortunes	299	exclude	violence-or-death
db07c61c2ba2681a	fortunes	300	retain	balanced-editorial-quota
e3fbf2ea8a5f7b48	fortunes	301	retain	balanced-editorial-quota
946188fa3c744670	fortunes	302	exclude	violence-or-death
9f3edc4a3cf2d23e	fortunes	303	exclude	quota
32c5d316dcbf6989	fortunes	304	retain	balanced-editorial-quota
c2cdbb6dd718ef3d	fortunes	305	exclude	quota
a621a571b3affd29	fortunes	306	retain	balanced-editorial-quota
d0487e64bedd0c31	fortunes	307	exclude	quota
7edeecba8fac6af2	fortunes	308	exclude	violence-or-death
6f116ccbccdcdba0	fortunes	309	exclude	quota
167c943ed661c76e	fortunes	310	exclude	quota
c8fa011f7b5c38db	fortunes	311	exclude	quota
1404911093715775	fortunes	312	retain	balanced-editorial-quota
c7bf20698c94d10b	fortunes	313	exclude	final-corpus-trim
f5c290228412bc43	fortunes	314	retain	balanced-editorial-quota
95ef73475cded095	fortunes	315	exclude	quota
387ff4c54a36ea08	fortunes	316	exclude	quota
01bb5cdbd48f6283	fortunes	317	retain	balanced-editorial-quota
ef1ef556829ed63c	fortunes	318	retain	balanced-editorial-quota
81e33fca923a7459	fortunes	319	exclude	quota
afd234e4d23109fc	fortunes	320	exclude	quota
83030ac6fbc22e21	fortunes	321	exclude	quota
0d8eecafd26656db	fortunes	322	exclude	quota
5336512196b7c81f	fortunes	323	exclude	quota
bc9949d0e7172183	fortunes	324	exclude	quota
c1097a29eea6ec8e	fortunes	325	exclude	quota
4a5dffc0e46fe20f	fortunes	326	exclude	quota
97fcc582663563f4	fortunes	327	retain	balanced-editorial-quota
a3a9b2559a5e276c	fortunes	328	exclude	quota
15fae459ad83f50d	fortunes	329	exclude	quota
92ffca056ece8640	fortunes	330	exclude	quota
a558f436ccbe3172	fortunes	331	exclude	quota
fc212d134f7e6296	fortunes	332	exclude	quota
657f4b1bfadb78b4	fortunes	333	retain	balanced-editorial-quota
0c9a3fc35dcac1d4	fortunes	334	exclude	quota
bcaa6c5afa0073ef	fortunes	335	exclude	quota
f1f79764dbdbd197	fortunes	336	exclude	quota
5031b1af0d39c943	fortunes	337	exclude	quota
f6f8cee4ca47fed2	fortunes	338	exclude	quota
4ded1ca1dbbe3b35	fortunes	339	exclude	quota
050925eaf4c80f31	fortunes	340	exclude	quota
490aa3ca9a5ddaba	fortunes	341	retain	balanced-editorial-quota
cb2360dce15bcab9	fortunes	342	exclude	quota
5aaa1b38ebe647aa	fortunes	343	retain	balanced-editorial-quota
dba24f70c926c7bc	fortunes	344	exclude	quota
480297082f93b3de	fortunes	345	exclude	quota
2b9f9ef9f270eab8	fortunes	346	exclude	quota
73cc06d1bbe9a775	fortunes	347	retain	balanced-editorial-quota
e7a025c0eadd0fd7	fortunes	348	exclude	quota
fbfa23028551b538	fortunes	349	exclude	quota
fa341a28c7721ce2	fortunes	350	retain	balanced-editorial-quota
47a43de211507d01	fortunes	351	exclude	quota
b87c62aa6db7bbe3	fortunes	352	exclude	quota
8ec325747a880804	fortunes	353	retain	balanced-editorial-quota
99321bb7a9027f32	fortunes	354	exclude	quota
7a7210143fb31716	fortunes	355	exclude	quota
7b2cfaf2a736c847	fortunes	356	retain	balanced-editorial-quota
fc4340a66d879f3d	fortunes	357	exclude	quota
9f4424c09aa7372b	fortunes	358	exclude	violence-or-death
0765c3a18aad12b1	fortunes	359	exclude	quota
ebb6d29418fe2bb3	fortunes	360	exclude	quota
2e4fb0c98725d835	fortunes	361	exclude	quota
bd678cd862cd114b	fortunes	362	exclude	quota
fdd7e5c6aab376ac	fortunes	363	retain	balanced-editorial-quota
0a525be998f0d14d	fortunes	364	retain	balanced-editorial-quota
80e1c045ae3eda3b	fortunes	365	retain	balanced-editorial-quota
0a04e58784bc6d38	fortunes	366	exclude	quota
217fbd36cf0925f7	fortunes	367	retain	balanced-editorial-quota
9e5426235bd806fb	fortunes	368	exclude	quota
60500bf4670fd065	fortunes	369	retain	balanced-editorial-quota
20258534a6a08585	fortunes	370	exclude	quota
e3320def9e1b1133	fortunes	371	exclude	quota
0329fe47dcc448a2	fortunes	372	exclude	quota
7c055b5babf4f09a	fortunes	373	exclude	quota
859a5e7d06600af9	fortunes	374	exclude	quota
73ca6a53f42ab451	fortunes	375	retain	balanced-editorial-quota
7815e6f0cf246fe4	fortunes	376	exclude	quota
7ffc26c4729e6b2c	fortunes	377	retain	balanced-editorial-quota
a21b0014e38fab99	fortunes	378	retain	balanced-editorial-quota
0302625a828dd337	fortunes	379	exclude	presentation-length
430e4be8130d18fd	fortunes	380	exclude	quota
bd33ec3e21d035aa	fortunes	381	exclude	quota
a06b4a522c4d5319	fortunes	382	exclude	quota
990368e20636d651	fortunes	383	retain	balanced-editorial-quota
eb357306f32e6377	fortunes	384	exclude	quota
c1870261d6b7774f	fortunes	385	exclude	quota
ec4093a99f743cb3	fortunes	386	exclude	quota
ddaac198ec8acdc6	fortunes	387	exclude	quota
6536068cad4722a4	fortunes	388	retain	balanced-editorial-quota
2b20b72484d3e73e	fortunes	389	retain	balanced-editorial-quota
7b34d1622ea6cc3c	fortunes	390	retain	balanced-editorial-quota
0790fee257f0abfe	fortunes	391	retain	balanced-editorial-quota
4791d7ee422419ce	fortunes	392	retain	balanced-editorial-quota
65c9bf7e12263338	fortunes	393	exclude	quota
ddb062aebef3e807	fortunes	394	retain	balanced-editorial-quota
da16134de6cf7661	fortunes	395	retain	balanced-editorial-quota
e08fd41814bcb13a	fortunes	396	exclude	quota
f3732ec6363c34b4	fortunes	397	exclude	quota
c0013e6352cb5583	fortunes	398	exclude	quota
29af1b90a2d0afb4	fortunes	399	retain	balanced-editorial-quota
80a463758b294120	fortunes	400	exclude	quota
19f3b46f280b9aea	fortunes	401	exclude	quota
a24bd9feab71af80	fortunes	402	exclude	quota
0f1c205e9e9adaf3	fortunes	403	exclude	quota
6f78941fa466bf64	fortunes	404	retain	balanced-editorial-quota
096b71b2532fce2e	fortunes	405	retain	balanced-editorial-quota
57f125f2e90f0f4d	fortunes	406	exclude	quota
00186b2b810073a6	fortunes	407	exclude	quota
f55150ccac0d3160	fortunes	408	exclude	quota
49d1d9266d29f98a	fortunes	409	retain	balanced-editorial-quota
eced9e71bc672946	fortunes	410	exclude	quota
3b91351abd11838e	fortunes	411	retain	balanced-editorial-quota
2cddec447204a059	fortunes	412	exclude	quota
f809e8b80ac08c4c	fortunes	413	exclude	quota
070f6e4c73af16ff	fortunes	414	exclude	quota
d43f7f36316352ec	fortunes	415	exclude	quota
fa34fa8c60978478	fortunes	416	exclude	quota
5b41abec7acffb60	fortunes	417	exclude	quota
9ff5afd78d127553	fortunes	418	retain	balanced-editorial-quota
6fa6707c9cde1f0c	fortunes	419	retain	balanced-editorial-quota
c2a317bf5b6d7459	fortunes	420	retain	balanced-editorial-quota
04f079c775988404	fortunes	421	retain	balanced-editorial-quota
ec455eb2753e54f8	fortunes	422	retain	balanced-editorial-quota
f27d1c807008d553	fortunes	423	retain	balanced-editorial-quota
dc5e05f5a64f8db8	fortunes	424	exclude	quota
2a8d5b0cd0669794	fortunes	425	retain	balanced-editorial-quota
c9caf7834ff668b5	fortunes	426	retain	balanced-editorial-quota
db2ea28c87b890a5	fortunes	427	exclude	quota
46f68d3d314f32ba	fortunes	428	retain	balanced-editorial-quota
0aa859710fb7c542	fortunes	429	exclude	quota
e675245aa36f8f02	fortunes	430	exclude	quota
57e74505a2709a96	fortunes	431	exclude	quota
79b8560055dc48cc	fortunes	432	retain	balanced-editorial-quota
b476e892ae6502ee	fortunes	433	retain	balanced-editorial-quota
a20763700bc5ddbc	goedel	1	exclude	presentation-length
4871db448fddac5d	goedel	2	retain	balanced-editorial-quota
5f0b1c07d783c951	goedel	3	retain	balanced-editorial-quota
ac4dab18218f428c	goedel	4	retain	balanced-editorial-quota
eeefa6f34c3dc57a	goedel	5	retain	balanced-editorial-quota
293872ebdc81dd01	goedel	6	exclude	presentation-length
7d3abbf1d53d53c1	goedel	7	retain	balanced-editorial-quota
7fdef3ec85e5b114	goedel	8	retain	balanced-editorial-quota
70beff79cc775749	goedel	9	retain	balanced-editorial-quota
1c641162f404b86c	goedel	10	retain	balanced-editorial-quota
5b05005050e6c33d	goedel	11	retain	balanced-editorial-quota
b932b260c623edc1	goedel	12	retain	balanced-editorial-quota
59a90bfe6facaf20	goedel	13	exclude	presentation-length
7f55454e8f217b3e	goedel	14	exclude	presentation-length
7fda33571e92c61c	goedel	15	retain	balanced-editorial-quota
de9c5773b3c3b225	goedel	16	retain	balanced-editorial-quota
b7d1fc180c2bf9b4	goedel	17	retain	balanced-editorial-quota
a12099de2f318827	goedel	18	retain	balanced-editorial-quota
95e1139c15605563	goedel	19	retain	balanced-editorial-quota
e10931827493979e	goedel	20	retain	balanced-editorial-quota
be3b21c9bd1af0e8	goedel	21	retain	balanced-editorial-quota
cd375b79903eb948	goedel	22	exclude	presentation-length
ba00879c77b5dcd5	goedel	23	retain	balanced-editorial-quota
3f81bd8df2abada9	goedel	24	exclude	duplicate
7ac9eec3c2d0653b	goedel	25	exclude	presentation-length
de7adcb2edb22e6c	goedel	26	exclude	presentation-length
2ac3424312921583	goedel	27	retain	balanced-editorial-quota
81b867e0e5fff08b	goedel	28	retain	balanced-editorial-quota
52686b48aa5e7ff4	goedel	29	retain	balanced-editorial-quota
050d3fb0cd809ed3	goedel	30	retain	balanced-editorial-quota
f7158e3da046d396	goedel	31	retain	balanced-editorial-quota
a9b84af41f6e2fde	goedel	32	retain	balanced-editorial-quota
c3eff5921f52c981	goedel	33	retain	balanced-editorial-quota
74dd42b3e913ff90	goedel	34	exclude	unsafe-character
2744306bead6a3cc	goedel	35	retain	balanced-editorial-quota
d33e6ac5ed2ebc42	goedel	36	retain	balanced-editorial-quota
e26d9234902e92a8	goedel	37	retain	balanced-editorial-quota
1a2267e98c905b7f	goedel	38	retain	balanced-editorial-quota
e5cca25667674249	goedel	39	retain	balanced-editorial-quota
77dfeb1c621198e2	goedel	40	retain	balanced-editorial-quota
b4abfb223af59de5	goedel	41	exclude	presentation-length
6f3f2af35faa1914	goedel	42	retain	balanced-editorial-quota
70ae4ce96bf59578	goedel	43	retain	balanced-editorial-quota
d9ff6c61aa59ec4e	goedel	44	retain	balanced-editorial-quota
f10ba30940498667	goedel	45	retain	balanced-editorial-quota
95e23909e8e9d6a4	goedel	46	exclude	presentation-length
83b6fc20d4c4e01a	goedel	47	exclude	presentation-length
a187a6c91a7a7653	goedel	48	exclude	presentation-length
1369f40e22ecb368	goedel	49	retain	balanced-editorial-quota
f3497c44befa1a0e	goedel	50	exclude	violence-or-death
6b3967f2f8edfa0b	goedel	51	retain	balanced-editorial-quota
1d0d331d7fecbad6	goedel	52	retain	balanced-editorial-quota
c5a662ba808c6feb	goedel	53	retain	balanced-editorial-quota
a886c615dbc85cd7	goedel	54	retain	balanced-editorial-quota
fcb8e62f373f8609	humorists	1	retain	balanced-editorial-quota
4893117d50ce5a94	humorists	2	retain	balanced-editorial-quota
11877a733e68674d	humorists	3	exclude	presentation-length
97bded85551c9fe7	humorists	4	retain	balanced-editorial-quota
1ea3a2cb241990ae	humorists	5	exclude	presentation-length
2f0e6b5fd9c814b5	humorists	6	retain	balanced-editorial-quota
77c2f159342e6035	humorists	7	retain	balanced-editorial-quota
b615afb1abbe16db	humorists	8	exclude	quota
ca29a57f945d98b5	humorists	9	retain	balanced-editorial-quota
fa9b66038c166b55	humorists	10	exclude	violence-or-death
e68975c5caed26dc	humorists	11	retain	balanced-editorial-quota
4a80b25708e072f9	humorists	12	retain	balanced-editorial-quota
af60a988e77cf066	humorists	13	retain	balanced-editorial-quota
28d738f48dcfd690	humorists	14	retain	balanced-editorial-quota
1526bf07a6b28e0b	humorists	15	exclude	violence-or-death
043d67bc358f2bf0	humorists	16	retain	balanced-editorial-quota
4b25a4268a453cf4	humorists	17	retain	balanced-editorial-quota
d9b737d14cfd418d	humorists	18	exclude	presentation-length
bf9fb4d22ece6bec	humorists	19	exclude	violence-or-death
7057e5f57bb64803	humorists	20	retain	balanced-editorial-quota
3409f00635ba8630	humorists	21	exclude	violence-or-death
d3a62461b78f7e36	humorists	22	exclude	unsafe-character
520de6a6b95afa21	humorists	23	retain	balanced-editorial-quota
c96257deb990fd95	humorists	24	exclude	violence-or-death
ddc46f2092734e0a	humorists	25	retain	balanced-editorial-quota
32a209ec0a390cf6	humorists	26	retain	balanced-editorial-quota
1417f38f1ad2d8c9	humorists	27	exclude	violence-or-death
c382ab7829e359fb	humorists	28	retain	balanced-editorial-quota
3b1d7f06307928d1	humorists	29	retain	balanced-editorial-quota
764414de311b8505	humorists	30	exclude	violence-or-death
a00c572ac4d690bc	humorists	31	retain	balanced-editorial-quota
320da3565a313baf	humorists	32	retain	balanced-editorial-quota
f0b74b063a87130d	humorists	33	exclude	quota
b7b0d4261d6d2b78	humorists	34	exclude	quota
bd16b5958c6eb5a7	humorists	35	exclude	final-corpus-trim
1afe4537445c372a	humorists	36	exclude	quota
2a82e27d6a5fef1c	humorists	37	exclude	violence-or-death
86d4514685ff6d58	humorists	38	retain	balanced-editorial-quota
729d4fdf9cb7a962	humorists	39	retain	balanced-editorial-quota
8176d25b53f8cbfb	humorists	40	retain	balanced-editorial-quota
c7750ce60b8fe0b4	humorists	41	retain	balanced-editorial-quota
1b5c118576fb7686	humorists	42	retain	balanced-editorial-quota
a14fb932c2a9050e	humorists	43	exclude	presentation-length
45e0a9b77f9ecc7b	humorists	44	exclude	violence-or-death
2f27fc2cdda816fa	humorists	45	retain	balanced-editorial-quota
28bd6423801f91ab	humorists	46	retain	balanced-editorial-quota
4115f557f9c4b925	humorists	47	exclude	quota
ac93de6c486f1462	humorists	48	exclude	quota
0a09fad13681487d	humorists	49	exclude	quota
15d7b8b706b40998	humorists	50	retain	balanced-editorial-quota
cad7d379b51f8d5a	humorists	51	retain	balanced-editorial-quota
5917f66cd7280478	humorists	52	retain	balanced-editorial-quota
42a984497de4d826	humorists	53	exclude	violence-or-death
f8de26a958012bf4	humorists	54	retain	balanced-editorial-quota
4579caaaf6d8145e	humorists	55	retain	balanced-editorial-quota
14dc06aa31c61813	humorists	56	retain	balanced-editorial-quota
3893073ef3ac8418	humorists	57	exclude	presentation-length
fd8de51e97bf8944	humorists	58	exclude	violence-or-death
7634b959c4e52536	humorists	59	retain	balanced-editorial-quota
9daddbbf683baebf	humorists	60	retain	balanced-editorial-quota
23d579aa21dd5bd8	humorists	61	exclude	violence-or-death
bbe35be0c8365403	humorists	62	exclude	quota
7fe13cc7bbb1622e	humorists	63	retain	balanced-editorial-quota
3cde23f3ee3b9871	humorists	64	exclude	quota
53dc935a5fdade42	humorists	65	retain	balanced-editorial-quota
1367bb8b9ac2ba22	humorists	66	retain	balanced-editorial-quota
83e7b5ac5fd393e2	humorists	67	exclude	quota
fad7f7f6f2661b79	humorists	68	retain	balanced-editorial-quota
a28bbb4265379ff9	humorists	69	retain	balanced-editorial-quota
b9cd64bf79d69aaf	humorists	70	retain	balanced-editorial-quota
59849c2ce0c9fb0a	humorists	71	retain	balanced-editorial-quota
a8bcf13e7dd5e62c	humorists	72	exclude	violence-or-death
287f20340a779a6a	humorists	73	exclude	quota
b605ab61ef01b302	humorists	74	retain	balanced-editorial-quota
980afeb0ff62c5f4	humorists	75	retain	balanced-editorial-quota
23afcf854da035c7	humorists	76	retain	balanced-editorial-quota
1ee2c6b1530ed530	humorists	77	retain	balanced-editorial-quota
3b019ff4895c8e86	humorists	78	exclude	final-corpus-trim
4e6b0bf20339df69	humorists	79	retain	balanced-editorial-quota
d6a6d6b9b1f9323e	humorists	80	retain	balanced-editorial-quota
b5ef7df887ff80de	humorists	81	retain	balanced-editorial-quota
b192853257582e72	humorists	82	retain	balanced-editorial-quota
a8afb5087a618725	humorists	83	retain	balanced-editorial-quota
e48c42b40a550bfe	humorists	84	exclude	violence-or-death
fb8aa845a2cc79b4	humorists	85	retain	balanced-editorial-quota
e7d73ee14937ee8b	humorists	86	retain	balanced-editorial-quota
e9d22b976dc7c92a	humorists	87	retain	balanced-editorial-quota
0674f7b27c06015a	humorists	88	exclude	violence-or-death
f41cd6925d1eaec7	humorists	89	exclude	quota
3c741aef6ee6d185	humorists	90	exclude	violence-or-death
50cc0097d4bfa5f5	humorists	91	retain	balanced-editorial-quota
0fb058c17f71ddff	humorists	92	retain	balanced-editorial-quota
739157e60df19fb1	humorists	93	exclude	violence-or-death
2843d9137766666c	humorists	94	exclude	quota
6c0de4639aa16f34	humorists	95	exclude	quota
de0f11cb0ed0363e	humorists	96	retain	balanced-editorial-quota
ab8e37506dc81dee	humorists	97	retain	balanced-editorial-quota
d285ae482001b4c3	humorists	98	exclude	quota
f15d29c31556a251	humorists	99	exclude	quota
8c8c2aeb46fa5356	humorists	100	retain	balanced-editorial-quota
d0c1c32703f5a3fc	humorists	101	exclude	quota
6d9ed831d58b0698	humorists	102	retain	balanced-editorial-quota
55ee8c364a9e9a4e	humorists	103	exclude	quota
3803121a4e298792	humorists	104	exclude	final-corpus-trim
c8dd8a65b4c1837f	humorists	105	exclude	quota
f7b3f2446b465fd2	humorists	106	retain	balanced-editorial-quota
92fceebe8a94b3be	humorists	107	retain	balanced-editorial-quota
7369fd92059865ed	humorists	108	exclude	quota
e49e0854a5968d03	humorists	109	retain	balanced-editorial-quota
4e53f3e1cb251355	humorists	110	retain	balanced-editorial-quota
fa54535f2731f51c	humorists	111	retain	balanced-editorial-quota
3488bcabdbab13a9	humorists	112	retain	balanced-editorial-quota
485c139b2822e48d	humorists	113	exclude	violence-or-death
870d6247da8476d6	humorists	114	exclude	violence-or-death
17d52f324bd69ee8	humorists	115	retain	balanced-editorial-quota
bcce9741d6d18237	humorists	116	retain	balanced-editorial-quota
30a56169796a5d90	humorists	117	retain	balanced-editorial-quota
be957f3c14ef8d0f	humorists	118	retain	balanced-editorial-quota
b08b2c8b077d0c23	humorists	119	exclude	violence-or-death
271092ba554ca5dc	humorists	120	exclude	violence-or-death
3f35334351e9b26a	humorists	121	retain	balanced-editorial-quota
630f48ac8587a15b	humorists	122	exclude	quota
d30b6fb2870d00b8	humorists	123	exclude	quota
7d5c84705ea9f225	humorists	124	retain	balanced-editorial-quota
82095e2e800981cf	humorists	125	retain	balanced-editorial-quota
91ff80637e61fd10	humorists	126	exclude	violence-or-death
eea2e862de7a9796	humorists	127	exclude	violence-or-death
bf43cd0769212cf7	humorists	128	retain	balanced-editorial-quota
4f7b61d89490ea69	humorists	129	retain	balanced-editorial-quota
5a6453cab1b7fc1f	humorists	130	retain	balanced-editorial-quota
c8d8140c04047ef6	humorists	131	retain	balanced-editorial-quota
199b5fbe40cc1f28	humorists	132	exclude	violence-or-death
0a915387bddaedac	humorists	133	retain	balanced-editorial-quota
51c8af25ac632953	humorists	134	retain	balanced-editorial-quota
62167f59f57110a5	humorists	135	retain	balanced-editorial-quota
24ef3a8a4fb19e76	humorists	136	retain	balanced-editorial-quota
46ffd9a09fbfa28c	humorists	137	exclude	violence-or-death
15aab4b35fa2c016	humorists	138	exclude	unsafe-character
b6ffd4f95f1f0be5	humorists	139	exclude	presentation-length
20a9d9e9e7c87e2a	humorists	140	exclude	quota
0d131072a35042e6	humorists	141	retain	balanced-editorial-quota
08aa57196c65d123	humorists	142	retain	balanced-editorial-quota
0f5129dfacf25fc4	humorists	143	exclude	violence-or-death
77a5f7472e7d7738	humorists	144	retain	balanced-editorial-quota
1d94c8a4350e0255	humorists	145	exclude	violence-or-death
a9d159874915e8e9	humorists	146	exclude	duplicate
3fcc5a816d91caac	humorists	147	retain	balanced-editorial-quota
e7a75b817f44f73d	humorists	148	exclude	violence-or-death
f066be4fc8531b35	humorists	149	retain	balanced-editorial-quota
8e80d4a06b6943d7	humorists	150	retain	balanced-editorial-quota
e3d36b0fac142c53	humorists	151	exclude	violence-or-death
08a4ee3ca846872f	humorists	152	retain	balanced-editorial-quota
0eceaf0ca7747b2c	humorists	153	exclude	quota
31110b5bb81eb945	humorists	154	retain	balanced-editorial-quota
64e1a7df6b8c4469	humorists	155	exclude	sexual-or-identity-harm
510398f3ac95c246	humorists	156	retain	balanced-editorial-quota
4e87bfe1de7bbd08	humorists	157	exclude	violence-or-death
5715d4179ba944a9	humorists	158	exclude	quota
ef468564cbb14665	humorists	159	retain	balanced-editorial-quota
4bb66f0429beb043	humorists	160	exclude	violence-or-death
b2deaf30d6f1e5b0	humorists	161	retain	balanced-editorial-quota
e807b7f701ab765b	humorists	162	retain	balanced-editorial-quota
ab75beda59fd74c2	humorists	163	exclude	violence-or-death
91ec183d1d293f84	humorists	164	retain	balanced-editorial-quota
0f2620f4ba289fef	humorists	165	exclude	presentation-length
c8c044f98620a185	humorists	166	retain	balanced-editorial-quota
744412a656c1eee9	humorists	167	exclude	quota
64602e8b03bc7e88	humorists	168	exclude	quota
3e17619b12e75f2a	humorists	169	retain	balanced-editorial-quota
e1d66d23039c59d0	humorists	170	retain	balanced-editorial-quota
f051f6dd82812639	humorists	171	retain	balanced-editorial-quota
8c45a8cd526b6de8	humorists	172	retain	balanced-editorial-quota
bd61fd4e95bd58ca	humorists	173	retain	balanced-editorial-quota
d24c64f76e263ce8	humorists	174	retain	balanced-editorial-quota
49806515b3fae75d	humorists	175	retain	balanced-editorial-quota
88127ed49ebfd1ff	humorists	176	retain	balanced-editorial-quota
7623adf1cc6a589b	humorists	177	retain	balanced-editorial-quota
d2354279b3c9eb5f	humorists	178	retain	balanced-editorial-quota
1a1f4e71b77072fa	humorists	179	retain	balanced-editorial-quota
c1d2af017a3dfcf4	humorists	180	exclude	body-size-weight-or-diet-humor
a95badf7fb9a832d	humorists	181	retain	balanced-editorial-quota
9305310026985a17	humorists	182	exclude	quota
37fd858dd3665a42	humorists	183	retain	balanced-editorial-quota
3dfba540ce4a60c8	humorists	184	retain	balanced-editorial-quota
ece9740c12ed5770	humorists	185	retain	balanced-editorial-quota
231e2442712b1c2d	humorists	186	retain	balanced-editorial-quota
2c072f12e1c3cbbd	humorists	187	retain	balanced-editorial-quota
312791b9e6421ca7	humorists	188	retain	balanced-editorial-quota
b37a034637728491	humorists	189	retain	balanced-editorial-quota
303e50ee8ba08356	humorists	190	exclude	quota
c750cfd23f349216	humorists	191	exclude	unsafe-character
da6ded32810fab79	humorists	192	retain	balanced-editorial-quota
d901611b2426f70d	humorists	193	exclude	violence-or-death
1057ae5c77867d7b	humorists	194	retain	balanced-editorial-quota
df9837ee72f106cb	humorists	195	exclude	violence-or-death
70163f99c308e2ff	humorists	196	exclude	quota
1e08032618c43e1a	kids	1	retain	balanced-editorial-quota
afb9cf3f3aed0520	kids	2	exclude	quota
f46a90f67c08a14c	kids	3	retain	balanced-editorial-quota
71412dab24f30034	kids	4	retain	balanced-editorial-quota
8d541465e3e10915	kids	5	exclude	quota
1659ef069fadee00	kids	6	exclude	quota
777dd1c21d78156e	kids	7	retain	balanced-editorial-quota
c7861405d4dc1e42	kids	8	retain	balanced-editorial-quota
83ed6168f668e281	kids	9	retain	balanced-editorial-quota
a83aa8550e5fc753	kids	10	exclude	quota
f485a658a8cba1bf	kids	11	exclude	violence-or-death
3ef7a7871d8bb0e1	kids	12	retain	balanced-editorial-quota
234aec5e0d351e53	kids	13	exclude	quota
ebf1c802805d5dc0	kids	14	exclude	quota
1fb3f4f750966e3e	kids	15	exclude	violence-or-death
91a7e3782099afb3	kids	16	exclude	violence-or-death
da88738c02149143	kids	17	exclude	quota
70d78ec13552826f	kids	18	exclude	quota
b2e4cb4db47bddc8	kids	19	exclude	quota
f7e7957e0d464911	kids	20	exclude	violence-or-death
5dc0be234e78ffba	kids	21	exclude	violence-or-death
ba007188e0511058	kids	22	retain	balanced-editorial-quota
9efa76c187bf0ffd	kids	23	exclude	quota
8ded39db3dc2964a	kids	24	exclude	sexual-or-identity-harm
b3945761602caba0	kids	25	retain	balanced-editorial-quota
42f957c7dd5336b3	kids	26	retain	balanced-editorial-quota
2d3382a0a12ea84e	kids	27	retain	balanced-editorial-quota
b33652eeb1335311	kids	28	retain	balanced-editorial-quota
bc296e4aad5814ba	kids	29	retain	balanced-editorial-quota
23a1e50caf40fb6d	kids	30	retain	balanced-editorial-quota
f8dc1f25781c9eb6	kids	31	retain	balanced-editorial-quota
0e55136745821e40	kids	32	retain	balanced-editorial-quota
01ab77f5d052d96f	kids	33	exclude	quota
458746a1d04c9502	kids	34	retain	balanced-editorial-quota
4c6da7e1c403df7c	kids	35	exclude	quota
a8cc2f869f03587c	kids	36	retain	balanced-editorial-quota
5d65e8580309ab05	kids	37	exclude	violence-or-death
92eecc20fb313902	kids	38	retain	balanced-editorial-quota
2b9448abba88ecfc	kids	39	exclude	quota
7f228c56c1de466a	kids	40	exclude	quota
efcab5ba2ecb0a9d	kids	41	retain	balanced-editorial-quota
496bbaa4d49ccf9d	kids	42	exclude	presentation-length
3b41c04137905cd7	kids	43	retain	balanced-editorial-quota
8cec378850411757	kids	44	retain	balanced-editorial-quota
16e11e9b7f88a736	kids	45	retain	balanced-editorial-quota
171dcef9512b3837	kids	46	exclude	quota
660cd5d6f7fd0a65	kids	47	exclude	presentation-length
6b99ff5ade05c47f	kids	48	exclude	quota
234e4a80ee5a0229	kids	49	retain	balanced-editorial-quota
b17da21c8e3c79f3	kids	50	exclude	presentation-length
213e35225e2f7abc	kids	51	exclude	quota
8886d359790abd6b	kids	52	exclude	quota
331c9d741db2b281	kids	53	retain	balanced-editorial-quota
0849a87bd13ae139	kids	54	exclude	quota
728dc6d270d204f5	kids	55	retain	balanced-editorial-quota
2c722aa9be958d89	kids	56	exclude	quota
38d99c6a2be53b36	kids	57	retain	balanced-editorial-quota
d602518b71f04745	kids	58	exclude	quota
015d4aae74834094	kids	59	retain	balanced-editorial-quota
e14cc53062ccad18	kids	60	exclude	quota
c92cd8eab8ddb591	kids	61	retain	balanced-editorial-quota
0a83e075f13ad2f4	kids	62	exclude	quota
c5fb03b3d47bd5fe	kids	63	retain	balanced-editorial-quota
448a5902fcc71f02	kids	64	exclude	violence-or-death
a69da274a614112b	kids	65	retain	balanced-editorial-quota
5bb081bb5ae02f51	kids	66	retain	balanced-editorial-quota
118052e62328957c	kids	67	retain	balanced-editorial-quota
2cd6db3bd66914e4	kids	68	retain	balanced-editorial-quota
977ea74867011294	kids	69	exclude	quota
8b7b6ffdbd79fa48	kids	70	retain	balanced-editorial-quota
15cef2802abdeca0	kids	71	retain	balanced-editorial-quota
30db4fc3721066c5	kids	72	retain	balanced-editorial-quota
0d1c22fa63538c8e	kids	73	exclude	unsafe-character
8d5ef694be1d216d	kids	74	exclude	quota
d454f711d6a6d797	kids	75	exclude	violence-or-death
ed02e080cd026627	kids	76	exclude	sexual-or-identity-harm
4bdf2dfa8a3889ba	kids	77	retain	balanced-editorial-quota
f4fcc93fc4f3b4b0	kids	78	exclude	sexual-or-identity-harm
47f841aaa9b0220f	kids	79	exclude	quota
fada72837c507b63	kids	80	retain	balanced-editorial-quota
5764dbbdf5853c09	kids	81	retain	balanced-editorial-quota
7adddf9a047f344b	kids	82	exclude	quota
e1df6a2b95ce3d8b	kids	83	retain	balanced-editorial-quota
5c24dc5e39438166	kids	84	exclude	violence-or-death
185cd319a0343898	kids	85	exclude	quota
8a5916430d7cea54	kids	86	retain	balanced-editorial-quota
610a03fa175fd6bb	kids	87	exclude	quota
9b53dfdf2ec9679d	kids	88	exclude	quota
9085b61ad0e56264	kids	89	exclude	quota
65b494187da74b70	kids	90	retain	balanced-editorial-quota
f8af61cf15271402	kids	91	exclude	violence-or-death
bde282eddb527121	kids	92	exclude	quota
5c30deb750f41d33	kids	93	exclude	quota
a9b8f2af06cd678c	kids	94	exclude	quota
9aedac88edc633c7	kids	95	exclude	quota
c0f56591d96f3434	kids	96	retain	balanced-editorial-quota
465a9f8a07e5b63d	kids	97	retain	balanced-editorial-quota
566c7dc6108dba8d	kids	98	retain	balanced-editorial-quota
6cf806f82a5cf12d	kids	99	exclude	violence-or-death
4d3e39d832979d07	kids	100	exclude	violence-or-death
ca190042ba6d9bcc	kids	101	exclude	quota
471faac7683bcf31	kids	102	retain	balanced-editorial-quota
b09465c887e26238	kids	103	retain	balanced-editorial-quota
de7636e8f9203951	kids	104	retain	balanced-editorial-quota
77baf3d2ca02b61b	kids	105	retain	balanced-editorial-quota
3610bf840faaf53e	kids	106	retain	balanced-editorial-quota
7049aecfb177315f	kids	107	retain	balanced-editorial-quota
217ed0eb33be46b6	kids	108	retain	balanced-editorial-quota
e6d8b733fda03810	kids	109	retain	balanced-editorial-quota
a5dc5a0f33f6ca0d	kids	110	exclude	quota
53834d90867a0b02	kids	111	retain	balanced-editorial-quota
2af3ef3074bfe1e1	kids	112	retain	balanced-editorial-quota
1bb1644eb6339dbd	kids	113	retain	balanced-editorial-quota
74b6a009ff2fa0e2	kids	114	retain	balanced-editorial-quota
f58f3a8699e232ce	kids	115	exclude	quota
50bf5985f8b5991f	kids	116	exclude	violence-or-death
dae1484e55e01c29	kids	117	retain	balanced-editorial-quota
90f64337bb2da355	kids	118	exclude	quota
f0020a8cc4be6b10	kids	119	retain	balanced-editorial-quota
02c57dc355cdcd1e	kids	120	retain	balanced-editorial-quota
4755a0a88e6ba5a5	kids	121	exclude	violence-or-death
e589e6d04945c51e	kids	122	exclude	violence-or-death
8ed5ff9a61606433	kids	123	retain	balanced-editorial-quota
7ee7447e80234446	kids	124	retain	balanced-editorial-quota
e284a8095788bba0	kids	125	retain	balanced-editorial-quota
9aa0665c4ada2246	kids	126	retain	balanced-editorial-quota
abedee061d0f77f5	kids	127	retain	balanced-editorial-quota
7c96dd038c79c158	kids	128	retain	balanced-editorial-quota
0770973ce3f29338	kids	129	exclude	quota
9a94bf5d6490a5a4	kids	130	retain	balanced-editorial-quota
f24ee0e8b22054de	kids	131	retain	balanced-editorial-quota
0557185297c644bc	kids	132	retain	balanced-editorial-quota
1711a0ec8f86c51e	kids	133	retain	balanced-editorial-quota
09b17737e97d2dd3	kids	134	exclude	quota
e264d1071d364149	kids	135	retain	balanced-editorial-quota
af15cea661fc8329	kids	136	exclude	violence-or-death
9399a1313d3bda61	kids	137	retain	balanced-editorial-quota
05d9a357104d493e	kids	138	exclude	violence-or-death
21ea0960a2e6e6ba	kids	139	retain	balanced-editorial-quota
47ac0487d85e3467	kids	140	retain	balanced-editorial-quota
2a7ea16908404093	kids	141	retain	balanced-editorial-quota
89213b314d3783e7	kids	142	exclude	quota
7a82180392b0dbfc	kids	143	exclude	quota
f0f8fc6221aab270	kids	144	exclude	quota
5430b232dc19387a	kids	145	exclude	violence-or-death
c0c8447761b8a55c	kids	146	exclude	quota
bcab8d65c99c1b45	kids	147	exclude	final-corpus-trim
af7b7663a3210f6d	kids	148	retain	balanced-editorial-quota
7089124a15bf6f57	kids	149	retain	balanced-editorial-quota
b6a282425ec10fb7	kids	150	retain	balanced-editorial-quota
e940575b340ee8f9	law	1	exclude	presentation-length
e25973f2255ca6c2	law	2	exclude	presentation-length
e84e2df51c68debd	law	3	exclude	quota
1649855b29a7649b	law	4	exclude	quota
448c7b0990a67e98	law	5	exclude	violence-or-death
8d975852afb1ec03	law	6	exclude	quota
28bee96e409c7e66	law	7	exclude	presentation-length
42a03c5577e2cb8f	law	8	exclude	quota
74170cb87a304d8a	law	9	exclude	quota
b910a44e688ba3dc	law	10	exclude	quota
5a90a697d25ba56e	law	11	exclude	quota
6ec371674d23c310	law	12	exclude	quota
90b6428801af6f30	law	13	exclude	quota
8a7f7dfae387e402	law	14	exclude	quota
67908b5a6deaf8ba	law	15	exclude	violence-or-death
77eeb92dc3eba043	law	16	retain	balanced-editorial-quota
da2b1569516f8c1d	law	17	retain	balanced-editorial-quota
8b5fd7c0d993e15d	law	18	exclude	quota
1c6ec0922ea3c99c	law	19	exclude	quota
39cbc297d95f3aab	law	20	exclude	quota
fc7651b769a2ee4d	law	21	exclude	quota
3f11c75b7f5c81c8	law	22	exclude	quota
dbd70624c8a07cfa	law	23	exclude	unsafe-character
b020a5dd295682db	law	24	exclude	quota
9bbc77094e728240	law	25	exclude	quota
9ddf4889b9528b73	law	26	exclude	violence-or-death
93cc3bd9a89df9a2	law	27	exclude	quota
46af03b1db08d172	law	28	exclude	quota
c455ec997608e154	law	29	exclude	quota
6284f774d2bfc0bf	law	30	exclude	quota
9a204f00dbeac68f	law	31	retain	balanced-editorial-quota
1b349bb34035bbf3	law	32	exclude	quota
d938d23a2af80759	law	33	retain	balanced-editorial-quota
d5f4ccaffaef12f1	law	34	exclude	violence-or-death
3e6dfafd2b80dec6	law	35	exclude	quota
c1bef52f4ba67ef9	law	36	exclude	quota
3c57070ab790b2fd	law	37	exclude	quota
23edfa295ea50765	law	38	retain	balanced-editorial-quota
49852fe9db931723	law	39	exclude	violence-or-death
2d0031bdf75cd150	law	40	exclude	violence-or-death
da952d0c54b128f2	law	41	exclude	quota
7424af65ec8a2469	law	42	exclude	quota
3bae38f28cc26986	law	43	exclude	violence-or-death
0b6d8c8dad578bc5	law	44	exclude	presentation-length
a2f4088dda3089ca	law	45	exclude	sexual-or-identity-harm
47db9d0f3b837c8b	law	46	exclude	quota
27d2cc683df6f447	law	47	exclude	quota
4f437c9237448261	law	48	exclude	quota
77a6f43c2656ed48	law	49	exclude	sexual-or-identity-harm
78a8f81a93757ea4	law	50	exclude	quota
e16e9f24459600f3	law	51	exclude	presentation-length
b076bdeff965b422	law	52	exclude	quota
ed887815368ef8ab	law	53	exclude	violence-or-death
eef4a3415535a4b2	law	54	exclude	violence-or-death
2d52bbb17636a4f9	law	55	exclude	quota
0233022ef55777d5	law	56	exclude	quota
ad58852df9ec002b	law	57	exclude	quota
121f362da660c114	law	58	exclude	violence-or-death
2af1982a1efd42d6	law	59	exclude	violence-or-death
d929307b1bde5bc7	law	60	exclude	quota
e4566eb0326632e7	law	61	exclude	violence-or-death
fa90f10bcc59c32d	law	62	exclude	violence-or-death
4427c9eb44946bc9	law	63	exclude	quota
dd9d6fd3a5e83f46	law	64	exclude	quota
03b0d7317a461e17	law	65	exclude	quota
d44232064ea4ebe0	law	66	exclude	quota
458c501b61ebe903	law	67	exclude	quota
b2cb8555b6d5e856	law	68	exclude	presentation-length
fa4401a96f091158	law	69	exclude	quota
03b864597f8d0045	law	70	exclude	quota
494acfaac1ee4a4b	law	71	exclude	quota
4f5ca4d945041dca	law	72	exclude	quota
06e188a9a208e198	law	73	exclude	quota
8f703b193ea36784	law	74	exclude	quota
dd6cbb2b3d1670e0	law	75	exclude	quota
f6b2f1327ec45662	law	76	exclude	violence-or-death
f13c4831fe0ed736	law	77	exclude	quota
56803a7654e2f8ff	law	78	exclude	quota
095d4fd696b19de3	law	79	exclude	violence-or-death
1382a0570ff676f1	law	80	exclude	quota
4dd5bb8be9c62569	law	81	exclude	violence-or-death
2a892c8d8b302afb	law	82	exclude	quota
e0b8ebde4a41b186	law	83	exclude	quota
b25c989e2dad3862	law	84	exclude	violence-or-death
c0d00eead6ebd318	law	85	exclude	violence-or-death
6ecf0b7702a66da4	law	86	exclude	quota
4b144afdedbeb4bb	law	87	exclude	sexual-or-identity-harm
3994cfaa8fb4e211	law	88	exclude	quota
c4028131801cb388	law	89	exclude	quota
89e22af2e1b72229	law	90	exclude	violence-or-death
de374d8b5d763b23	law	91	exclude	quota
240f0050ebbda99c	law	92	exclude	violence-or-death
d5809a82954e64a3	law	93	exclude	violence-or-death
86d7f671498e5eb5	law	94	exclude	quota
b588f114bb475405	law	95	exclude	quota
1a706519f3a16fda	law	96	exclude	quota
6763199fb00e5631	law	97	exclude	quota
afb878616009a163	law	98	exclude	presentation-length
a23554bb8f007cfb	law	99	exclude	presentation-length
bda950b950c1e6dd	law	100	exclude	presentation-length
d74901ae4e330341	law	101	exclude	quota
610dcd40b83ddb04	law	102	retain	balanced-editorial-quota
5ff8c5b8a123087b	law	103	exclude	quota
1053ab4cfc9e69b8	law	104	exclude	violence-or-death
b3d67fdabd7336dc	law	105	exclude	violence-or-death
b3dad3c463275b82	law	106	exclude	quota
4faaa73ce087d671	law	107	exclude	quota
ddc0808835db3277	law	108	exclude	violence-or-death
45e08e9815afe580	law	109	retain	balanced-editorial-quota
7274817cd11c19c6	law	110	retain	balanced-editorial-quota
a61565ba43d4744f	law	111	retain	balanced-editorial-quota
c175d5985be3ceeb	law	112	exclude	quota
34b469a7fcecff7e	law	113	retain	balanced-editorial-quota
a84d5d39b06ac953	law	114	retain	balanced-editorial-quota
29ee6af6f9d95027	law	115	retain	balanced-editorial-quota
542772a3f35ddba2	law	116	retain	balanced-editorial-quota
b7efe3f6fa51652e	law	117	exclude	quota
eb19f8afec63d82d	law	118	exclude	quota
1e7daa315592762e	law	119	exclude	quota
1a51816931e17a10	law	120	exclude	body-size-weight-or-diet-humor
017ab54a24247843	law	121	exclude	violence-or-death
a5d277e4993d4a65	law	122	exclude	violence-or-death
dc77d74e2cce294f	law	123	exclude	violence-or-death
d24e226f4514e809	law	124	exclude	violence-or-death
8fc8b81d29b2796a	law	125	retain	balanced-editorial-quota
2c6ba2409d626c4c	law	126	retain	balanced-editorial-quota
4a4b6c84b1b5a2d1	law	127	exclude	quota
7afe3bbda5197337	law	128	exclude	quota
dc8f8a2014abd9b5	law	129	exclude	quota
c1bf21eb2b53221d	law	130	exclude	quota
63fefc2dc590c37d	law	131	exclude	quota
024698beffa59709	law	132	retain	balanced-editorial-quota
f4ee1c4c07dae0d3	law	133	exclude	presentation-length
b85c217cdb1e2880	law	134	exclude	quota
d981bda7e7b5d791	law	135	exclude	quota
d1ec1775055bac8e	law	136	exclude	quota
b4ec1ae173cb2141	law	137	exclude	quota
9535f9874fff78eb	law	138	exclude	quota
2ef6c425458362ca	law	139	exclude	quota
84dd1ea9f1d58282	law	140	exclude	quota
f518a0bde5822009	law	141	exclude	quota
4b3476f1f240d6fe	law	142	exclude	quota
57d819e58b38fc4c	law	143	exclude	quota
68854903a7e3f4bf	law	144	exclude	quota
b512218ee2b4182d	law	145	exclude	quota
b3a2252dd2fb475a	law	146	exclude	quota
4455b9e74896f719	law	147	retain	balanced-editorial-quota
428f519422c49962	law	148	exclude	quota
3f5ed6f6ce3e693f	law	149	retain	balanced-editorial-quota
c762ded6c8b8ef4d	law	150	retain	balanced-editorial-quota
3ea9c51bdab78bea	law	151	exclude	quota
900fadd44923fbc4	law	152	retain	balanced-editorial-quota
208e12d1d173c3fc	law	153	retain	balanced-editorial-quota
874fa09ff1d1c71a	law	154	exclude	unsafe-character
4153b1e07a788c93	law	155	exclude	quota
f696901b6f3d01b9	law	156	exclude	quota
b3b1535bbdd9fa9d	law	157	exclude	violence-or-death
620ce9a6ee7672bb	law	158	exclude	violence-or-death
8829e79ac991e8b1	law	159	exclude	quota
5a86a3c343dd9e71	law	160	exclude	quota
0e784242df11c935	law	161	exclude	quota
3c82d7d353c77e27	law	162	exclude	quota
58fae1358bbf1b3a	law	163	exclude	quota
4ac8a1434ede1544	law	164	exclude	quota
1735ba0aaca8c7a6	law	165	exclude	violence-or-death
1d57acf4db2fe8e9	law	166	exclude	quota
8be60ba5a65e0d70	law	167	exclude	violence-or-death
b6ce5ccd83e497a8	law	168	exclude	sexual-or-identity-harm
36e05c9a5e6466de	law	169	exclude	violence-or-death
9b4953953b42e459	law	170	exclude	quota
4c6ac805acb580d3	law	171	retain	balanced-editorial-quota
42661bc4bf5e9e92	law	172	exclude	quota
6474fa070a9aecb3	law	173	retain	balanced-editorial-quota
eccf2c407cc17e2c	law	174	exclude	quota
49bfb768e5aa5280	law	175	retain	balanced-editorial-quota
6b532e4933a5d04c	law	176	retain	balanced-editorial-quota
ac975c7c4a578de3	law	177	exclude	final-corpus-trim
10e83796e6072bcd	law	178	exclude	presentation-length
4058b87fd191a98e	law	179	exclude	quota
9dee5fb4291dad18	law	180	exclude	quota
130561ba10696069	law	181	exclude	sexual-or-identity-harm
5660bfae53892355	law	182	exclude	quota
949ed43571da78fb	law	183	exclude	quota
3d438463459740f6	law	184	retain	balanced-editorial-quota
062b220c669bc81e	law	185	exclude	quota
3c023bd551e9f28c	law	186	exclude	violence-or-death
e215229b9e736f85	law	187	retain	balanced-editorial-quota
dba02bb0a45ea4ac	law	188	exclude	quota
11a8a8e42df9dc6a	law	189	exclude	quota
83d4a75e8063e38e	law	190	exclude	quota
5633041c4cab447b	law	191	exclude	violence-or-death
89d7f732767e7218	law	192	exclude	violence-or-death
1d53ca9d0da922b0	law	193	retain	balanced-editorial-quota
c73173f32b81e9bf	law	194	exclude	quota
a539211ea2e187a1	law	195	exclude	presentation-length
bd5ea8b78d41944b	law	196	exclude	quota
918fd6f26f9d4da9	law	197	exclude	quota
998d3dea5026820e	law	198	exclude	violence-or-death
87d364e818016a63	law	199	exclude	quota
0a14676cd69a41f8	law	200	exclude	quota
51643caa4b9030a1	law	201	exclude	quota
096d4d10e049b058	law	202	exclude	quota
314eaf5c41be4399	linuxcookie	1	retain	balanced-editorial-quota
28879c366e2541c6	linuxcookie	2	exclude	violence-or-death
de8325fb91cc7efa	linuxcookie	3	retain	balanced-editorial-quota
8140ca460b212b7d	linuxcookie	4	retain	balanced-editorial-quota
ebac9f50d4d7131a	linuxcookie	5	retain	balanced-editorial-quota
93173ece1b917059	linuxcookie	6	retain	balanced-editorial-quota
af5630e77a255f1a	linuxcookie	7	retain	balanced-editorial-quota
f8353a57f650d85f	linuxcookie	8	retain	balanced-editorial-quota
954fc091d986f3fa	linuxcookie	9	retain	balanced-editorial-quota
a3cf20b399e75978	linuxcookie	10	retain	balanced-editorial-quota
bb9566c096dbcba9	linuxcookie	11	retain	balanced-editorial-quota
5bba770e20fb3082	linuxcookie	12	retain	balanced-editorial-quota
9a1a18f7a489b0ab	linuxcookie	13	retain	balanced-editorial-quota
9b66040ec4f9166a	linuxcookie	14	retain	balanced-editorial-quota
afaece4c0a80b33e	linuxcookie	15	retain	balanced-editorial-quota
15209350c40253df	linuxcookie	16	retain	balanced-editorial-quota
377fecc686cd48f6	linuxcookie	17	retain	balanced-editorial-quota
297b4c1015c92b0c	linuxcookie	18	retain	balanced-editorial-quota
be6836b3da2c1d4f	linuxcookie	19	retain	balanced-editorial-quota
55e5846827c916db	linuxcookie	20	retain	balanced-editorial-quota
d7da5c05fdad0dd0	linuxcookie	21	retain	balanced-editorial-quota
9654a8562cba2bd7	linuxcookie	22	retain	balanced-editorial-quota
2513a5475b6c50a5	linuxcookie	23	retain	balanced-editorial-quota
ad786a68b6befcda	linuxcookie	24	retain	balanced-editorial-quota
54178198d204f735	linuxcookie	25	retain	balanced-editorial-quota
b7d27cc879920192	linuxcookie	26	retain	balanced-editorial-quota
94cb92f8d8d1cb3a	linuxcookie	27	retain	balanced-editorial-quota
48bf4d4198b05cc1	linuxcookie	28	retain	balanced-editorial-quota
04357e5bf63ff981	linuxcookie	29	retain	balanced-editorial-quota
33de9f2b93dbe622	linuxcookie	30	retain	balanced-editorial-quota
7fea270b7810b8c6	linuxcookie	31	retain	balanced-editorial-quota
5371b5af4644663b	linuxcookie	32	retain	balanced-editorial-quota
7848b00e643e0050	linuxcookie	33	retain	balanced-editorial-quota
34ed453880aa3423	linuxcookie	34	retain	balanced-editorial-quota
2d1a689a438d5e80	linuxcookie	35	retain	balanced-editorial-quota
e282fc91c2832698	linuxcookie	36	retain	balanced-editorial-quota
3cbad9c678753652	linuxcookie	37	retain	balanced-editorial-quota
da7627baff7df6a4	linuxcookie	38	exclude	presentation-length
f067a40ebd56f8ef	linuxcookie	39	retain	balanced-editorial-quota
a495c332d27f1b95	linuxcookie	40	retain	balanced-editorial-quota
5cbe5517fded4034	linuxcookie	41	retain	balanced-editorial-quota
59c886f7590a3f26	linuxcookie	42	retain	balanced-editorial-quota
a2cb4ca89d776b7a	linuxcookie	43	retain	balanced-editorial-quota
5600878ead5754fb	linuxcookie	44	retain	balanced-editorial-quota
837d8d749897ccaa	linuxcookie	45	retain	balanced-editorial-quota
869488f9d6f537a5	linuxcookie	46	retain	balanced-editorial-quota
14cf8685f77fa4d0	linuxcookie	47	retain	balanced-editorial-quota
f7eed4a53b2a7bf2	linuxcookie	48	retain	balanced-editorial-quota
d096c8caf13d5587	linuxcookie	49	retain	balanced-editorial-quota
f5a72ba76a4c9474	linuxcookie	50	retain	balanced-editorial-quota
fac32f465e913432	linuxcookie	51	retain	balanced-editorial-quota
21e8076badfefa3b	linuxcookie	52	retain	balanced-editorial-quota
32408230a5845c0a	linuxcookie	53	retain	balanced-editorial-quota
6d516894b451c5e9	linuxcookie	54	retain	balanced-editorial-quota
6f4afc9511c00f56	linuxcookie	55	retain	balanced-editorial-quota
34cbaea2d2491e54	linuxcookie	56	retain	balanced-editorial-quota
1436985d6706bc7d	linuxcookie	57	retain	balanced-editorial-quota
f7b1adf2f5f082d3	linuxcookie	58	retain	balanced-editorial-quota
3b9b72548177f6e0	linuxcookie	59	retain	balanced-editorial-quota
b555c5314ba1d2ea	linuxcookie	60	exclude	sexual-or-identity-harm
dbea01c1d2d462eb	linuxcookie	61	retain	balanced-editorial-quota
252648696fe49028	linuxcookie	62	retain	balanced-editorial-quota
9e6c72e50408bfeb	linuxcookie	63	retain	balanced-editorial-quota
0d4b304592cc7183	linuxcookie	64	retain	balanced-editorial-quota
4dc29e4c87be6849	linuxcookie	65	retain	balanced-editorial-quota
e7b7240d80a32a0d	linuxcookie	66	retain	balanced-editorial-quota
0c4f5125e23a94d7	linuxcookie	67	exclude	violence-or-death
4976a3f1b4f3bfb6	linuxcookie	68	retain	balanced-editorial-quota
aae5fde292026bb0	linuxcookie	69	retain	balanced-editorial-quota
83f1a3c4047643a6	linuxcookie	70	retain	balanced-editorial-quota
7cc41a0c12a7c3c9	linuxcookie	71	retain	balanced-editorial-quota
1aa4afec02771979	linuxcookie	72	retain	balanced-editorial-quota
40a4a678140f3ebf	linuxcookie	73	exclude	violence-or-death
71a497643c5120a9	linuxcookie	74	exclude	sexual-or-identity-harm
9c41e8811a854a10	linuxcookie	75	retain	balanced-editorial-quota
02233d71dbd73187	linuxcookie	76	retain	balanced-editorial-quota
e074952e3822f416	linuxcookie	77	retain	balanced-editorial-quota
1e7c8e756be2551e	linuxcookie	78	retain	balanced-editorial-quota
3100b6c0ff30d19b	linuxcookie	79	retain	balanced-editorial-quota
9d5982af6d0f6c0d	linuxcookie	80	retain	balanced-editorial-quota
f9475aee6d1bdc07	linuxcookie	81	exclude	violence-or-death
e5a0aa09c217b776	linuxcookie	82	retain	balanced-editorial-quota
27e3c0559f05bcce	linuxcookie	83	retain	balanced-editorial-quota
38e4f154a09737b0	linuxcookie	84	exclude	violence-or-death
1b25bb46d228ec33	linuxcookie	85	exclude	sexual-or-identity-harm
856975ef2e45e0d8	linuxcookie	86	retain	balanced-editorial-quota
e2dacf81e30e84e5	linuxcookie	87	retain	balanced-editorial-quota
5d9a2844385f6a50	linuxcookie	88	retain	balanced-editorial-quota
a743af6a3d654f6e	linuxcookie	89	retain	balanced-editorial-quota
0af4479d932c44cc	linuxcookie	90	retain	balanced-editorial-quota
80dd87f1696189f6	linuxcookie	91	retain	balanced-editorial-quota
ce575af297222011	linuxcookie	92	retain	balanced-editorial-quota
e267c0e2aeb5f50b	linuxcookie	93	retain	balanced-editorial-quota
db0d45e7f477f57d	linuxcookie	94	retain	balanced-editorial-quota
5df0123bdd3b19b6	linuxcookie	95	retain	balanced-editorial-quota
1df7ca1842998b9b	linuxcookie	96	retain	balanced-editorial-quota
574006d591767490	linuxcookie	97	retain	balanced-editorial-quota
5c99fc2d673f6e3a	linuxcookie	98	exclude	violence-or-death
9ad48c3f22c2524a	linuxcookie	99	retain	balanced-editorial-quota
cb6d834c4184a75d	linuxcookie	100	retain	balanced-editorial-quota
2dd4769f67699a0c	linuxcookie	101	retain	balanced-editorial-quota
f4e933d4f8dbb4be	linuxcookie	102	retain	balanced-editorial-quota
272e4c0239cdba8b	linuxcookie	103	retain	balanced-editorial-quota
cdc92fb88278035f	linuxcookie	104	retain	balanced-editorial-quota
eb439de525ae3aee	linuxcookie	105	retain	balanced-editorial-quota
384984ba7dd64d30	literature	1	retain	balanced-editorial-quota
179e5ec2847a92b4	literature	2	retain	balanced-editorial-quota
1d8865a5564cb0af	literature	3	retain	balanced-editorial-quota
1c7e8a7832997933	literature	4	retain	balanced-editorial-quota
176bec7329f80e2a	literature	5	exclude	quota
38a7000d4c88db6a	literature	6	retain	balanced-editorial-quota
c1c7f9e740985e5c	literature	7	retain	balanced-editorial-quota
ed267f101c66a05e	literature	8	retain	balanced-editorial-quota
22aae2d686a9e61b	literature	9	retain	balanced-editorial-quota
cbcca7761e11ff1a	literature	10	exclude	violence-or-death
08d5cdfedb47f6ee	literature	11	exclude	quota
e80ba845be0c9387	literature	12	retain	balanced-editorial-quota
f8491f52cb321ed0	literature	13	retain	balanced-editorial-quota
a5c224c028118f12	literature	14	retain	balanced-editorial-quota
97babd2e6c2e7250	literature	15	exclude	violence-or-death
2f118417b6e93cfc	literature	16	exclude	violence-or-death
011dd747338dc23f	literature	17	exclude	quota
688af2b11962e536	literature	18	retain	balanced-editorial-quota
8a9f4ca853a26ae5	literature	19	retain	balanced-editorial-quota
ac3d748e7afe2be2	literature	20	exclude	final-corpus-trim
8937ab90297632a4	literature	21	retain	balanced-editorial-quota
0be28baf91e15d9a	literature	22	retain	balanced-editorial-quota
e038c414a6431833	literature	23	retain	balanced-editorial-quota
bb2ec1b3bc235abf	literature	24	retain	balanced-editorial-quota
86028e5be6384a36	literature	25	exclude	quota
7948e4eb07772ac0	literature	26	exclude	violence-or-death
a159c900da081a8b	literature	27	exclude	quota
5946077b1e396a8d	literature	28	exclude	quota
03df771350cf50d3	literature	29	exclude	quota
d76470fd62ad82eb	literature	30	exclude	violence-or-death
7c7ebf3bf9afb8e6	literature	31	exclude	violence-or-death
4f02bb113c6828ae	literature	32	exclude	quota
fe11abc191be1af6	literature	33	exclude	quota
cf8afd04af2a338f	literature	34	retain	balanced-editorial-quota
4e3668ca545042a1	literature	35	retain	balanced-editorial-quota
f114204f82b06896	literature	36	retain	balanced-editorial-quota
4cadb23739ed2234	literature	37	exclude	sexual-or-identity-harm
37a270e3a467eb3b	literature	38	retain	balanced-editorial-quota
bf65bb59741fdc05	literature	39	exclude	quota
05d224b94febb0a0	literature	40	retain	balanced-editorial-quota
70679c4bd3ff8bba	literature	41	exclude	violence-or-death
964c129ad22acc5c	literature	42	exclude	quota
c7a6540778675d74	literature	43	exclude	quota
004e63a854bf87be	literature	44	retain	balanced-editorial-quota
9853cc903e4b7e31	literature	45	retain	balanced-editorial-quota
c1ef1131b2ced9a3	literature	46	retain	balanced-editorial-quota
e58139f14d39fcd2	literature	47	exclude	quota
25bffb01c96d3009	literature	48	retain	balanced-editorial-quota
85abfa1f9f180049	literature	49	retain	balanced-editorial-quota
b774afca6b831876	literature	50	exclude	violence-or-death
04cab620aa9f8903	literature	51	exclude	quota
5a921c802db5ada1	literature	52	retain	balanced-editorial-quota
ef96489625cf9872	literature	53	exclude	quota
2bcd19f676de77ec	literature	54	retain	balanced-editorial-quota
dae669a2aeb35b42	literature	55	retain	balanced-editorial-quota
1e6e27e985d9c081	literature	56	retain	balanced-editorial-quota
f3accfbd921d8fd7	literature	57	exclude	quota
d01b4f7cca220863	literature	58	exclude	quota
26ed19ffd2d60be0	literature	59	exclude	violence-or-death
25fcbf8d1349fafa	literature	60	retain	balanced-editorial-quota
f2cfded63bd83a5a	literature	61	exclude	quota
b0131ef3e87dac37	literature	62	exclude	quota
ca18d034279bb5ca	literature	63	retain	balanced-editorial-quota
0743b3b7ac36d9ae	literature	64	retain	balanced-editorial-quota
b21474c3d84ea8b2	literature	65	exclude	final-corpus-trim
798267afa5c36ab5	literature	66	retain	balanced-editorial-quota
f7f2e3cd6ad758d9	literature	67	retain	balanced-editorial-quota
252a27b4108be13b	literature	68	retain	balanced-editorial-quota
e4b3ad9b389b54ed	literature	69	retain	balanced-editorial-quota
341de2e77d93f402	literature	70	retain	balanced-editorial-quota
ad92dbfac0a8b60c	literature	71	exclude	quota
487cf59f0cefe89f	literature	72	exclude	violence-or-death
1c238768ca295e28	literature	73	retain	balanced-editorial-quota
036d423bcf29d797	literature	74	retain	balanced-editorial-quota
9e93030144654067	literature	75	retain	balanced-editorial-quota
aa513f035579d9cf	literature	76	retain	balanced-editorial-quota
1c7b45b7cef2c265	literature	77	exclude	presentation-length
dc6665bed5910e62	literature	78	retain	balanced-editorial-quota
151ea52de92badeb	literature	79	retain	balanced-editorial-quota
d3507a8890618ced	literature	80	retain	balanced-editorial-quota
8a91e5d7231d28c8	literature	81	retain	balanced-editorial-quota
c280b42d02c5bba9	literature	82	retain	balanced-editorial-quota
e3f3a5c9ed939d6e	literature	83	retain	balanced-editorial-quota
15f2cfc233a31415	literature	84	retain	balanced-editorial-quota
4054fb45a015ad0c	literature	85	exclude	quota
5375bda6cf614c2d	literature	86	exclude	violence-or-death
8c9492dbcf9b3769	literature	87	retain	balanced-editorial-quota
c77723408499450e	literature	88	exclude	quota
24d608a2c3ffa30d	literature	89	exclude	violence-or-death
ac41e056a94f0361	literature	90	exclude	quota
04bb16805b34ce08	literature	91	exclude	quota
8077daccffa6ce90	literature	92	retain	balanced-editorial-quota
3c1358c4dc1a9e55	literature	93	retain	balanced-editorial-quota
88eb3a416052ff3c	literature	94	retain	balanced-editorial-quota
169949335cf5cbaf	literature	95	retain	balanced-editorial-quota
6d705af44525c354	literature	96	retain	balanced-editorial-quota
aab63dfd7c155774	literature	97	retain	balanced-editorial-quota
cc4c2972a8092317	literature	98	retain	balanced-editorial-quota
ca6478024de68fca	literature	99	exclude	quota
9003007324435d7d	literature	100	exclude	quota
bc78315ac297fb4b	literature	101	exclude	final-corpus-trim
c41ed9baafb2c2cd	literature	102	exclude	quota
f67113326729747b	literature	103	exclude	quota
37e06a3b5cbd06b3	literature	104	retain	balanced-editorial-quota
15ca079b5adf0721	literature	105	retain	balanced-editorial-quota
09a12cefec19cd80	literature	106	retain	balanced-editorial-quota
f18f8eb5b5b64882	literature	107	retain	balanced-editorial-quota
0174277670207943	literature	108	exclude	quota
123282f632ea119f	literature	109	retain	balanced-editorial-quota
3be38e8184deb47a	literature	110	exclude	violence-or-death
36e5740005b5ecac	literature	111	retain	balanced-editorial-quota
f9ebbf6106d76760	literature	112	retain	balanced-editorial-quota
42aae65e2ca0abca	literature	113	retain	balanced-editorial-quota
4c232c0eec58acf4	literature	114	retain	balanced-editorial-quota
1897f72863dfe5ed	literature	115	retain	balanced-editorial-quota
2466bad3e19dcbe8	literature	116	retain	balanced-editorial-quota
b6fae0b44059fcd0	literature	117	retain	balanced-editorial-quota
97f488eebd8230f2	literature	118	retain	balanced-editorial-quota
053d1268a04bbf28	literature	119	exclude	violence-or-death
f5b4eadebc2b0d0c	literature	120	exclude	presentation-length
5fb9207e9b42353a	literature	121	exclude	final-corpus-trim
dc6bc46f85a35116	literature	122	retain	balanced-editorial-quota
27e8a7ff49afda2d	literature	123	retain	balanced-editorial-quota
2aa04e945571946e	literature	124	exclude	quota
f9bf362fd728203f	literature	125	retain	balanced-editorial-quota
25f07f4c507cf27b	literature	126	retain	balanced-editorial-quota
280029fe51e451a2	literature	127	exclude	violence-or-death
221fe49016d7b649	literature	128	retain	balanced-editorial-quota
86dd7950ee7e6ab4	literature	129	exclude	quota
5283b99ba772fcef	literature	130	retain	balanced-editorial-quota
5888c44e56a0581c	literature	131	retain	balanced-editorial-quota
1d25e6f362af6ec4	literature	132	retain	balanced-editorial-quota
c73e896512080e10	literature	133	exclude	quota
ce2a1aab332e43e5	literature	134	exclude	violence-or-death
d8f3f9d35c271aa1	literature	135	retain	balanced-editorial-quota
1bf418900f48e8e2	literature	136	retain	balanced-editorial-quota
18cfa72576585a5e	literature	137	retain	balanced-editorial-quota
6262a3e44bdcdeda	literature	138	retain	balanced-editorial-quota
fb9b6049213f3017	literature	139	retain	balanced-editorial-quota
78777036be9e911a	literature	140	exclude	quota
5f99143c32b1b8f9	literature	141	exclude	quota
0f5e0f6875a46124	literature	142	retain	balanced-editorial-quota
fb949f5de7bb45cd	literature	143	retain	balanced-editorial-quota
f55a64f5a2c59ebe	literature	144	retain	balanced-editorial-quota
20066ed40dfad300	literature	145	retain	balanced-editorial-quota
eebae534fc243823	literature	146	exclude	violence-or-death
1a2d68881951c4ce	literature	147	exclude	quota
f0c675de55a51231	literature	148	exclude	final-corpus-trim
5276002cce24cccf	literature	149	retain	balanced-editorial-quota
7069f1357f927d96	literature	150	retain	balanced-editorial-quota
c331ea4273b738a6	literature	151	retain	balanced-editorial-quota
2e8029204325d4cb	literature	152	exclude	quota
776f5a9a6fda620a	literature	153	exclude	violence-or-death
2aee397ed444a417	literature	154	retain	balanced-editorial-quota
93b8640069beb5ca	literature	155	exclude	quota
0749f42deadac5ac	literature	156	retain	balanced-editorial-quota
2a348cf044dea182	literature	157	exclude	violence-or-death
a358eb0cc35db9cb	literature	158	retain	balanced-editorial-quota
fad1eefbf43035d4	literature	159	exclude	violence-or-death
1aa80c6cc375c66f	literature	160	exclude	quota
cd19c11ffca46d20	literature	161	retain	balanced-editorial-quota
3826d3c0cdb26e95	literature	162	exclude	violence-or-death
db934f3078e895c3	literature	163	exclude	quota
a7ea52669e3b5925	literature	164	exclude	quota
899373ca1393b6ac	literature	165	retain	balanced-editorial-quota
a077e9d2e1345ebe	literature	166	exclude	quota
8c2872aa69cc9a6e	literature	167	retain	balanced-editorial-quota
ea07fb946734f393	literature	168	retain	balanced-editorial-quota
ad0dbeb36619b0a9	literature	169	retain	balanced-editorial-quota
15a8ca8905111fa1	literature	170	exclude	violence-or-death
bdb41855a4efcbd1	literature	171	exclude	violence-or-death
91624a18c2f6d77d	literature	172	retain	balanced-editorial-quota
7fd799665ef2e781	literature	173	exclude	quota
da80e0ab48e652a8	literature	174	exclude	violence-or-death
366614f5f654b25d	literature	175	exclude	violence-or-death
33785eb1192b6ccc	literature	176	exclude	quota
4c9255c67aae5b2d	literature	177	retain	balanced-editorial-quota
61b361e6f3f3541c	literature	178	retain	balanced-editorial-quota
f39766306eb18a1b	literature	179	retain	balanced-editorial-quota
5765cdf2ec6524ac	literature	180	retain	balanced-editorial-quota
d35abc316b141b59	literature	181	exclude	violence-or-death
52c12008bd376695	literature	182	exclude	quota
487f4ae7a9297de1	literature	183	exclude	violence-or-death
ef76865ee2d6dd25	literature	184	retain	balanced-editorial-quota
9d74346b555e0621	literature	185	retain	balanced-editorial-quota
a4fc373197b5417d	literature	186	exclude	presentation-length
99f71eb41cfabc47	literature	187	exclude	presentation-length
db863d3046de2621	literature	188	exclude	quota
8115c3647ae436a2	literature	189	exclude	final-corpus-trim
36d2b3337974370a	literature	190	retain	balanced-editorial-quota
63391833653afde4	literature	191	exclude	sexual-or-identity-harm
300f6cee9da742ed	literature	192	exclude	presentation-length
ec381ea072372489	literature	193	exclude	quota
24be1a58d25cc81b	literature	194	exclude	quota
822d6f40d69b849e	literature	195	retain	balanced-editorial-quota
acdcf5ef96b4b91f	literature	196	exclude	quota
4b68b79cf68e28c8	literature	197	exclude	quota
6340253c3083bfaf	literature	198	retain	balanced-editorial-quota
adbfb162ce65d7bd	literature	199	retain	balanced-editorial-quota
5b5265c2d5715769	literature	200	retain	balanced-editorial-quota
b4e5d6941a21f885	literature	201	retain	balanced-editorial-quota
c987f0641ee8072c	literature	202	exclude	quota
793f7ee1df0e60c3	literature	203	retain	balanced-editorial-quota
4bd51894a8eab640	literature	204	retain	balanced-editorial-quota
87a37c77c634d46d	literature	205	exclude	quota
ce2969dbfd9163b2	literature	206	retain	balanced-editorial-quota
390005eb5dafba14	literature	207	retain	balanced-editorial-quota
09155ff96df93edf	literature	208	retain	balanced-editorial-quota
7dc418ae07f609fc	literature	209	exclude	violence-or-death
f4ad7f23f2bf47ba	literature	210	exclude	final-corpus-trim
dc20781509ad5bd1	literature	211	retain	balanced-editorial-quota
56daae8d4effad67	literature	212	retain	balanced-editorial-quota
dc55a18e1924eb71	literature	213	retain	balanced-editorial-quota
cb84772838de621d	literature	214	retain	balanced-editorial-quota
72dd247434a39291	literature	215	retain	balanced-editorial-quota
e7427667c325150c	literature	216	retain	balanced-editorial-quota
3830f5b448e0d02c	literature	217	retain	balanced-editorial-quota
27c1f6ed2845585f	literature	218	retain	balanced-editorial-quota
23586e8efab90de8	literature	219	exclude	quota
ff3a8dbae59d5b28	literature	220	exclude	quota
1770690c1af5c2f4	literature	221	retain	balanced-editorial-quota
1eed466df778b760	literature	222	retain	balanced-editorial-quota
8617a02bf93e6aa0	literature	223	exclude	quota
28476c718d2aedac	literature	224	exclude	quota
287ddda23940d41b	literature	225	retain	balanced-editorial-quota
410b33c43deb1711	literature	226	exclude	quota
27e0efa0c8964482	literature	227	exclude	quota
07d7b807b8ccddcc	literature	228	exclude	violence-or-death
dcd968b194c0bcf6	literature	229	exclude	violence-or-death
199f7798033dc9db	literature	230	retain	balanced-editorial-quota
1c2b705ef6d8d923	literature	231	exclude	quota
023c3665a9a4b31a	literature	232	exclude	duplicate
f2e7db8377ae9f8d	literature	233	retain	balanced-editorial-quota
46334e89a822c763	literature	234	retain	balanced-editorial-quota
0d76a7c359281b24	literature	235	exclude	quota
4b110cbc5c6e9060	literature	236	exclude	quota
201d43f1e08b6a58	literature	237	retain	balanced-editorial-quota
e07355beb624706f	literature	238	exclude	violence-or-death
e6be4f7d1aa3e6df	literature	239	exclude	quota
c3fabc99c0054b2d	literature	240	retain	balanced-editorial-quota
a3a4cfa47c486627	literature	241	exclude	violence-or-death
54a01867f1304586	literature	242	exclude	final-corpus-trim
fb5980b5c6ce9618	literature	243	retain	balanced-editorial-quota
05f993cb3bf7e901	literature	244	retain	balanced-editorial-quota
29f9d3720954cb07	literature	245	exclude	violence-or-death
10970e1e0b3ed6db	literature	246	retain	balanced-editorial-quota
4d7ba86c9625564c	literature	247	retain	balanced-editorial-quota
30f90ea0cf82b218	literature	248	exclude	quota
8333fcc891967c99	literature	249	retain	balanced-editorial-quota
dc7914630d4db470	literature	250	exclude	quota
a418d2e6b04592a7	literature	251	retain	balanced-editorial-quota
716a546f0fcd70f3	literature	252	exclude	presentation-length
d538d080fff7a2b2	literature	253	retain	balanced-editorial-quota
8bca4671e3f76393	literature	254	exclude	quota
cfe07f357ea9eaa7	literature	255	retain	balanced-editorial-quota
227f066c393bbc52	literature	256	retain	balanced-editorial-quota
638184eeff38a488	love	1	retain	balanced-editorial-quota
c0612261ef53917d	love	2	retain	balanced-editorial-quota
f1fb942104e15fb0	love	3	exclude	final-corpus-trim
f8f23db5befa4e2b	love	4	retain	balanced-editorial-quota
c5e729bd4798c2c6	love	5	exclude	quota
71ee8a014df76393	love	6	retain	balanced-editorial-quota
0487ea62211e9c54	love	7	exclude	quota
c1cdf665f9421019	love	8	retain	balanced-editorial-quota
23bc43f38e1c2064	love	9	exclude	quota
464cf47aa44bc0ce	love	10	retain	balanced-editorial-quota
676fd7e74e34b21c	love	11	retain	balanced-editorial-quota
3138717b39a569e7	love	12	exclude	quota
96c874b3179e53a4	love	13	exclude	violence-or-death
389022ddcb5ecda7	love	14	exclude	quota
51234147b02c5d00	love	15	exclude	quota
104bbca5614a4290	love	16	exclude	ethnic-stereotype
005dd2418fb05c74	love	17	exclude	quota
68990ec749977ba2	love	18	retain	balanced-editorial-quota
82f1185f1299339e	love	19	exclude	quota
2ae0d681ba1d3c15	love	20	retain	balanced-editorial-quota
8c7fad7365f90fdb	love	21	retain	balanced-editorial-quota
65375e140fb54d71	love	22	retain	balanced-editorial-quota
6c4ed4e98ef31e00	love	23	exclude	quota
caefe64f5ad34f80	love	24	exclude	quota
8e21dcff1585d069	love	25	exclude	quota
dfb3cb76a6678a6e	love	26	retain	balanced-editorial-quota
031e4262b3b613e0	love	27	retain	balanced-editorial-quota
1444b0bdf014bba3	love	28	exclude	quota
5f6cd2fea4b952ac	love	29	exclude	quota
b93f7da1d15cca66	love	30	exclude	violence-or-death
b72d79c2e47c733c	love	31	exclude	quota
faa03566d3d97c9a	love	32	exclude	quota
c455133ddc54da6f	love	33	retain	balanced-editorial-quota
255f6f734f1e3768	love	34	retain	balanced-editorial-quota
99c64bcd92103430	love	35	retain	balanced-editorial-quota
b0b6d15631c334ab	love	36	retain	balanced-editorial-quota
82fc8f51f09206b5	love	37	retain	balanced-editorial-quota
e9d8d082a0531d13	love	38	retain	balanced-editorial-quota
0da22ac82c0fb533	love	39	retain	balanced-editorial-quota
c826537b2e8daae3	love	40	retain	balanced-editorial-quota
ca5ae0f276cce295	love	41	retain	balanced-editorial-quota
ae8ebe3ecb062d8a	love	42	retain	balanced-editorial-quota
814cab2e927a87bd	love	43	retain	balanced-editorial-quota
03e38e0b83020a62	love	44	retain	balanced-editorial-quota
1801e705bcd86e77	love	45	retain	balanced-editorial-quota
93d2ea4aef0ab2de	love	46	retain	balanced-editorial-quota
0e6636f4f4c87924	love	47	retain	balanced-editorial-quota
737a0055cc187455	love	48	retain	balanced-editorial-quota
f0f597acfda745cc	love	49	retain	balanced-editorial-quota
1f25ca1d7dac1d44	love	50	exclude	quota
2c42c1ff6c0b353c	love	51	exclude	violence-or-death
cc0db906d2526a49	love	52	exclude	quota
ba13024bda331e5a	love	53	exclude	quota
d5b6c1b5d08a0d73	love	54	retain	balanced-editorial-quota
391dc47e0538b694	love	55	retain	balanced-editorial-quota
1e8b961dd1fba2c7	love	56	retain	balanced-editorial-quota
244e78a63027d56f	love	57	exclude	quota
2be6a98ac5db9da6	love	58	exclude	quota
316c11a79dbf8b06	love	59	exclude	quota
0ab588df727bb75a	love	60	exclude	quota
9d80fa82e5e02c99	love	61	retain	balanced-editorial-quota
28fdbeba3ef9dccb	love	62	exclude	quota
aab95308c16e5f01	love	63	exclude	quota
5a3b1e9a473aa9bd	love	64	retain	balanced-editorial-quota
aeb4f0215832bfe5	love	65	retain	balanced-editorial-quota
87bb9a2677e9b78f	love	66	exclude	quota
ded929e70c5fe108	love	67	retain	balanced-editorial-quota
1574236d40e77fca	love	68	retain	balanced-editorial-quota
9ba5106649da792d	love	69	retain	balanced-editorial-quota
7c8619ba57375290	love	70	exclude	violence-or-death
81671fb67ae19821	love	71	retain	balanced-editorial-quota
71e816b9b0d045e3	love	72	exclude	quota
a086f0f2462af7c4	love	73	exclude	quota
49720e93b2ca2fc1	love	74	exclude	quota
8275f6865947198c	love	75	exclude	quota
a3e4172172b8de27	love	76	exclude	ethnic-stereotype
6364f08eaa237102	love	77	exclude	quota
54fb5563934746f4	love	78	exclude	quota
c595c73d3e3de306	love	79	exclude	quota
daa65b2fc9df6f57	love	80	exclude	quota
6b8f3e36883d4b3c	love	81	exclude	quota
d34075c736b7650b	love	82	exclude	quota
9b42e2e7eee62799	love	83	retain	balanced-editorial-quota
d192cc9b04a5243e	love	84	exclude	quota
815602a901d45bae	love	85	exclude	quota
88c662000d108540	love	86	exclude	quota
eecdd92134328403	love	87	exclude	quota
37b44b117839af73	love	88	exclude	quota
bcfcd7aaebd7a203	love	89	exclude	final-corpus-trim
da209579542b5fb7	love	90	retain	balanced-editorial-quota
ff9fa5b554df037e	love	91	exclude	quota
41843d41358898d0	love	92	exclude	quota
8f59587be168ef3c	love	93	exclude	quota
fd7cdabfc9084128	love	94	retain	balanced-editorial-quota
9ed23f14c71b7ba8	love	95	retain	balanced-editorial-quota
35a796163b4a7a6d	love	96	exclude	quota
d22d4be002fec348	love	97	exclude	quota
fb2e7bcb92fb397c	love	98	exclude	quota
7acfa3adad9fab68	love	99	retain	balanced-editorial-quota
5641e85d50223c58	love	100	retain	balanced-editorial-quota
4a28fc349d99de6c	love	101	retain	balanced-editorial-quota
24c11d9352be08b4	love	102	exclude	quota
ea228709b27c4631	love	103	exclude	quota
a75314af71c9865c	love	104	exclude	quota
34050f05ef84b271	love	105	exclude	quota
b91996295738f4c9	love	106	retain	balanced-editorial-quota
03b1cd4bccd1e1b6	love	107	retain	balanced-editorial-quota
91b72d29c14114d4	love	108	exclude	final-corpus-trim
91bce39f480d9815	love	109	exclude	quota
616431dcf189f083	love	110	exclude	unsafe-character
8bfdf5b42dcfd46d	love	111	exclude	quota
98f284d319ce65d4	love	112	exclude	quota
4fa4d00ebbaa8381	love	113	exclude	violence-or-death
3793dc3bb2a0b45c	love	114	exclude	quota
274481e80fe7bc41	love	115	retain	balanced-editorial-quota
863d26408f9141d2	love	116	exclude	quota
61f4f8eb9fcc2074	love	117	exclude	quota
1f38628b2bf314a4	love	118	retain	balanced-editorial-quota
d6cf83e64be935e3	love	119	exclude	quota
a4dc8243e706f482	love	120	exclude	quota
a79d99540b7c59a9	love	121	retain	balanced-editorial-quota
871d22b589013212	love	122	retain	balanced-editorial-quota
6529d4dd5a87da93	love	123	exclude	quota
a206ec29a6d39b07	love	124	retain	balanced-editorial-quota
355bd21a008124ee	love	125	retain	balanced-editorial-quota
b013eb6270d6893f	love	126	exclude	quota
51aabc4826469f08	love	127	retain	balanced-editorial-quota
17e80693242f2f0e	love	128	retain	balanced-editorial-quota
179c934712e386c7	love	129	exclude	quota
e0f7b1c192dd43b3	love	130	retain	balanced-editorial-quota
375c50cfe9ca99b1	love	131	exclude	quota
dc5c1919ddfcc759	love	132	retain	balanced-editorial-quota
691e46a8cbeeb98b	love	133	retain	balanced-editorial-quota
af239ea4541ffa4b	love	134	exclude	quota
3d69238d4a79b31d	love	135	exclude	violence-or-death
1bc6dcad7d4309b2	love	136	retain	balanced-editorial-quota
fc541e324b94d16f	love	137	retain	balanced-editorial-quota
69c1107473b3da1b	love	138	retain	balanced-editorial-quota
07fe21730835ff52	love	139	exclude	violence-or-death
a0c7e545e384b419	love	140	exclude	final-corpus-trim
4e177dcf4b8e0a27	love	141	exclude	quota
2ce560b69e7e4947	love	142	exclude	quota
1432474624fcd8cc	love	143	exclude	quota
aeea34a34c49ac8b	love	144	exclude	violence-or-death
5004524375fddb9a	love	145	exclude	quota
6e86eaee4f93a4c3	love	146	exclude	quota
269f60a8feed0518	love	147	exclude	quota
32861d258a573d4f	love	148	exclude	quota
c396814b2205b679	love	149	retain	balanced-editorial-quota
15d4ed2da9a2c16a	love	150	retain	balanced-editorial-quota
da56f64786e2f0dc	love	151	retain	balanced-editorial-quota
194c3a9cb40942ee	magic	1	retain	balanced-editorial-quota
fbbdb68164386746	magic	2	exclude	violence-or-death
33cbd4bb7e54d494	magic	3	retain	balanced-editorial-quota
45a49772101d016c	magic	4	retain	balanced-editorial-quota
4bbc753f5e3dac55	magic	5	retain	balanced-editorial-quota
e2bf4f4bb14a16fc	magic	6	retain	balanced-editorial-quota
0b536ca7f2222eb3	magic	7	retain	balanced-editorial-quota
f8b6c6a4217171be	magic	8	exclude	quota
2737bf09feaa8039	magic	9	exclude	presentation-length
5ed5990bc848b953	magic	10	exclude	presentation-length
e2af5dacbbf91d6e	magic	11	retain	balanced-editorial-quota
bd1fd9142e74496e	magic	12	exclude	presentation-length
ca9aa089414658ad	magic	13	retain	balanced-editorial-quota
c461111fade4ada6	magic	14	retain	balanced-editorial-quota
dd4d57ad4581f83d	magic	15	retain	balanced-editorial-quota
1909b0b5d904a795	magic	16	retain	balanced-editorial-quota
437c2280415d7ad4	magic	17	retain	balanced-editorial-quota
3e8016ac970802bd	magic	18	retain	balanced-editorial-quota
62c2b3d264b7fe1e	magic	19	retain	balanced-editorial-quota
08ee9d1b12333adc	magic	20	exclude	violence-or-death
687775fd9f976798	magic	21	exclude	violence-or-death
6231367201435ce7	magic	22	retain	balanced-editorial-quota
37368c792ca186a3	magic	23	retain	balanced-editorial-quota
a9aec6db79bc0618	magic	24	retain	balanced-editorial-quota
f2a29f8e0942ebf6	magic	25	exclude	violence-or-death
1772ca785cdf814c	magic	26	exclude	presentation-length
9054cf7df22d661d	magic	27	retain	balanced-editorial-quota
ef528f421ac8c252	magic	28	retain	balanced-editorial-quota
c893cc5d9e077980	magic	29	retain	balanced-editorial-quota
19642e7ef788968a	medicine	1	exclude	quota
67101f420a6acffb	medicine	2	exclude	quota
7922eb465f362553	medicine	3	exclude	violence-or-death
18a436f3286ceb16	medicine	4	exclude	quota
ff607961e7c18fbc	medicine	5	exclude	quota
2a5b1f828749f781	medicine	6	exclude	quota
82de382751a8f2b3	medicine	7	exclude	presentation-length
7f17193985484c15	medicine	8	exclude	presentation-length
a49ebdfddf563361	medicine	9	retain	balanced-editorial-quota
25907d02c3fffe91	medicine	10	retain	balanced-editorial-quota
c37c13b550c788a8	medicine	11	exclude	quota
6d2a9647b4028ce8	medicine	12	exclude	violence-or-death
fe085d89f6f0c201	medicine	13	exclude	violence-or-death
4ae31a086c6becb0	medicine	14	exclude	violence-or-death
7d5f1ba08e3284a7	medicine	15	retain	balanced-editorial-quota
2b3139c33935bc54	medicine	16	exclude	violence-or-death
2400e3c49e352898	medicine	17	exclude	violence-or-death
2d086126a7ae6142	medicine	18	exclude	violence-or-death
08df2ca501b8b4ee	medicine	19	retain	balanced-editorial-quota
06956e89044db5ad	medicine	20	retain	balanced-editorial-quota
90903f10eeaac1bf	medicine	21	exclude	presentation-length
03736946bdb4290f	medicine	22	exclude	violence-or-death
5656bd76afe78fbb	medicine	23	exclude	violence-or-death
323447be229d5295	medicine	24	exclude	violence-or-death
6b2a5fa194188d89	medicine	25	exclude	violence-or-death
0a98f5ea281fe64a	medicine	26	retain	balanced-editorial-quota
ed0e83dd21b9f8df	medicine	27	exclude	violence-or-death
b4173c468f48727a	medicine	28	exclude	violence-or-death
63f40a7c307678d9	medicine	29	retain	balanced-editorial-quota
c67f8913128a02f2	medicine	30	exclude	quota
a75ea9e4b61c22f2	medicine	31	retain	balanced-editorial-quota
48258565f3fb7537	medicine	32	retain	balanced-editorial-quota
adc0d6fa6fe0b676	medicine	33	retain	balanced-editorial-quota
7fe3c541fe05bcbd	medicine	34	exclude	quota
6c4716e81cb984f7	medicine	35	exclude	quota
6ad6df02aa223a70	medicine	36	retain	balanced-editorial-quota
d8945220dbb24c60	medicine	37	retain	balanced-editorial-quota
3181fcdaad7ff419	medicine	38	retain	balanced-editorial-quota
884b15da14254d39	medicine	39	retain	balanced-editorial-quota
905475b190bdba82	medicine	40	retain	balanced-editorial-quota
afd8b549c83614d2	medicine	41	exclude	presentation-length
0b748bccd8f2e20a	medicine	42	retain	balanced-editorial-quota
802e9889ab6032f9	medicine	43	retain	balanced-editorial-quota
c5ab79b57208b1e2	medicine	44	exclude	violence-or-death
99018b55c45a3983	medicine	45	retain	balanced-editorial-quota
9cb6086db9218aa8	medicine	46	exclude	presentation-length
94f0218c0b7bda5c	medicine	47	retain	balanced-editorial-quota
4bb64aa73a27a531	medicine	48	exclude	violence-or-death
d8a803184a8be5f2	medicine	49	retain	balanced-editorial-quota
1dc1a0ac4d125a38	medicine	50	exclude	quota
c427a19d78684061	medicine	51	retain	balanced-editorial-quota
e075560f2bf13ffd	medicine	52	retain	balanced-editorial-quota
6e3436980aa4f5b0	medicine	53	retain	balanced-editorial-quota
c7334db03da88791	medicine	54	retain	balanced-editorial-quota
9eb778e17af1fc04	medicine	55	retain	balanced-editorial-quota
fd23cc3ddbcb5bb6	medicine	56	retain	balanced-editorial-quota
7f2a97c4e64e7ebc	medicine	57	retain	balanced-editorial-quota
a17ca8dc627509f6	medicine	58	exclude	final-corpus-trim
7a29211e3feba0b1	medicine	59	exclude	quota
544d94c62d88483f	medicine	60	retain	balanced-editorial-quota
bf12f619ec62dc39	medicine	61	retain	balanced-editorial-quota
67e8a92b082a057e	medicine	62	exclude	quota
ac32a860426cf65d	medicine	63	exclude	final-corpus-trim
7b7a601556879636	medicine	64	retain	balanced-editorial-quota
2274027f53c9da6b	medicine	65	retain	balanced-editorial-quota
8b80d5c1d2020ae6	medicine	66	retain	balanced-editorial-quota
61157ce7dc01afb1	medicine	67	exclude	violence-or-death
668019b356ba8b49	medicine	68	exclude	quota
6117198d3c9fcaa5	medicine	69	exclude	violence-or-death
9511a586a72d61b5	medicine	70	exclude	presentation-length
662eda6288f7800e	medicine	71	retain	balanced-editorial-quota
430974f730908384	medicine	72	exclude	violence-or-death
5627a0dc0d042880	men-women	1	exclude	source-policy
bc660e6aa974dd0f	men-women	2	exclude	source-policy
99f9a0fb54ddf66e	men-women	3	exclude	source-policy
c9f02faf2b05e404	men-women	4	exclude	source-policy
437d420f32324f0f	men-women	5	exclude	source-policy
505a184eb8efcfe7	men-women	6	exclude	source-policy
04572104d739fdde	men-women	7	exclude	source-policy
9b3ce040d1aeff08	men-women	8	exclude	source-policy
57d33aaaf3d3f78b	men-women	9	exclude	source-policy
806a7613c7a1fda5	men-women	10	exclude	source-policy
50ea77dc3179e111	men-women	11	exclude	source-policy
3f3104c595665c0c	men-women	12	exclude	source-policy
f6609c50ff94fb5b	men-women	13	exclude	source-policy
5fa7b45bc8a5351d	men-women	14	exclude	source-policy
7226693e5179d8ed	men-women	15	exclude	source-policy
67909d00fdb6588b	men-women	16	exclude	source-policy
18abbf24fe7a1f7b	men-women	17	exclude	source-policy
bebda59a0427ba6f	men-women	18	exclude	source-policy
c1be20baf61f230a	men-women	19	exclude	source-policy
74114f8458833b22	men-women	20	exclude	source-policy
4fbba2a4b0d9cae1	men-women	21	exclude	source-policy
5d4aa135676c418b	men-women	22	exclude	source-policy
882713e570a2446f	men-women	23	exclude	source-policy
5b46b2c6235b0af6	men-women	24	exclude	source-policy
e87a445c422ac4fc	men-women	25	exclude	source-policy
263bbbeaba9f985b	men-women	26	exclude	source-policy
6959a4ce50c2f6bd	men-women	27	exclude	source-policy
56d8484d034e54f9	men-women	28	exclude	source-policy
9b9fcf34fedf106b	men-women	29	exclude	source-policy
04e55f07941b51dd	men-women	30	exclude	source-policy
7aeccd5d0bfe09d8	men-women	31	exclude	source-policy
c6ad94ef4aa51be0	men-women	32	exclude	source-policy
8ee7241799ecb22f	men-women	33	exclude	source-policy
74c1dc5b0ad1a9c9	men-women	34	exclude	source-policy
c70b6a0d6964fb73	men-women	35	exclude	source-policy
6e0e87732b5f9ab3	men-women	36	exclude	source-policy
a2e044bc2bd135c6	men-women	37	exclude	source-policy
afd55e655066f43d	men-women	38	exclude	source-policy
fb1cafb8ac5734ac	men-women	39	exclude	source-policy
2fcd5d713e5f57b4	men-women	40	exclude	source-policy
a23445fe82c79e6b	men-women	41	exclude	source-policy
c56a97ee48017173	men-women	42	exclude	source-policy
d2a01a98f11aee32	men-women	43	exclude	source-policy
946bbd04a5ff7fbd	men-women	44	exclude	source-policy
dfbf630baefb1682	men-women	45	exclude	source-policy
b370c1690f4c7c74	men-women	46	exclude	source-policy
2a50cddc06951b2c	men-women	47	exclude	source-policy
9f17e2908207cdc9	men-women	48	exclude	source-policy
5a8aede9a2b168fb	men-women	49	exclude	source-policy
3ff1a3acb1405c4e	men-women	50	exclude	source-policy
891f7dcf7f9a9cd0	men-women	51	exclude	source-policy
17e95299132abd2e	men-women	52	exclude	source-policy
9f0a7f4d08bdc85b	men-women	53	exclude	source-policy
5bbf994fe781fe0b	men-women	54	exclude	source-policy
a5b9482e8188cbc1	men-women	55	exclude	source-policy
6721f420ab71adbd	men-women	56	exclude	source-policy
b2b654bcc64ec423	men-women	57	exclude	source-policy
ef5c4fc17bb9d16e	men-women	58	exclude	source-policy
5786b8b11d7f5604	men-women	59	exclude	source-policy
63b40855e8f9a48d	men-women	60	exclude	source-policy
921575674fa5ba37	men-women	61	exclude	source-policy
e1db9d38f94f55dc	men-women	62	exclude	source-policy
e4e2668329af6ae1	men-women	63	exclude	source-policy
550150b59f693bf7	men-women	64	exclude	source-policy
e804db2aa86d0d84	men-women	65	exclude	source-policy
0a4e831575a94f26	men-women	66	exclude	source-policy
18f40474ad6fe1b8	men-women	67	exclude	source-policy
fd5165f1aef4857e	men-women	68	exclude	source-policy
6801ce0a0272fe9e	men-women	69	exclude	source-policy
f79b9a4ea0e56192	men-women	70	exclude	source-policy
19e74ce0bda72de4	men-women	71	exclude	source-policy
78a22fb6c563f65a	men-women	72	exclude	source-policy
2ecf8f3306fc4bfd	men-women	73	exclude	source-policy
7c01460c71f504e5	men-women	74	exclude	source-policy
047472d9c0e2b9d6	men-women	75	exclude	source-policy
f8bf98521fac67c9	men-women	76	exclude	source-policy
e2da0062d15e9b39	men-women	77	exclude	source-policy
474558cd514c6a6a	men-women	78	exclude	source-policy
8d5e3af033e54159	men-women	79	exclude	source-policy
291e0b76912a4961	men-women	80	exclude	source-policy
ecefabc2404a7b53	men-women	81	exclude	source-policy
564a7b46e7248e98	men-women	82	exclude	source-policy
1348edebf6076217	men-women	83	exclude	source-policy
5c35021975ba4273	men-women	84	exclude	source-policy
ff6d14c87ea12308	men-women	85	exclude	source-policy
ade9acb647fe81d9	men-women	86	exclude	source-policy
f28b4d98f1ac9b6d	men-women	87	exclude	source-policy
0012b6477a3d6db1	men-women	88	exclude	source-policy
d607294dcf918148	men-women	89	exclude	source-policy
0119abc62f752188	men-women	90	exclude	source-policy
8d98d5c8b9ee28ea	men-women	91	exclude	source-policy
d60b542214055391	men-women	92	exclude	source-policy
17597735d3b57186	men-women	93	exclude	source-policy
e89cb81641bfaae2	men-women	94	exclude	source-policy
7efa2161be1cb5d1	men-women	95	exclude	source-policy
bffffb6988b44722	men-women	96	exclude	source-policy
23e79f74dc8d48c4	men-women	97	exclude	source-policy
59f2829fe233cbac	men-women	98	exclude	source-policy
f090be6b30c3357a	men-women	99	exclude	source-policy
54eb4ed62419873e	men-women	100	exclude	source-policy
f8d66549ff52c962	men-women	101	exclude	source-policy
ddb0522d65346d8e	men-women	102	exclude	source-policy
c448bcd53fc3ca5a	men-women	103	exclude	source-policy
f52d2cc0b831efde	men-women	104	exclude	source-policy
fe1872d67ad4569e	men-women	105	exclude	source-policy
3835a52a8e3e7cc6	men-women	106	exclude	source-policy
f3514a60048e65a4	men-women	107	exclude	source-policy
b8ad8f9ad7a8948d	men-women	108	exclude	source-policy
6cbe207cd6d87d24	men-women	109	exclude	source-policy
32304c8fc33fcf24	men-women	110	exclude	source-policy
735647d961f2910b	men-women	111	exclude	source-policy
93aefab5a7e01c17	men-women	112	exclude	source-policy
bf5d099140fc266f	men-women	113	exclude	source-policy
87763fcf8a499a4d	men-women	114	exclude	source-policy
442aa21f6863f9bd	men-women	115	exclude	source-policy
eb9b466d22f15898	men-women	116	exclude	source-policy
a0d5c0b1aaf7f493	men-women	117	exclude	source-policy
0e062647c5ff8c6e	men-women	118	exclude	source-policy
ecc4a6ec624f7ce3	men-women	119	exclude	source-policy
002be6847ac9675d	men-women	120	exclude	source-policy
f9121dec53a90c70	men-women	121	exclude	source-policy
3fb323e3137cbcde	men-women	122	exclude	source-policy
ca000d52c033f276	men-women	123	exclude	source-policy
2dc2675f743a8b40	men-women	124	exclude	source-policy
7053516eed9c2c53	men-women	125	exclude	source-policy
4fb9f9eb70ac7c76	men-women	126	exclude	source-policy
e32b1b3e41c75f3e	men-women	127	exclude	source-policy
3ceccc96d2abbc52	men-women	128	exclude	source-policy
48a8462ffe0149d0	men-women	129	exclude	source-policy
40a8f01a9d997e4c	men-women	130	exclude	source-policy
3b90abf7c0ca9262	men-women	131	exclude	source-policy
a01d545f1c6e04dc	men-women	132	exclude	source-policy
5875bed2e0129098	men-women	133	exclude	source-policy
df6277111f2025ed	men-women	134	exclude	source-policy
b4067803f0b5643c	men-women	135	exclude	source-policy
08ac7068ef960457	men-women	136	exclude	source-policy
ac999822d8441455	men-women	137	exclude	source-policy
a11283b16548c30e	men-women	138	exclude	source-policy
4c0ee762bb61bbfd	men-women	139	exclude	source-policy
4c365075ef9f155a	men-women	140	exclude	source-policy
16b284bea986ac65	men-women	141	exclude	source-policy
687b49cccfa09c75	men-women	142	exclude	source-policy
8afa23ee3975a41e	men-women	143	exclude	source-policy
11f34a8cd78ff722	men-women	144	exclude	source-policy
6236b020b955ed82	men-women	145	exclude	source-policy
6bc32204a26be4bc	men-women	146	exclude	source-policy
6bc32204a26be4bc	men-women	147	exclude	source-policy
1d6307e0843cde98	men-women	148	exclude	source-policy
95f873378c20df5a	men-women	149	exclude	source-policy
966cfe0a086e493d	men-women	150	exclude	source-policy
e7c2a47798cedb85	men-women	151	exclude	source-policy
4f02736bdbffe768	men-women	152	exclude	source-policy
bdbe3b18fa4d4608	men-women	153	exclude	source-policy
336b0f18159be111	men-women	154	exclude	source-policy
109d5f23559c060b	men-women	155	exclude	source-policy
9338c38154adb9ba	men-women	156	exclude	source-policy
c7b59424bdf600a4	men-women	157	exclude	source-policy
3e43240cfae087c7	men-women	158	exclude	source-policy
bf4d44c36a8b08ea	men-women	159	exclude	source-policy
a8832843a30c852f	men-women	160	exclude	source-policy
a0856f74919ab927	men-women	161	exclude	source-policy
6da4ed062705aa98	men-women	162	exclude	source-policy
c002b73e3828c589	men-women	163	exclude	source-policy
2f33211e41f5495d	men-women	164	exclude	source-policy
c582b8b0c606152e	men-women	165	exclude	source-policy
de93ebc27e7cf65f	men-women	166	exclude	source-policy
11807b79fef82127	men-women	167	exclude	source-policy
f1d364392146f155	men-women	168	exclude	source-policy
53ebc88419cf81c9	men-women	169	exclude	source-policy
2df92c6eb5c425c7	men-women	170	exclude	source-policy
dad4764d3230cf4a	men-women	171	exclude	source-policy
b1e743dc51037522	men-women	172	exclude	source-policy
3bdf6ef488895390	men-women	173	exclude	source-policy
1d57c87f384e5d39	men-women	174	exclude	source-policy
761f7f88d62608b8	men-women	175	exclude	source-policy
43c250eedf244f38	men-women	176	exclude	source-policy
0938dc44cfd96761	men-women	177	exclude	source-policy
025109596bb2f45b	men-women	178	exclude	source-policy
b04679eb10196e06	men-women	179	exclude	source-policy
e51a8b7299fcf55a	men-women	180	exclude	source-policy
be59e0e9b44cff68	men-women	181	exclude	source-policy
9c0503d604d5bc24	men-women	182	exclude	source-policy
7b2dfc4694cc8f0e	men-women	183	exclude	source-policy
8f8b0aa8bf2a1b35	men-women	184	exclude	source-policy
6175b38154852a1b	men-women	185	exclude	source-policy
8117bd161bc648c8	men-women	186	exclude	source-policy
3cfff30012cd4a4a	men-women	187	exclude	source-policy
3b55d685cd4b695f	men-women	188	exclude	source-policy
2b911cfd4ccf0d90	men-women	189	exclude	source-policy
c6403b6bdbb3b118	men-women	190	exclude	source-policy
79c8ade408e15060	men-women	191	exclude	source-policy
3e47badfae2be70c	men-women	192	exclude	source-policy
c71e0e28ff8e5bc5	men-women	193	exclude	source-policy
4882bb878508f9e1	men-women	194	exclude	source-policy
f0bbf582cfffa744	men-women	195	exclude	source-policy
999b9ff5657e52c1	men-women	196	exclude	source-policy
d43fb738be3a65e7	men-women	197	exclude	source-policy
3765e77796ecf857	men-women	198	exclude	source-policy
8a92207f62eb999a	men-women	199	exclude	source-policy
329f27bff5415ba9	men-women	200	exclude	source-policy
631678c387ec90b2	men-women	201	exclude	source-policy
593067a3f63d36bf	men-women	202	exclude	source-policy
2390b4475ec02993	men-women	203	exclude	source-policy
2d1fc8ea42a4771c	men-women	204	exclude	source-policy
65f0bd2012cb7efd	men-women	205	exclude	source-policy
36f71ca94ace1f92	men-women	206	exclude	source-policy
ea71e79b776cf73d	men-women	207	exclude	source-policy
c663b1d5751511d3	men-women	208	exclude	source-policy
c5f04b227e8c09dc	men-women	209	exclude	source-policy
4c2febfa45463859	men-women	210	exclude	source-policy
650e38e0553c53fd	men-women	211	exclude	source-policy
8d1d614786a26882	men-women	212	exclude	source-policy
35cae582363a4b8b	men-women	213	exclude	source-policy
27b9181821365fb4	men-women	214	exclude	source-policy
cc0071fdfff60f21	men-women	215	exclude	source-policy
4809d56e4d6fa981	men-women	216	exclude	source-policy
a871e24658bfffa6	men-women	217	exclude	source-policy
d0c186ca502c5b14	men-women	218	exclude	source-policy
1301a153eb73aed8	men-women	219	exclude	source-policy
0b152827905b5ab0	men-women	220	exclude	source-policy
5618d4ac4154e289	men-women	221	exclude	source-policy
ad0faaecce79bdad	men-women	222	exclude	source-policy
2fc94fffe99bb2ce	men-women	223	exclude	source-policy
d4d2a798ea7fdd77	men-women	224	exclude	source-policy
31c5d37d2238d872	men-women	225	exclude	source-policy
82aaf035ef14da38	men-women	226	exclude	source-policy
49a14bb3518b6863	men-women	227	exclude	source-policy
d31ab147d7d4dc02	men-women	228	exclude	source-policy
e0033bb2e65b757e	men-women	229	exclude	source-policy
2469757ab14c4d64	men-women	230	exclude	source-policy
f1166ec2ac304955	men-women	231	exclude	source-policy
9fab6b5c901fb060	men-women	232	exclude	source-policy
e4d7df1500bf85f6	men-women	233	exclude	source-policy
6caa5e60cd5bca8b	men-women	234	exclude	source-policy
b8e17b3c634db8c5	men-women	235	exclude	source-policy
d992a81256e47c51	men-women	236	exclude	source-policy
d20cae046a84775c	men-women	237	exclude	source-policy
c6599723ce98c628	men-women	238	exclude	source-policy
e8fca56e7db97dd8	men-women	239	exclude	source-policy
81b4be927c97b030	men-women	240	exclude	source-policy
95c2e29d60862a2b	men-women	241	exclude	source-policy
a8bc86975d1b1f49	men-women	242	exclude	source-policy
bb8814f618a07424	men-women	243	exclude	source-policy
abd13e723388d0ef	men-women	244	exclude	source-policy
b2c0ede5a674f612	men-women	245	exclude	source-policy
56e2ba08cc5da056	men-women	246	exclude	source-policy
b7e99093ceabcf99	men-women	247	exclude	source-policy
0858d8f56a3ca8ba	men-women	248	exclude	source-policy
f12af4146cb66e9b	men-women	249	exclude	source-policy
52f17e61c42a786a	men-women	250	exclude	source-policy
138aec28d482c5de	men-women	251	exclude	source-policy
46ea31082fcc27a2	men-women	252	exclude	source-policy
5567f0e73dbb3522	men-women	253	exclude	source-policy
bf0be20c457f8964	men-women	254	exclude	source-policy
9ea374c2b12420e6	men-women	255	exclude	source-policy
ab9da1aa209d7024	men-women	256	exclude	source-policy
cce0a24a3e8ad78b	men-women	257	exclude	source-policy
10a4761431db55f8	men-women	258	exclude	source-policy
1df608ca2e42a555	men-women	259	exclude	source-policy
b46f26864c9884be	men-women	260	exclude	source-policy
44b5bab946c0a970	men-women	261	exclude	source-policy
6872771510853e3f	men-women	262	exclude	source-policy
fd576b403f75911d	men-women	263	exclude	source-policy
0571cf9b5daa24d9	men-women	264	exclude	source-policy
d66eb20fdc9f700c	men-women	265	exclude	source-policy
2535bbaf430fec5c	men-women	266	exclude	source-policy
437c4d17fbe7b0bc	men-women	267	exclude	source-policy
638b7c787e989d28	men-women	268	exclude	source-policy
d17cb7bbd797012e	men-women	269	exclude	source-policy
4f5dbe0234663383	men-women	270	exclude	source-policy
c953b4e04dd04095	men-women	271	exclude	source-policy
f86b0108371c0439	men-women	272	exclude	source-policy
8b8b01bfac4e52fe	men-women	273	exclude	source-policy
c584bfbf92227e7a	men-women	274	exclude	source-policy
d0f2be4b4d935ada	men-women	275	exclude	source-policy
338c277fd0dddf83	men-women	276	exclude	source-policy
e7a7a4a8b30cbe36	men-women	277	exclude	source-policy
e300eafa83188645	men-women	278	exclude	source-policy
fdc200bb9bbb92ef	men-women	279	exclude	source-policy
dbd4cdfc99ecc2d4	men-women	280	exclude	source-policy
bf97b04eb67c4747	men-women	281	exclude	source-policy
fe972ec786c3dab8	men-women	282	exclude	source-policy
d9a0f38e02e2dcf0	men-women	283	exclude	source-policy
b9879a72fbf28145	men-women	284	exclude	source-policy
64b7739699c12735	men-women	285	exclude	source-policy
5a46907463c01484	men-women	286	exclude	source-policy
779aa6ae41daf7ef	men-women	287	exclude	source-policy
1850dfe7fccac3d3	men-women	288	exclude	source-policy
33ee889b39cb896b	men-women	289	exclude	source-policy
7b47172ac8c56a7c	men-women	290	exclude	source-policy
8d4e7f6ad2868c51	men-women	291	exclude	source-policy
abafce6d841cf285	men-women	292	exclude	source-policy
54cacbd58c14c235	men-women	293	exclude	source-policy
87aba101ade54fd9	men-women	294	exclude	source-policy
80165643278b802d	men-women	295	exclude	source-policy
618f16cc01fd46fc	men-women	296	exclude	source-policy
b89e49b6f894ea71	men-women	297	exclude	source-policy
edca55447f936539	men-women	298	exclude	source-policy
00f1594c252a84fb	men-women	299	exclude	source-policy
37580e8572eebf0a	men-women	300	exclude	source-policy
121a7b7a56f7510e	men-women	301	exclude	source-policy
90a8235fee843c4a	men-women	302	exclude	source-policy
282689f9b75edb1a	men-women	303	exclude	source-policy
2ff877b078f9f627	men-women	304	exclude	source-policy
8f90cfa2d3b1d56f	men-women	305	exclude	source-policy
dd4a0beded8dd5cd	men-women	306	exclude	source-policy
e4c0eca6e618acfb	men-women	307	exclude	source-policy
a7278d7aef260036	men-women	308	exclude	source-policy
388b477022030838	men-women	309	exclude	source-policy
47a62c4a723c76a4	men-women	310	exclude	source-policy
528f66f6cbf9df6c	men-women	311	exclude	source-policy
eac2c4db20d8b57b	men-women	312	exclude	source-policy
093b7d56aff54be7	men-women	313	exclude	source-policy
210615522b17c866	men-women	314	exclude	source-policy
5299bff0f4a01ca4	men-women	315	exclude	source-policy
a92a230dfe4fd6a4	men-women	316	exclude	source-policy
de570d5b74dd44c5	men-women	317	exclude	source-policy
025a9168bf4bf60c	men-women	318	exclude	source-policy
a930e3a28eb3d8c0	men-women	319	exclude	source-policy
beaf3835dd96cbf2	men-women	320	exclude	source-policy
f763076e0493ae74	men-women	321	exclude	source-policy
3839d8dccba4128e	men-women	322	exclude	source-policy
9badc14d8cbca094	men-women	323	exclude	source-policy
c0f76f2c2dac4dc2	men-women	324	exclude	source-policy
f6dd4bf7bd151cb7	men-women	325	exclude	source-policy
30ae13a0190b3f43	men-women	326	exclude	source-policy
0789a64858e4c8d4	men-women	327	exclude	source-policy
54aa601980ad3b4b	men-women	328	exclude	source-policy
26b8a93972cab291	men-women	329	exclude	source-policy
c7492419ef8bcdc2	men-women	330	exclude	source-policy
385b94c5aa68c172	men-women	331	exclude	source-policy
f2055436427e81ee	men-women	332	exclude	source-policy
82ed342bd601c5f4	men-women	333	exclude	source-policy
025301950408d7b0	men-women	334	exclude	source-policy
76f69e3dbf0fc2f4	men-women	335	exclude	source-policy
c41e681aacf1c179	men-women	336	exclude	source-policy
dfa703f05825c476	men-women	337	exclude	source-policy
8d7a23e4e03aada9	men-women	338	exclude	source-policy
f2f8a07025420527	men-women	339	exclude	source-policy
7f506889fa68aea1	men-women	340	exclude	source-policy
68fcda3663b93d15	men-women	341	exclude	source-policy
19d3e16cc3b9c67e	men-women	342	exclude	source-policy
dc622b0d1732741d	men-women	343	exclude	source-policy
b546948cf3f7bd5b	men-women	344	exclude	source-policy
9da1ee957f4854a9	men-women	345	exclude	source-policy
4a4ac2a9109f8602	men-women	346	exclude	source-policy
6af4ef9b01ed1e11	men-women	347	exclude	source-policy
2a22a1127b67052d	men-women	348	exclude	source-policy
95efb531f336e54a	men-women	349	exclude	source-policy
67bb579bf8c3d469	men-women	350	exclude	source-policy
4f49e73d2be547f0	men-women	351	exclude	source-policy
d2b324933b3e76de	men-women	352	exclude	source-policy
b37906339b9b2799	men-women	353	exclude	source-policy
76d9bec41c013a67	men-women	354	exclude	source-policy
3e42f4c8f8d37a17	men-women	355	exclude	source-policy
73f65356030e4955	men-women	356	exclude	source-policy
89d5600482c3621b	men-women	357	exclude	source-policy
6ae3d91ca6cbb7cf	men-women	358	exclude	source-policy
8709bebdf5dcbba2	men-women	359	exclude	source-policy
9ac7600665b26211	men-women	360	exclude	source-policy
8daf196cf09e1189	men-women	361	exclude	source-policy
1676dcdd818ff405	men-women	362	exclude	source-policy
4c2c02cc2746c337	men-women	363	exclude	source-policy
f71e4211116f0e8d	men-women	364	exclude	source-policy
0d7bd181ea0edde6	men-women	365	exclude	source-policy
f51c4ea59f6b7eeb	men-women	366	exclude	source-policy
ec81825e64059e04	men-women	367	exclude	source-policy
e7fa0b7dac13fbb2	men-women	368	exclude	source-policy
d399839f4e553df4	men-women	369	exclude	source-policy
33fd9f1f76888729	men-women	370	exclude	source-policy
ef8393e48a4de3dd	men-women	371	exclude	source-policy
74de39454ad2e1a3	men-women	372	exclude	source-policy
9f476f02a262afa7	men-women	373	exclude	source-policy
65b4624c2fff705b	men-women	374	exclude	source-policy
4d9d11d2a757f6f5	men-women	375	exclude	source-policy
7b132d1a445bd972	men-women	376	exclude	source-policy
9367107cb272abf9	men-women	377	exclude	source-policy
1cc64e5bcf2d9ebd	men-women	378	exclude	source-policy
6ecb5a9cb035af3c	men-women	379	exclude	source-policy
00ec8561906a07eb	men-women	380	exclude	source-policy
8b6995532c8d22bd	men-women	381	exclude	source-policy
b068ad512e4454b6	men-women	382	exclude	source-policy
d0016581166bc923	men-women	383	exclude	source-policy
894edeefb8e1e57d	men-women	384	exclude	source-policy
d25c79597cf48e5b	men-women	385	exclude	source-policy
454db84099157450	men-women	386	exclude	source-policy
fdfd1e3f7c57b0bb	men-women	387	exclude	source-policy
294ffe08c2006a5f	men-women	388	exclude	source-policy
439d23fe85a2455b	men-women	389	exclude	source-policy
261503861f4f7309	men-women	390	exclude	source-policy
b76a0d42781bf47a	men-women	391	exclude	source-policy
be4656b7f65d38b3	men-women	392	exclude	source-policy
5603f46034f23ff9	men-women	393	exclude	source-policy
37b92228cec091b4	men-women	394	exclude	source-policy
4904ad872882c9fb	men-women	395	exclude	source-policy
58606557089c8b0b	men-women	396	exclude	source-policy
e4685936c4f18f77	men-women	397	exclude	source-policy
ca8c1db3f819850c	men-women	398	exclude	source-policy
55c3fe7491023966	men-women	399	exclude	source-policy
6e8b7eb3cdbac202	men-women	400	exclude	source-policy
0527b1c8cf9d7c9b	men-women	401	exclude	source-policy
8779ee4145c6f246	men-women	402	exclude	source-policy
1f7158443fbdb767	men-women	403	exclude	source-policy
589dddbf5d836a31	men-women	404	exclude	source-policy
b12d5471ce1ed81c	men-women	405	exclude	source-policy
a5e17c092370d945	men-women	406	exclude	source-policy
10469c07533f698a	men-women	407	exclude	source-policy
8b4dc32fc13f6cad	men-women	408	exclude	source-policy
be8ad10db7bce4e8	men-women	409	exclude	source-policy
a29f9e3d804c9b64	men-women	410	exclude	source-policy
2f6cedb8724d6918	men-women	411	exclude	source-policy
5d94cfdb8bfa9235	men-women	412	exclude	source-policy
98a37b10fce5054b	men-women	413	exclude	source-policy
c1031c47f5f87fcb	men-women	414	exclude	source-policy
3fd088c3cd9639fd	men-women	415	exclude	source-policy
a7cca426fb145b30	men-women	416	exclude	source-policy
fdedb7d860928a52	men-women	417	exclude	source-policy
54cd10d64abd5830	men-women	418	exclude	source-policy
0227e93893fbc00a	men-women	419	exclude	source-policy
6cad9b573d9991f9	men-women	420	exclude	source-policy
af5f8af001fd4738	men-women	421	exclude	source-policy
a5f729370981578f	men-women	422	exclude	source-policy
6d900f3f8bbe6391	men-women	423	exclude	source-policy
dcd0ac04377f641f	men-women	424	exclude	source-policy
f262b086babde757	men-women	425	exclude	source-policy
c3592372fc0dd7e3	men-women	426	exclude	source-policy
05cc49ceb48f7a79	men-women	427	exclude	source-policy
9ea553f978731bea	men-women	428	exclude	source-policy
214f10d484257b3d	men-women	429	exclude	source-policy
10450453387177bf	men-women	430	exclude	source-policy
6500963846129088	men-women	431	exclude	source-policy
14a599177df120b7	men-women	432	exclude	source-policy
e6fee6d4a5cb050b	men-women	433	exclude	source-policy
468182902d6b8144	men-women	434	exclude	source-policy
47205217d98b12e2	men-women	435	exclude	source-policy
8c9af6cc7e16881a	men-women	436	exclude	source-policy
4854cf646202c679	men-women	437	exclude	source-policy
387ba19cae871c1b	men-women	438	exclude	source-policy
cb48929ca6c14dfe	men-women	439	exclude	source-policy
e233f08dfd8594df	men-women	440	exclude	source-policy
d0f9fe95837dfc69	men-women	441	exclude	source-policy
0eb53b540b984010	men-women	442	exclude	source-policy
f72f975611d6ccd9	men-women	443	exclude	source-policy
b5ba9bf845876044	men-women	444	exclude	source-policy
f834eace41006be7	men-women	445	exclude	source-policy
f6775a79def450b7	men-women	446	exclude	source-policy
78f2cf4bb8d54254	men-women	447	exclude	source-policy
dbccb48430b6c8e5	men-women	448	exclude	source-policy
f167cc68529967b7	men-women	449	exclude	source-policy
990907084d37a709	men-women	450	exclude	source-policy
dd3505b1e303c95e	men-women	451	exclude	source-policy
3537193b9d1196d4	men-women	452	exclude	source-policy
73fab03a362c0763	men-women	453	exclude	source-policy
c6a0ee7dfa8f71c0	men-women	454	exclude	source-policy
cae103cad0a34969	men-women	455	exclude	source-policy
9c9c84df21b1d036	men-women	456	exclude	source-policy
044586b540e9ec6b	men-women	457	exclude	source-policy
1734413385f59205	men-women	458	exclude	source-policy
c0438025852576e6	men-women	459	exclude	source-policy
accda43dbb166113	men-women	460	exclude	source-policy
d229d14143a8097c	men-women	461	exclude	source-policy
34ef247ecb1d7694	men-women	462	exclude	source-policy
34d19bb024c445ed	men-women	463	exclude	source-policy
459d7453ea67afed	men-women	464	exclude	source-policy
92d5420f7b6a189b	men-women	465	exclude	source-policy
176aa714143fabf4	men-women	466	exclude	source-policy
500a1fb6dc6cf774	men-women	467	exclude	source-policy
768c5844c87b54d1	men-women	468	exclude	source-policy
9acb239e4e93097d	men-women	469	exclude	source-policy
911acf609c13a98c	men-women	470	exclude	source-policy
85e08ce41a8a1d02	men-women	471	exclude	source-policy
241c61c3fdeb4542	men-women	472	exclude	source-policy
6cfef2035804e27a	men-women	473	exclude	source-policy
f30c3b751efa7101	men-women	474	exclude	source-policy
b12dd3bb42b8ae0d	men-women	475	exclude	source-policy
e27ff1e575db710a	men-women	476	exclude	source-policy
5571e6c3a3888518	men-women	477	exclude	source-policy
91ab04e7ea3cdb4f	men-women	478	exclude	source-policy
08af41c2cfa7c968	men-women	479	exclude	source-policy
699c6a0b7dfbc486	men-women	480	exclude	source-policy
f23cbe6ebeae46a9	men-women	481	exclude	source-policy
26a4d306ce6a18a4	men-women	482	exclude	source-policy
e69e70cc1800dc8a	men-women	483	exclude	source-policy
4287e71b73ab150e	men-women	484	exclude	source-policy
b8a921864a990113	men-women	485	exclude	source-policy
69c50ab34b653f00	men-women	486	exclude	source-policy
152c1de5abd5718f	men-women	487	exclude	source-policy
aaf151e2c550679c	men-women	488	exclude	source-policy
bed016ed2c943662	men-women	489	exclude	source-policy
c6f2ea3253ab39df	men-women	490	exclude	source-policy
1500dd51940b9512	men-women	491	exclude	source-policy
774eafae4524f74b	men-women	492	exclude	source-policy
5aecd148b92e7847	men-women	493	exclude	source-policy
7df35ab3c4c65d35	men-women	494	exclude	source-policy
621c573c15a9be2a	men-women	495	exclude	source-policy
2aa845b8773dca64	men-women	496	exclude	source-policy
823165949aa6a029	men-women	497	exclude	source-policy
426832ad03bf8b9b	men-women	498	exclude	source-policy
ff1160faf892c225	men-women	499	exclude	source-policy
994cf4793ebc0fcd	men-women	500	exclude	source-policy
bbde0ea96305d813	men-women	501	exclude	source-policy
aed2613a76f92aaf	men-women	502	exclude	source-policy
8fd73848c2e51a33	men-women	503	exclude	source-policy
a675461dfb21e9cf	men-women	504	exclude	source-policy
5f8e8c1e77f79327	men-women	505	exclude	source-policy
77352216461605e6	men-women	506	exclude	source-policy
cc3da19477adf151	men-women	507	exclude	source-policy
2cceedf0eb758837	men-women	508	exclude	source-policy
5fd7af5bc60323a8	men-women	509	exclude	source-policy
a7ff16049e2044dd	men-women	510	exclude	source-policy
38521a5875a85fae	men-women	511	exclude	source-policy
8e4391dd9ab141be	men-women	512	exclude	source-policy
f4d1985bd2c17ce7	men-women	513	exclude	source-policy
2cafd2f3133c068c	men-women	514	exclude	source-policy
50b842c17ae8fa37	men-women	515	exclude	source-policy
9c653ad128d6b238	men-women	516	exclude	source-policy
2d5fd2c2046e931c	men-women	517	exclude	source-policy
fe35869ac2e8c6ea	men-women	518	exclude	source-policy
9f57e616b704d37f	men-women	519	exclude	source-policy
567ed9a722f183e6	men-women	520	exclude	source-policy
2c0819f12cda8414	men-women	521	exclude	source-policy
885f3ff03e647e3f	men-women	522	exclude	source-policy
ee9c2a7f4a992eef	men-women	523	exclude	source-policy
fb6f0de61d19439f	men-women	524	exclude	source-policy
f3f4bb927dae4df8	men-women	525	exclude	source-policy
c4dc44975ec4db08	men-women	526	exclude	source-policy
5e7a397a0d20a786	men-women	527	exclude	source-policy
7e03369cc7b39cb3	men-women	528	exclude	source-policy
1ea9b8769bbfd03f	men-women	529	exclude	source-policy
05432e05aa71c52d	men-women	530	exclude	source-policy
56386aca14c46fdd	men-women	531	exclude	source-policy
0a2c95c9bf8c0b26	men-women	532	exclude	source-policy
03bd97d6f6196484	men-women	533	exclude	source-policy
e4247a7da57d8ddd	men-women	534	exclude	source-policy
6edb91733d9b102f	men-women	535	exclude	source-policy
3510cacfdd383c8e	men-women	536	exclude	source-policy
25cce9e1fa72d9c9	men-women	537	exclude	source-policy
aa76a7cc15e4b2aa	men-women	538	exclude	source-policy
1953dd4ead3163d8	men-women	539	exclude	source-policy
c5b904cb88ee8405	men-women	540	exclude	source-policy
4801b3e3fcea32ca	men-women	541	exclude	source-policy
531f2faff885a2d4	men-women	542	exclude	source-policy
c42f2fcb060a7964	men-women	543	exclude	source-policy
7ee2987f13a13255	men-women	544	exclude	source-policy
045612174c9bb264	men-women	545	exclude	source-policy
3d76b4d9f5325f49	men-women	546	exclude	source-policy
d8bf6bbc1f996da3	men-women	547	exclude	source-policy
93ffc36fc74adfd9	men-women	548	exclude	source-policy
64a828df93623d4f	men-women	549	exclude	source-policy
a1b4218a4f3f24f0	men-women	550	exclude	source-policy
0bbaa0c78487e86b	men-women	551	exclude	source-policy
ee6e34ac38faf90a	men-women	552	exclude	source-policy
d9a8148b7640298a	men-women	553	exclude	source-policy
4bd241fd62f0daf1	men-women	554	exclude	source-policy
987c144019488e30	men-women	555	exclude	source-policy
b09e620685478019	men-women	556	exclude	source-policy
75a7bae6e787df62	men-women	557	exclude	source-policy
929ca7cbdfe1ee53	men-women	558	exclude	source-policy
3c47ca36735bb586	men-women	559	exclude	source-policy
c2343a45408a6d5d	men-women	560	exclude	source-policy
52f31920a4cbdc8e	men-women	561	exclude	source-policy
622431cd451c1de8	men-women	562	exclude	source-policy
4569c6bfbfed47f6	men-women	563	exclude	source-policy
627fc2e74ffda142	men-women	564	exclude	source-policy
721947fc9c99da3e	men-women	565	exclude	source-policy
357e01f6af7dcda6	men-women	566	exclude	source-policy
a0f657f06f1a1d04	men-women	567	exclude	source-policy
59a0b47e4d304e5e	men-women	568	exclude	source-policy
f0537e82958322e6	men-women	569	exclude	source-policy
8368a4cbfa5a96ef	men-women	570	exclude	source-policy
d149a4d3fbd15e6f	men-women	571	exclude	source-policy
5499c5d031ac730a	men-women	572	exclude	source-policy
a688e351558831f0	men-women	573	exclude	source-policy
ef5769ecaaa49bac	men-women	574	exclude	source-policy
f39791b3bb138a42	men-women	575	exclude	source-policy
ec5b3e2fa174a488	men-women	576	exclude	source-policy
a2684b216cdad9fd	men-women	577	exclude	source-policy
861ec9d760f8132f	men-women	578	exclude	source-policy
22eadc44a9b108b5	men-women	579	exclude	source-policy
addec815442100a3	men-women	580	exclude	source-policy
e18d06bdff5bfbe4	men-women	581	exclude	source-policy
3553af90a6298626	men-women	582	exclude	source-policy
96a776530c6adb81	miscellaneous	1	exclude	presentation-length
18b155d7d2782a96	miscellaneous	2	exclude	presentation-length
fbd17828a544628f	miscellaneous	3	exclude	quota
a0229a42ac152abc	miscellaneous	4	exclude	quota
c89322dffa35cba8	miscellaneous	5	exclude	quota
1bdbb7f0b29b8fa9	miscellaneous	6	retain	balanced-editorial-quota
5c6e2bd5e4f970dc	miscellaneous	7	exclude	presentation-length
dd021aa6a4db1073	miscellaneous	8	exclude	quota
efde3c872c28daca	miscellaneous	9	retain	balanced-editorial-quota
6d0c192cc15adecb	miscellaneous	10	exclude	quota
438b601fd65b90ab	miscellaneous	11	exclude	quota
65868e98899dc55f	miscellaneous	12	retain	balanced-editorial-quota
579d9d1dba5b5af5	miscellaneous	13	exclude	quota
495bfd6007a3fe2f	miscellaneous	14	exclude	violence-or-death
8f87a774cdc6ce2e	miscellaneous	15	exclude	violence-or-death
6b452d957d57743b	miscellaneous	16	retain	balanced-editorial-quota
0ac02eadf2bf8c1f	miscellaneous	17	exclude	quota
4a2917afb7d8477e	miscellaneous	18	exclude	quota
34092f209c2497bb	miscellaneous	19	retain	balanced-editorial-quota
53876c2d26e5d2dc	miscellaneous	20	exclude	quota
25981fe955e8866f	miscellaneous	21	exclude	quota
8fd429cb7bea62d7	miscellaneous	22	exclude	quota
134c2773eca46f63	miscellaneous	23	retain	balanced-editorial-quota
fb49994cac55bbec	miscellaneous	24	retain	balanced-editorial-quota
b0eb043faf16a76a	miscellaneous	25	retain	balanced-editorial-quota
73a6f7644e19f3f0	miscellaneous	26	exclude	violence-or-death
6254a136e8b26fe4	miscellaneous	27	exclude	quota
16b34c1b16131556	miscellaneous	28	exclude	quota
80a89f1d41571147	miscellaneous	29	exclude	quota
0ddfd5d3204a1dde	miscellaneous	30	retain	balanced-editorial-quota
1af7bf922e817c35	miscellaneous	31	exclude	presentation-length
5122611bd8ccc468	miscellaneous	32	exclude	quota
e9e94de03dd24df5	miscellaneous	33	exclude	presentation-length
516a0324a7991e2f	miscellaneous	34	exclude	presentation-length
4601e8d95e8776a7	miscellaneous	35	retain	balanced-editorial-quota
e83bd3e77d00a50c	miscellaneous	36	exclude	presentation-length
3a77844f3e0431a7	miscellaneous	37	exclude	quota
9c638d9d4e6d0df5	miscellaneous	38	retain	balanced-editorial-quota
5173bcc31435a3e4	miscellaneous	39	retain	balanced-editorial-quota
3ee962abc80bc633	miscellaneous	40	retain	balanced-editorial-quota
4b4b0c51301b6ac9	miscellaneous	41	exclude	unsafe-character
123b8769ae20bbd4	miscellaneous	42	exclude	quota
4c1987324c7045cf	miscellaneous	43	exclude	quota
6092bb32c6ba714e	miscellaneous	44	exclude	quota
4d30e8fde501de35	miscellaneous	45	retain	balanced-editorial-quota
9e17a71e6756f869	miscellaneous	46	exclude	quota
f210f2f454fdc4dd	miscellaneous	47	exclude	presentation-length
40cbb642c4257bda	miscellaneous	48	exclude	quota
5d37592bf4aa2580	miscellaneous	49	exclude	quota
5c92f41147a7b0cb	miscellaneous	50	exclude	quota
db3f0611ef871b9f	miscellaneous	51	retain	balanced-editorial-quota
bf158b4f4fd37694	miscellaneous	52	exclude	quota
bfae4e5c7e756b37	miscellaneous	53	exclude	quota
1bbbdc299e72de16	miscellaneous	54	exclude	quota
0f6be6cc79c301ce	miscellaneous	55	exclude	quota
e07216a5c1e8793e	miscellaneous	56	exclude	quota
6edd378ba497a0ee	miscellaneous	57	exclude	quota
8040b927fe83b598	miscellaneous	58	retain	balanced-editorial-quota
dc1ea8d5d98b02d6	miscellaneous	59	exclude	quota
cc02281097a53b50	miscellaneous	60	exclude	quota
2c967b4b1a34f1c4	miscellaneous	61	exclude	violence-or-death
d280026ee97d8004	miscellaneous	62	exclude	quota
5e7cce833a468fe9	miscellaneous	63	retain	balanced-editorial-quota
2d0a7660ced825af	miscellaneous	64	exclude	presentation-length
4cc2b5ec41bb889e	miscellaneous	65	exclude	body-size-weight-or-diet-humor
fe34ee46159f5b6d	miscellaneous	66	retain	balanced-editorial-quota
39dcdf2290f29632	miscellaneous	67	exclude	quota
e5921930a0962d3f	miscellaneous	68	exclude	violence-or-death
b7b3aba2e2c0a349	miscellaneous	69	exclude	quota
dfe6df455558c963	miscellaneous	70	exclude	presentation-length
6ea29c5ac001ed39	miscellaneous	71	exclude	quota
8700983274ef3b57	miscellaneous	72	exclude	quota
0fd21561dd1f18e0	miscellaneous	73	exclude	quota
d3b6e462b79acb4b	miscellaneous	74	exclude	quota
db39d691af6fdcbb	miscellaneous	75	exclude	quota
6269a3073007da07	miscellaneous	76	exclude	presentation-length
85a28e2252f16672	miscellaneous	77	exclude	quota
098213c405abc8ba	miscellaneous	78	exclude	quota
473fcd0464ee80a9	miscellaneous	79	exclude	quota
4aec8cecc6005b3f	miscellaneous	80	exclude	quota
bda6da9ab727bdbf	miscellaneous	81	exclude	presentation-length
357bff454d7df494	miscellaneous	82	exclude	quota
0592cf0c6524857f	miscellaneous	83	retain	balanced-editorial-quota
9ccae6b74774438a	miscellaneous	84	exclude	quota
734e41d8d1ca7414	miscellaneous	85	exclude	final-corpus-trim
6b5c1a3ed7fd87d8	miscellaneous	86	retain	balanced-editorial-quota
dc7f7b035d17bf1d	miscellaneous	87	exclude	presentation-length
e62927f2613d6144	miscellaneous	88	exclude	quota
b4f88534dab59f12	miscellaneous	89	exclude	quota
f393d1315be7894c	miscellaneous	90	exclude	quota
8e79628ea9b97ee4	miscellaneous	91	retain	balanced-editorial-quota
3fe6441578bb04db	miscellaneous	92	exclude	presentation-length
c1b1ca0301943726	miscellaneous	93	exclude	quota
a59e85af3bd8c748	miscellaneous	94	exclude	presentation-length
303f7a3e40735feb	miscellaneous	95	exclude	presentation-length
d0af392fea640efd	miscellaneous	96	exclude	violence-or-death
a236a7d6cbce83f8	miscellaneous	97	exclude	violence-or-death
2d58066613826b5a	miscellaneous	98	exclude	quota
d661f6f75ad7b1b0	miscellaneous	99	exclude	presentation-length
0ef1ad450dc51814	miscellaneous	100	exclude	quota
b7d8b79194811a1f	miscellaneous	101	exclude	quota
27b09b7633da0e75	miscellaneous	102	exclude	quota
ffc072233dbc7e18	miscellaneous	103	exclude	quota
ff73088e711b35d6	miscellaneous	104	exclude	quota
d856caa459986cc4	miscellaneous	105	exclude	quota
42439a19b81da7c0	miscellaneous	106	exclude	quota
00dd16cf62d59479	miscellaneous	107	retain	balanced-editorial-quota
a36bf6915813ae08	miscellaneous	108	exclude	quota
f4ffdf31ed742c72	miscellaneous	109	exclude	quota
1ced01800ef8c687	miscellaneous	110	exclude	quota
7b4bb382dc9b4f9a	miscellaneous	111	exclude	quota
27e783827ad12c91	miscellaneous	112	exclude	quota
8f235a7a659d838e	miscellaneous	113	retain	balanced-editorial-quota
cbce4dac7be6fe03	miscellaneous	114	retain	balanced-editorial-quota
eb0f25385309671b	miscellaneous	115	exclude	quota
30caa809cfac0672	miscellaneous	116	exclude	quota
2db9f521d99dcd71	miscellaneous	117	exclude	quota
00578071fb4e00d7	miscellaneous	118	exclude	quota
2e54b7d0d6ab5c12	miscellaneous	119	exclude	quota
bd45bf3b5749a029	miscellaneous	120	exclude	quota
142b5be47d20a4a1	miscellaneous	121	retain	balanced-editorial-quota
02769b7737a79fa5	miscellaneous	122	exclude	presentation-length
cc0dfdee54e4e2ab	miscellaneous	123	exclude	quota
2ca27d5b07734b53	miscellaneous	124	exclude	quota
cfd3d02ff32e8a5c	miscellaneous	125	exclude	quota
3d52ff0674479583	miscellaneous	126	exclude	quota
d5d932d738a4dc3f	miscellaneous	127	retain	balanced-editorial-quota
ef8e1b2ba8ebdd79	miscellaneous	128	exclude	quota
d319f8f7553b1f7f	miscellaneous	129	exclude	quota
9c22797d1c78d053	miscellaneous	130	exclude	presentation-length
4dbfeae3438e1b64	miscellaneous	131	exclude	quota
ec727c8ef33356c7	miscellaneous	132	exclude	quota
9f0ee65d1554f921	miscellaneous	133	exclude	quota
309f3d6387d387eb	miscellaneous	134	exclude	quota
9c05b720daad8fd3	miscellaneous	135	exclude	quota
15a8c3d8ed4bcae9	miscellaneous	136	exclude	quota
8d7ff84a8eb1f686	miscellaneous	137	exclude	quota
9ea3f2c572d1c3f8	miscellaneous	138	retain	balanced-editorial-quota
44c10aea88a397de	miscellaneous	139	exclude	presentation-length
537ec5916e3313e0	miscellaneous	140	exclude	quota
f12dd25b447883e9	miscellaneous	141	exclude	quota
573010ea00122a52	miscellaneous	142	exclude	quota
8cd08862d67d8ba5	miscellaneous	143	exclude	quota
4384de7de9ae56d1	miscellaneous	144	exclude	presentation-length
b106ab10334efe85	miscellaneous	145	exclude	quota
ae8ffa313afe714c	miscellaneous	146	exclude	violence-or-death
346e00b59371dd0e	miscellaneous	147	exclude	violence-or-death
d4cfcdacd96e329b	miscellaneous	148	exclude	violence-or-death
24967ecc61201dad	miscellaneous	149	retain	balanced-editorial-quota
1d10017c44c39917	miscellaneous	150	exclude	quota
1a6a3e2a91764c68	miscellaneous	151	exclude	quota
0a2c5950085d64fe	miscellaneous	152	retain	balanced-editorial-quota
d50f92bf6299ec06	miscellaneous	153	retain	balanced-editorial-quota
fe7eb2d7dea0a778	miscellaneous	154	exclude	quota
74587d8dc6c01e6c	miscellaneous	155	exclude	presentation-length
e8853d9e752b3fc1	miscellaneous	156	exclude	quota
f30124aa65802612	miscellaneous	157	exclude	presentation-length
ff03373a2a830c71	miscellaneous	158	exclude	quota
0f36e2faaba1b073	miscellaneous	159	exclude	quota
e907669ed15bbfc5	miscellaneous	160	exclude	quota
4974c1ac52f7eacb	miscellaneous	161	retain	balanced-editorial-quota
6ef29faa09687055	miscellaneous	162	retain	balanced-editorial-quota
68731c1ae4ee5163	miscellaneous	163	retain	balanced-editorial-quota
ab22e212c658d182	miscellaneous	164	exclude	quota
8205fb76aa91167e	miscellaneous	165	exclude	quota
283d9dba093ae720	miscellaneous	166	exclude	quota
23bae2c7b39587a0	miscellaneous	167	exclude	quota
d0c183f1cda8f9fc	miscellaneous	168	exclude	quota
24da998fdb940093	miscellaneous	169	exclude	presentation-length
f086e5b725f3e99a	miscellaneous	170	retain	balanced-editorial-quota
6d262ca5b8ce3528	miscellaneous	171	exclude	quota
2da10e3b41c5ff55	miscellaneous	172	exclude	quota
3962a24aba66636d	miscellaneous	173	exclude	violence-or-death
6e80eeb59f4ae0bb	miscellaneous	174	retain	balanced-editorial-quota
5ee13542860f4447	miscellaneous	175	retain	balanced-editorial-quota
01136bbbd073da2b	miscellaneous	176	exclude	quota
4072203621a3d148	miscellaneous	177	exclude	quota
3176e596a8b550e1	miscellaneous	178	retain	balanced-editorial-quota
9f5cc36d0e9b8842	miscellaneous	179	retain	balanced-editorial-quota
0faed9b887a94df0	miscellaneous	180	exclude	quota
55c3e5daec20a64d	miscellaneous	181	exclude	presentation-length
910fe7edbc040d96	miscellaneous	182	exclude	quota
ab37c45c9f29740d	miscellaneous	183	retain	balanced-editorial-quota
a706a50f5340bf77	miscellaneous	184	retain	balanced-editorial-quota
bf462d5f80fe759e	miscellaneous	185	exclude	presentation-length
2af5dda904c95fc5	miscellaneous	186	exclude	quota
2ed569d2b34767ca	miscellaneous	187	exclude	quota
b870f1b367247a7b	miscellaneous	188	retain	balanced-editorial-quota
042c8e55cd702021	miscellaneous	189	exclude	quota
27b20b74b2f7adb3	miscellaneous	190	exclude	quota
4b700f858c8112a3	miscellaneous	191	exclude	quota
bcfaeef57eb64c6d	miscellaneous	192	retain	balanced-editorial-quota
0916f9b96b9a1d5c	miscellaneous	193	exclude	quota
88b28c08c6a5a342	miscellaneous	194	exclude	quota
b2468edb0bed3e26	miscellaneous	195	exclude	quota
e9bb16c69e4e0663	miscellaneous	196	retain	balanced-editorial-quota
ae0db0fded865bb2	miscellaneous	197	retain	balanced-editorial-quota
c7ea4f124de50b30	miscellaneous	198	exclude	quota
e9a763be6672f5ea	miscellaneous	199	exclude	quota
f507d002bf3aaecd	miscellaneous	200	retain	balanced-editorial-quota
9dcaf10fb8180ec6	miscellaneous	201	exclude	quota
a0a0ec15ab1f8d0c	miscellaneous	202	exclude	quota
04649bebdca302fa	miscellaneous	203	retain	balanced-editorial-quota
92d1d18fd799eb11	miscellaneous	204	exclude	quota
4939d6c982709f9c	miscellaneous	205	exclude	quota
9331de8dcf49dedc	miscellaneous	206	exclude	quota
9edbf7fc33384c59	miscellaneous	207	exclude	quota
3071db55607874f5	miscellaneous	208	retain	balanced-editorial-quota
8282260dc81a12ee	miscellaneous	209	retain	balanced-editorial-quota
f6971df973c283cc	miscellaneous	210	exclude	quota
1807b9f94a69e8c5	miscellaneous	211	exclude	quota
638a34d8ce87ba8c	miscellaneous	212	exclude	quota
2723de9b81af34f0	miscellaneous	213	exclude	quota
f1e3109914966e92	miscellaneous	214	exclude	violence-or-death
1e65901b41a08991	miscellaneous	215	exclude	quota
9eef40716fd1e685	miscellaneous	216	exclude	violence-or-death
cebeb450012cee24	miscellaneous	217	exclude	quota
187641921d0ff323	miscellaneous	218	exclude	presentation-length
e57d775972641010	miscellaneous	219	exclude	quota
ca8e686badf8f551	miscellaneous	220	exclude	quota
68343ac478f5f356	miscellaneous	221	exclude	quota
e0b84335dbba1517	miscellaneous	222	retain	balanced-editorial-quota
06bcc7b921b2a93e	miscellaneous	223	retain	balanced-editorial-quota
ba35857def1e2acf	miscellaneous	224	retain	balanced-editorial-quota
f7d26be9fdf25c0a	miscellaneous	225	exclude	quota
3eb330716741f251	miscellaneous	226	exclude	quota
d21181ddea4b3fad	miscellaneous	227	exclude	presentation-length
c3b3fc54fb950262	miscellaneous	228	exclude	presentation-length
3abd22240730a9c6	miscellaneous	229	retain	balanced-editorial-quota
caecd9ff1652bb6c	miscellaneous	230	exclude	quota
f231bd5582cb791a	miscellaneous	231	exclude	quota
8abddf474e8ab4e3	miscellaneous	232	exclude	violence-or-death
20ff5b0a3f2cd2ce	miscellaneous	233	exclude	quota
5bb87cf2b8f651ac	miscellaneous	234	exclude	quota
c96c37d6dd581587	miscellaneous	235	exclude	quota
bab9c3db02c49bfa	miscellaneous	236	retain	balanced-editorial-quota
9206c52762ee466c	miscellaneous	237	exclude	quota
570bbdbc6850a0fe	miscellaneous	238	exclude	presentation-length
b7e7c2698846bb9a	miscellaneous	239	exclude	quota
5fd030c9ddfb75e7	miscellaneous	240	retain	balanced-editorial-quota
e5efc3c74816233b	miscellaneous	241	exclude	quota
6be9d9a828c7ca73	miscellaneous	242	exclude	presentation-length
8d1e98db514da5f6	miscellaneous	243	exclude	presentation-length
5997649271b3627a	miscellaneous	244	exclude	quota
fdb9a4239693e105	miscellaneous	245	exclude	presentation-length
b031b24bf066b028	miscellaneous	246	exclude	quota
58aaa67790e034fe	miscellaneous	247	exclude	quota
03a5918ffd4a8548	miscellaneous	248	retain	balanced-editorial-quota
d464657f71d6495e	miscellaneous	249	retain	balanced-editorial-quota
68156e85296c7527	miscellaneous	250	retain	balanced-editorial-quota
8234adad122d4a30	miscellaneous	251	exclude	violence-or-death
1e4e83ca262722b5	miscellaneous	252	exclude	quota
0c2152ac213c1978	miscellaneous	253	exclude	violence-or-death
1fb1e4c64a37182c	miscellaneous	254	retain	balanced-editorial-quota
09024475b52e5783	miscellaneous	255	exclude	quota
3daa24d3a92975e0	miscellaneous	256	exclude	violence-or-death
322c87e24eab45ce	miscellaneous	257	exclude	quota
19b18e21ff71661d	miscellaneous	258	exclude	quota
c99788ea3e46c31c	miscellaneous	259	retain	balanced-editorial-quota
9f1b274019482267	miscellaneous	260	exclude	quota
ece3bebf5dbda06f	miscellaneous	261	retain	balanced-editorial-quota
50ba6805597a5fdd	miscellaneous	262	retain	balanced-editorial-quota
29e7b9a87275f361	miscellaneous	263	retain	balanced-editorial-quota
7c96423d4950d20b	miscellaneous	264	exclude	quota
2342f185d6515298	miscellaneous	265	exclude	quota
99130d36a77d5bfe	miscellaneous	266	retain	balanced-editorial-quota
ee50d0cdc6aac733	miscellaneous	267	exclude	quota
37084e105fc4506f	miscellaneous	268	retain	balanced-editorial-quota
8078651d48e36189	miscellaneous	269	exclude	quota
0f59abc6cf35d5d6	miscellaneous	270	exclude	quota
9ddcef6a482d77bc	miscellaneous	271	exclude	violence-or-death
5a03d1b943046dfe	miscellaneous	272	exclude	quota
0cee71aacf63b009	miscellaneous	273	retain	balanced-editorial-quota
3c4529b64ebe4c95	miscellaneous	274	retain	balanced-editorial-quota
18c689dcff4c5331	miscellaneous	275	exclude	quota
1aee67589e5313d4	miscellaneous	276	exclude	quota
7672210e25a66d46	miscellaneous	277	exclude	quota
60203d2c494d060a	miscellaneous	278	exclude	quota
b864cef8a9c4284c	miscellaneous	279	retain	balanced-editorial-quota
197e78ee251faa72	miscellaneous	280	retain	balanced-editorial-quota
7fb188658a22ef14	miscellaneous	281	exclude	violence-or-death
196021beef241b18	miscellaneous	282	exclude	quota
7dbf949539c22196	miscellaneous	283	exclude	quota
dee28a3d29341917	miscellaneous	284	exclude	quota
0848732dc7483e80	miscellaneous	285	exclude	quota
4c857cf8a30a22e9	miscellaneous	286	exclude	quota
aecb467608388f6f	miscellaneous	287	exclude	violence-or-death
219190e7f9dd169d	miscellaneous	288	exclude	quota
0168a80f7dca9437	miscellaneous	289	exclude	presentation-length
3af882257a4e1070	miscellaneous	290	exclude	quota
bc858635e2515190	miscellaneous	291	retain	balanced-editorial-quota
bb5f47900a4e3f9c	miscellaneous	292	exclude	quota
6530f335bbf62c76	miscellaneous	293	exclude	violence-or-death
8d7d0d535d4c8827	miscellaneous	294	exclude	quota
c11d3eb4a6a249b2	miscellaneous	295	exclude	quota
09380f645d2529a4	miscellaneous	296	exclude	quota
7ea84f5f5a3e43ce	miscellaneous	297	retain	balanced-editorial-quota
f6284aeef1f8d5be	miscellaneous	298	exclude	quota
98d904b534492404	miscellaneous	299	exclude	violence-or-death
bc5fc36499152e76	miscellaneous	300	exclude	quota
8fa41d6195fe0601	miscellaneous	301	exclude	quota
4140bd62e84df212	miscellaneous	302	exclude	quota
596afdd44a6e7e7f	miscellaneous	303	retain	balanced-editorial-quota
e6dc6072e086dfc4	miscellaneous	304	retain	balanced-editorial-quota
f631d2b4376697fa	miscellaneous	305	exclude	quota
6d1e8fe3764a3fc5	miscellaneous	306	retain	balanced-editorial-quota
9238b6d6ed6d25aa	miscellaneous	307	retain	balanced-editorial-quota
98cb37411349ad84	miscellaneous	308	exclude	quota
ae1f28f1d551e920	miscellaneous	309	exclude	quota
00735c68f1d9f220	miscellaneous	310	retain	balanced-editorial-quota
00ac0c13a377e0ca	miscellaneous	311	retain	balanced-editorial-quota
158637106aaf275c	miscellaneous	312	exclude	quota
a9c473d008712fce	miscellaneous	313	exclude	quota
407e2c017d0dfa01	miscellaneous	314	retain	balanced-editorial-quota
6f0f64decd714cb9	miscellaneous	315	exclude	violence-or-death
fef0eeb7ebd8ed20	miscellaneous	316	exclude	quota
b056a0acd24656fd	miscellaneous	317	exclude	quota
0b7060d2e3b0e335	miscellaneous	318	exclude	quota
348891172d9de24a	miscellaneous	319	exclude	quota
995451a2e798ba33	miscellaneous	320	retain	balanced-editorial-quota
aa7fb69aadd5dd83	miscellaneous	321	exclude	presentation-length
4c34ca2693513406	miscellaneous	322	exclude	quota
cbc8bb9512c73592	miscellaneous	323	exclude	quota
d857237b25a2c0fb	miscellaneous	324	exclude	quota
5004a06c0a6d548d	miscellaneous	325	exclude	quota
829451b779a0ee33	miscellaneous	326	exclude	quota
c8b3f31eedaf3678	miscellaneous	327	exclude	presentation-length
6e7c8e84835df95f	miscellaneous	328	exclude	violence-or-death
45d90dac99fccbbc	miscellaneous	329	exclude	quota
2b62f70d5cc8dae0	miscellaneous	330	exclude	violence-or-death
5584f3c0c2c125ac	miscellaneous	331	exclude	violence-or-death
1d615704fb24d6dc	miscellaneous	332	retain	balanced-editorial-quota
15502b19f146285c	miscellaneous	333	exclude	duplicate
c85d443c73f48b2c	miscellaneous	334	exclude	quota
60a9c7f725822bde	miscellaneous	335	exclude	quota
d7390210733d402d	miscellaneous	336	exclude	quota
13eaaa4d628d67bd	miscellaneous	337	exclude	quota
d7df2159c1ade00a	miscellaneous	338	exclude	quota
95ae664d4e9b27df	miscellaneous	339	retain	balanced-editorial-quota
9d9db9e679f2a37b	miscellaneous	340	retain	balanced-editorial-quota
65df1319c900c18e	miscellaneous	341	exclude	presentation-length
4dd16cb6eddf9b62	miscellaneous	342	exclude	presentation-length
f4675c703eb9a6c1	miscellaneous	343	exclude	quota
6fe9ae225a013b3c	miscellaneous	344	exclude	quota
8f6dc034f79590a9	miscellaneous	345	retain	balanced-editorial-quota
a326236a82ef3532	miscellaneous	346	exclude	quota
4d82884521bb8caf	miscellaneous	347	exclude	violence-or-death
cd4cbc5bd79b9706	miscellaneous	348	exclude	unsafe-character
91b6ad1d27731f19	miscellaneous	349	retain	balanced-editorial-quota
dfa58aae4b9feb81	miscellaneous	350	exclude	quota
157481a232a68644	miscellaneous	351	retain	balanced-editorial-quota
c5f9a86b5b3d862b	miscellaneous	352	exclude	quota
4334564cad2cd82a	miscellaneous	353	exclude	quota
3c807c6678831705	miscellaneous	354	exclude	violence-or-death
42848bcf3d09c31c	miscellaneous	355	exclude	presentation-length
fb80e25cec63fd8f	miscellaneous	356	retain	balanced-editorial-quota
46c8350f7a293a6e	miscellaneous	357	retain	balanced-editorial-quota
ddb06bafd2cb21a2	miscellaneous	358	exclude	quota
8d04aa4da31fe4bc	miscellaneous	359	exclude	presentation-length
0beef47ce47fd9b4	miscellaneous	360	retain	balanced-editorial-quota
b26dc1e18a74a9aa	miscellaneous	361	retain	balanced-editorial-quota
08115f00957c9944	miscellaneous	362	exclude	quota
d137b448310923c7	miscellaneous	363	exclude	quota
3b290537e14dae5e	miscellaneous	364	exclude	quota
3c77ef35dd8bdd8f	miscellaneous	365	exclude	quota
f62d5257a4b378c8	miscellaneous	366	exclude	quota
25d259223447ff78	miscellaneous	367	exclude	quota
e6e05c6af81dc914	miscellaneous	368	exclude	quota
a04ae9713c8bd374	miscellaneous	369	exclude	quota
0db1312a29d04cd3	miscellaneous	370	exclude	quota
39a4bdb338010ee3	miscellaneous	371	exclude	quota
8ae74e9699b06c5c	miscellaneous	372	exclude	quota
3124b4f0d01998f2	miscellaneous	373	retain	balanced-editorial-quota
ccf95c62f9e87ac4	miscellaneous	374	exclude	quota
5f6e07305989c9ad	miscellaneous	375	exclude	quota
7b15c7303901d1b7	miscellaneous	376	exclude	quota
e3be5d4e55c2719f	miscellaneous	377	exclude	quota
655d439996fd753d	miscellaneous	378	exclude	quota
ad409bfc3ce118ff	miscellaneous	379	retain	balanced-editorial-quota
19446819bf8c7e12	miscellaneous	380	exclude	quota
3c53cb014034eee8	miscellaneous	381	exclude	quota
453eacd8150d0c6f	miscellaneous	382	exclude	sexual-or-identity-harm
65b74e52f4c98e91	miscellaneous	383	exclude	quota
fdf874ad4c7a1a7d	miscellaneous	384	retain	balanced-editorial-quota
4a5235256bc99dcd	miscellaneous	385	exclude	quota
122d93f126d1c269	miscellaneous	386	retain	balanced-editorial-quota
336528ea99c4ed87	miscellaneous	387	retain	balanced-editorial-quota
415fa186f02bba32	miscellaneous	388	exclude	quota
7ebc11fa28acb14f	miscellaneous	389	exclude	presentation-length
523c4b3d53385f54	miscellaneous	390	retain	balanced-editorial-quota
74eded6eede292fc	miscellaneous	391	exclude	quota
2e54b82a00ed53f6	miscellaneous	392	exclude	quota
ba5dc95ab304363a	miscellaneous	393	exclude	quota
f42750e65768aa04	miscellaneous	394	exclude	violence-or-death
d4f916270f20209c	miscellaneous	395	exclude	quota
2a9b357294e9bc65	miscellaneous	396	exclude	quota
2d91b10c985602f5	miscellaneous	397	exclude	quota
b6b44b6a64ede83c	miscellaneous	398	exclude	quota
b4559086fcef1433	miscellaneous	399	exclude	quota
15a4636a362e8dba	miscellaneous	400	exclude	quota
cd665a30e7565bfc	miscellaneous	401	retain	balanced-editorial-quota
7c57280e72f09438	miscellaneous	402	exclude	quota
d47c1c9d9c8b2699	miscellaneous	403	exclude	quota
2c8681c13238086f	miscellaneous	404	exclude	quota
ef308ddadadf864c	miscellaneous	405	exclude	quota
358c1ad54d465f7c	miscellaneous	406	exclude	violence-or-death
d0da7594ca4e68cb	miscellaneous	407	exclude	quota
4fc7c170cf395dd1	miscellaneous	408	exclude	quota
6a97d1cc0ab3b706	miscellaneous	409	exclude	presentation-length
d77d13d04e6d7be4	miscellaneous	410	exclude	quota
8fb1ac2ce1e71087	miscellaneous	411	exclude	sexual-or-identity-harm
1bf09e9f83f09809	miscellaneous	412	retain	balanced-editorial-quota
5e05509dd5dd38c1	miscellaneous	413	exclude	quota
fd3af61c357ad15a	miscellaneous	414	retain	balanced-editorial-quota
d7df43bf72addc23	miscellaneous	415	exclude	presentation-length
ee1e4ad9e7c61f7b	miscellaneous	416	exclude	quota
63b1a1d2c7399eb8	miscellaneous	417	exclude	quota
a99b362ad2c1ae96	miscellaneous	418	exclude	quota
6c2fe60c1d42ffb0	miscellaneous	419	retain	balanced-editorial-quota
803c6927769d6235	miscellaneous	420	retain	balanced-editorial-quota
104894d0007525b9	miscellaneous	421	exclude	presentation-length
c13015930dea276c	miscellaneous	422	exclude	quota
da343381eb4b6136	miscellaneous	423	exclude	quota
c79ea0a8c285c11f	miscellaneous	424	exclude	quota
ded80c6ae5de686a	miscellaneous	425	exclude	quota
39594c1e4efa8e32	miscellaneous	426	exclude	violence-or-death
c29c8d4f509dd54d	miscellaneous	427	retain	balanced-editorial-quota
a1e9f6d8a3f037a8	miscellaneous	428	retain	balanced-editorial-quota
4a28c875585c13ef	miscellaneous	429	exclude	quota
00ddbd7afb7739ce	miscellaneous	430	exclude	quota
a82edf64113681b5	miscellaneous	431	exclude	quota
d5658b43fd114a41	miscellaneous	432	exclude	quota
6ddf139098ba177d	miscellaneous	433	exclude	quota
a61c0990ae76bb5a	miscellaneous	434	exclude	quota
725cb3517e91cf63	miscellaneous	435	exclude	quota
635be31cebfefb58	miscellaneous	436	exclude	presentation-length
9b7440bc03c2110d	miscellaneous	437	exclude	presentation-length
f2c561ace1e4c07b	miscellaneous	438	exclude	quota
af41502d85f0952c	miscellaneous	439	exclude	quota
dd348bf95aceb98d	miscellaneous	440	exclude	quota
b8cd9c58fdbcb3ba	miscellaneous	441	exclude	violence-or-death
c42a8cf5c911461e	miscellaneous	442	exclude	quota
2fc00cb86ae662a5	miscellaneous	443	exclude	quota
88719efff5d31395	miscellaneous	444	exclude	quota
134408d33a1c9777	miscellaneous	445	exclude	quota
4b23d7eecb517be4	miscellaneous	446	exclude	final-corpus-trim
f83f052c019eb50e	miscellaneous	447	exclude	quota
7fd5acee407deefe	miscellaneous	448	exclude	presentation-length
48f099b378aecb94	miscellaneous	449	exclude	quota
8e29261a39aa92c5	miscellaneous	450	exclude	presentation-length
4248dfedfa999377	miscellaneous	451	exclude	violence-or-death
d0a74d05b9ea5e43	miscellaneous	452	exclude	quota
ce331f047e1a6f0b	miscellaneous	453	exclude	presentation-length
03f8fba2128d9480	miscellaneous	454	exclude	quota
b9d4439ebc651e21	miscellaneous	455	exclude	quota
426305bc8ae610af	miscellaneous	456	exclude	presentation-length
a803abf67acaeabd	miscellaneous	457	exclude	quota
8afb9d8b8a1f31b5	miscellaneous	458	exclude	duplicate
fe353d312d7c21b0	miscellaneous	459	exclude	final-corpus-trim
1c7bb79647b72332	miscellaneous	460	retain	balanced-editorial-quota
4daace1c9895e9d6	miscellaneous	461	exclude	presentation-length
75a836f49c50435c	miscellaneous	462	exclude	quota
e0745c495aed2afd	miscellaneous	463	exclude	violence-or-death
55051421513e3d0a	miscellaneous	464	exclude	quota
7d9dffb4320c4160	miscellaneous	465	exclude	quota
2128ee97bcb003af	miscellaneous	466	exclude	quota
d4307b172782e6a2	miscellaneous	467	retain	balanced-editorial-quota
d5a0bf0fb072e95f	miscellaneous	468	exclude	quota
89f1e1dcf0ffe621	miscellaneous	469	exclude	quota
dfc453893b1e1834	miscellaneous	470	exclude	quota
16a56df24b9f495a	miscellaneous	471	retain	balanced-editorial-quota
6c2013617ca683d2	miscellaneous	472	exclude	quota
8ee82fd53fcd1da6	miscellaneous	473	retain	balanced-editorial-quota
7a3b69310fe9654f	miscellaneous	474	exclude	quota
f25c02621e646e60	miscellaneous	475	retain	balanced-editorial-quota
449c0198713a384c	miscellaneous	476	exclude	violence-or-death
6c00841afe6577d8	miscellaneous	477	exclude	quota
7d06be408279891f	miscellaneous	478	retain	balanced-editorial-quota
b6a3269c3e564bd5	miscellaneous	479	exclude	quota
61b4e1d2bdd40858	miscellaneous	480	exclude	quota
0e042188ddd19ec1	miscellaneous	481	retain	balanced-editorial-quota
69a2eb1c70b3c863	miscellaneous	482	exclude	quota
93a52ee465fa094c	miscellaneous	483	exclude	presentation-length
ef03fe240114a62a	miscellaneous	484	retain	balanced-editorial-quota
882d32113f87264f	miscellaneous	485	exclude	presentation-length
ff69b7eb8976eb9e	miscellaneous	486	retain	balanced-editorial-quota
a34301435ae4b20b	miscellaneous	487	exclude	quota
9de264db01873100	miscellaneous	488	exclude	violence-or-death
56fc2083c6854d6a	miscellaneous	489	exclude	quota
01f0aa6e1772880f	miscellaneous	490	exclude	quota
177ee96da74b80df	miscellaneous	491	exclude	quota
fec323cff71dfe4a	miscellaneous	492	exclude	presentation-length
7779433cc5e36982	miscellaneous	493	exclude	quota
08cb1018d23d8081	miscellaneous	494	retain	balanced-editorial-quota
4b7cb316c9c46334	miscellaneous	495	exclude	presentation-length
bb389303dda51a94	miscellaneous	496	exclude	quota
89b64d5dd9b7540c	miscellaneous	497	exclude	quota
c82742c927297a56	miscellaneous	498	exclude	quota
f584576981368233	miscellaneous	499	exclude	quota
7e6d7e1223045015	miscellaneous	500	exclude	quota
e9ca6573e33125ef	miscellaneous	501	retain	balanced-editorial-quota
5bc9a44f238ffc83	miscellaneous	502	retain	balanced-editorial-quota
ce410511f24f6ed3	miscellaneous	503	retain	balanced-editorial-quota
cf47a6bb6d289138	miscellaneous	504	exclude	quota
6fea1eec5501b0a3	miscellaneous	505	exclude	quota
fd59d6a4eec6af0f	miscellaneous	506	exclude	quota
7eaeffa5d6ce9efa	miscellaneous	507	exclude	quota
4ba569147fe41626	miscellaneous	508	exclude	presentation-length
9c7e692737937550	miscellaneous	509	exclude	quota
e5cdacaa4c36dbb8	miscellaneous	510	retain	balanced-editorial-quota
81436b30363263c8	miscellaneous	511	exclude	quota
4896624d8a1bda63	miscellaneous	512	retain	balanced-editorial-quota
b580c754fc2741f6	miscellaneous	513	retain	balanced-editorial-quota
1e6e209d27397289	miscellaneous	514	exclude	quota
caf61fe0233bec97	miscellaneous	515	exclude	quota
2f4d6a0349b39fee	miscellaneous	516	retain	balanced-editorial-quota
d68017d2e6d336be	miscellaneous	517	retain	balanced-editorial-quota
1efb16adbd1c3883	miscellaneous	518	retain	balanced-editorial-quota
6f39e809cfbd22f2	miscellaneous	519	exclude	quota
641630e590d372a4	miscellaneous	520	retain	balanced-editorial-quota
6fa292adf360d7d4	miscellaneous	521	exclude	quota
47d354cf4efe0381	miscellaneous	522	exclude	quota
dd667cff198affe9	miscellaneous	523	exclude	quota
4c82a8406def2bdc	miscellaneous	524	exclude	quota
ac7d4dc8aa9717db	miscellaneous	525	exclude	quota
ced44dcaed555784	miscellaneous	526	retain	balanced-editorial-quota
e42f0aae38748a0d	miscellaneous	527	retain	balanced-editorial-quota
2edca60877cdb9e1	miscellaneous	528	exclude	violence-or-death
ec546d8c376d3476	miscellaneous	529	exclude	quota
09e16eede6d4bde1	miscellaneous	530	retain	balanced-editorial-quota
1a393c8c20618e32	miscellaneous	531	exclude	quota
d511c36a8a6d9e34	miscellaneous	532	exclude	quota
e6ea7a6bd1fa4287	miscellaneous	533	exclude	quota
557b913a09e37733	miscellaneous	534	exclude	quota
9e9e7d96f25a41b3	miscellaneous	535	exclude	quota
47e4a5fdac3178b6	miscellaneous	536	exclude	quota
b8afc9a2fac4d816	miscellaneous	537	exclude	quota
40a7217b94147429	miscellaneous	538	exclude	quota
82683e10926e9c96	miscellaneous	539	exclude	quota
0ecb0b0bbb878b39	miscellaneous	540	retain	balanced-editorial-quota
3e6731c9130753a8	miscellaneous	541	exclude	quota
0c6f6d08c9643123	miscellaneous	542	exclude	violence-or-death
74db1dc8d8ebc634	miscellaneous	543	exclude	quota
dbb43f32525d7c3d	miscellaneous	544	exclude	quota
43d82b9982ce0c6e	miscellaneous	545	exclude	quota
7611ab47e9810a9c	miscellaneous	546	exclude	quota
e052c4c0e278089b	miscellaneous	547	retain	balanced-editorial-quota
486599c0a1feda19	miscellaneous	548	exclude	quota
eff19bb69733ba63	miscellaneous	549	exclude	quota
4abdd8b41f218c9b	miscellaneous	550	exclude	quota
6c9c8de0b2f28b77	miscellaneous	551	retain	balanced-editorial-quota
08473fe45fb5ab9f	miscellaneous	552	retain	balanced-editorial-quota
ede1b819c2ec0eba	miscellaneous	553	exclude	quota
9a6f9b6b7bdea1e1	miscellaneous	554	exclude	quota
43d6d74c0285673a	miscellaneous	555	exclude	quota
8e2a58dc292c5000	miscellaneous	556	exclude	quota
785bfd46bd750fcc	miscellaneous	557	exclude	presentation-length
007e3723c935cfc3	miscellaneous	558	retain	balanced-editorial-quota
2e2079144bb06c97	miscellaneous	559	exclude	violence-or-death
9649f8c8ec33e76b	miscellaneous	560	exclude	quota
7360f3af4ac2e238	miscellaneous	561	retain	balanced-editorial-quota
5c7d378a6186dc62	miscellaneous	562	exclude	presentation-length
473e050201b1e0b9	miscellaneous	563	exclude	quota
f66d2985aa96a093	miscellaneous	564	exclude	quota
07ab926a72c53cae	miscellaneous	565	exclude	quota
3084220568441c83	miscellaneous	566	retain	balanced-editorial-quota
81580e03de522ffa	miscellaneous	567	exclude	violence-or-death
8fbc003a378b2088	miscellaneous	568	exclude	quota
25ae960a599e619e	miscellaneous	569	exclude	quota
1622034aa62a7322	miscellaneous	570	exclude	quota
9358c415f82ead9c	miscellaneous	571	retain	balanced-editorial-quota
8e39c043e4028920	miscellaneous	572	exclude	quota
e233f9374af08fe1	miscellaneous	573	exclude	quota
bb48541cdb40eacb	miscellaneous	574	retain	balanced-editorial-quota
e8552da085a6f57e	miscellaneous	575	retain	balanced-editorial-quota
6c56db2af9286f2d	miscellaneous	576	exclude	quota
3f6ed845a70dc3c6	miscellaneous	577	exclude	presentation-length
d216e192bc55bc3d	miscellaneous	578	exclude	quota
f069541025ae59cc	miscellaneous	579	exclude	presentation-length
a14e4cedfccca40c	miscellaneous	580	exclude	quota
03758f35234a0690	miscellaneous	581	exclude	quota
920c039c39fc12fa	miscellaneous	582	exclude	quota
48ad583342939d65	miscellaneous	583	exclude	violence-or-death
1f408083aca60890	miscellaneous	584	exclude	quota
22617352bcbbb977	miscellaneous	585	exclude	presentation-length
36dad9a2d78a6baf	miscellaneous	586	exclude	presentation-length
42c51716fb28f143	miscellaneous	587	exclude	quota
ab062088eb18626b	miscellaneous	588	retain	balanced-editorial-quota
0d77caab9e61c830	miscellaneous	589	exclude	violence-or-death
bdd733e6f785fa1b	miscellaneous	590	exclude	quota
d8ebd18190edc4c2	miscellaneous	591	exclude	quota
76444bde7d646be3	miscellaneous	592	exclude	quota
0295e9792b3a0703	miscellaneous	593	exclude	quota
ceb321d9152d3e2c	miscellaneous	594	exclude	quota
f0bc3cd3193be914	miscellaneous	595	exclude	quota
0676c507bbc5831f	miscellaneous	596	exclude	quota
706d41d3ecc59186	miscellaneous	597	exclude	quota
03de42f3f77c29d4	miscellaneous	598	exclude	quota
7d7908a6abe91a3c	miscellaneous	599	exclude	violence-or-death
bbb29c337071e787	miscellaneous	600	exclude	violence-or-death
c66624c33ee4d491	miscellaneous	601	exclude	quota
b30a537839b4b285	miscellaneous	602	exclude	quota
544a3d7b92e7f851	miscellaneous	603	exclude	presentation-length
1e666674310a57d2	miscellaneous	604	exclude	quota
52a22ca1d356be90	miscellaneous	605	exclude	quota
3536b85eefc414a0	miscellaneous	606	retain	balanced-editorial-quota
472a76ee33c84613	miscellaneous	607	exclude	quota
bcabea8383b67aca	miscellaneous	608	retain	balanced-editorial-quota
570543736082dd15	miscellaneous	609	exclude	quota
4b53eba1b7200d34	miscellaneous	610	exclude	quota
89f082713fb91e6f	miscellaneous	611	exclude	quota
4a69da4c63859518	miscellaneous	612	exclude	quota
ef0bc6096defec30	miscellaneous	613	exclude	quota
bd97d136dd6ffea8	miscellaneous	614	retain	balanced-editorial-quota
d360a066290f4c25	miscellaneous	615	retain	balanced-editorial-quota
95e8b5480b106ba6	miscellaneous	616	retain	balanced-editorial-quota
a2641463873a11e8	miscellaneous	617	exclude	quota
e3f76e08f8da7f48	miscellaneous	618	exclude	quota
357c59ae7c74ce24	miscellaneous	619	retain	balanced-editorial-quota
52b60e78d63dd02e	miscellaneous	620	exclude	quota
0e2db4cafb0f5a97	miscellaneous	621	exclude	quota
d08922a3a748fad0	miscellaneous	622	exclude	presentation-length
80495816f7f22157	miscellaneous	623	exclude	presentation-length
d7424f27b679c917	miscellaneous	624	exclude	quota
ffa6ba6b9e2bcfda	miscellaneous	625	exclude	violence-or-death
04474874aa658806	miscellaneous	626	exclude	quota
0ea0556663cfad6c	miscellaneous	627	exclude	quota
8e77413fbd6aba56	miscellaneous	628	retain	balanced-editorial-quota
3d45f993194041b7	miscellaneous	629	retain	balanced-editorial-quota
233ac76b487dadce	miscellaneous	630	exclude	quota
2e85e3ae06a7b81e	miscellaneous	631	retain	balanced-editorial-quota
4bdc72f4c37156ae	miscellaneous	632	exclude	quota
005f4cd215f69064	miscellaneous	633	retain	balanced-editorial-quota
177f36a0129de7e6	miscellaneous	634	exclude	quota
004139413722a91a	miscellaneous	635	exclude	quota
458f0f26ef268bb3	miscellaneous	636	exclude	quota
df4c10b624cd7060	miscellaneous	637	exclude	quota
b8358e673bc6dab7	miscellaneous	638	exclude	quota
959e683ca7563084	miscellaneous	639	exclude	presentation-length
e4683541a9d971c1	miscellaneous	640	exclude	presentation-length
0c07aadffbc266e7	miscellaneous	641	exclude	quota
adb2e17e4e05533d	miscellaneous	642	retain	balanced-editorial-quota
cd41088b8eb308a5	miscellaneous	643	exclude	unsafe-character
22e2e5e4444fbe5c	miscellaneous	644	exclude	presentation-length
f8fa20cc87055733	news	1	exclude	quota
3b7c06fd1aea1ace	news	2	exclude	quota
f7501f1b2227c835	news	3	retain	balanced-editorial-quota
f444132631bbfa4a	news	4	exclude	presentation-length
5e88fd80880492e5	news	5	exclude	violence-or-death
40588391fcb243e3	news	6	exclude	violence-or-death
c66cbc8c0d1038bc	news	7	exclude	violence-or-death
9740a272fbb3a1b5	news	8	exclude	quota
ff7fdb86d065ed14	news	9	exclude	violence-or-death
807652872dedd6ba	news	10	exclude	quota
45054acebf5058a0	news	11	exclude	ethnic-stereotype
55f7554d5a0382b0	news	12	exclude	violence-or-death
c5482c3fb9424ea2	news	13	exclude	quota
1e79b56bf00a83a9	news	14	retain	balanced-editorial-quota
de14a0643db9afc0	news	15	exclude	quota
35efdcde8cc2b57a	news	16	exclude	violence-or-death
8ac3c8ac55f20048	news	17	retain	balanced-editorial-quota
078d169d062031f8	news	18	retain	balanced-editorial-quota
8b891ad4f9d174b2	news	19	exclude	quota
ea8f228973630163	news	20	exclude	violence-or-death
549ddc479d577785	news	21	exclude	quota
9ccf5497973497d1	news	22	exclude	quota
cab7a994d44ad40c	news	23	exclude	violence-or-death
0f3ea2574aa8ac83	news	24	exclude	quota
7547c122333328df	news	25	retain	balanced-editorial-quota
0b0fceb0aea44714	news	26	retain	balanced-editorial-quota
f9a753cd9ada01bc	news	27	exclude	quota
ddd19cf29cd3cf6d	news	28	exclude	quota
8a532b014f092c63	news	29	exclude	quota
7236629fb215ebec	news	30	exclude	violence-or-death
8992c156b1286af3	news	31	exclude	quota
c17447e437428f90	news	32	exclude	quota
b9cfed458f403604	news	33	retain	balanced-editorial-quota
5d189b92e4afcb50	news	34	exclude	unsafe-character
791e2be4ae562f13	news	35	retain	balanced-editorial-quota
36522a237d785248	news	36	retain	balanced-editorial-quota
54fcbaeebdeda5cb	news	37	exclude	presentation-length
012db0abdb328273	news	38	exclude	violence-or-death
174ef0740451361b	news	39	retain	balanced-editorial-quota
92681c845c0487bc	news	40	retain	balanced-editorial-quota
25c00e1c9e6856df	news	41	exclude	violence-or-death
7a60055cfec3bfa1	news	42	exclude	quota
98ab237fe7f7be85	news	43	exclude	quota
55681e5ef810959f	news	44	retain	balanced-editorial-quota
3b2312a09c27642e	news	45	exclude	quota
ce2263c720ee6236	news	46	exclude	quota
47e4a5fdac3178b6	news	47	exclude	duplicate
920e176ee876d7bf	news	48	exclude	quota
6c2f9a2689b0a152	news	49	retain	balanced-editorial-quota
4e1ca1f0c6464e89	news	50	retain	balanced-editorial-quota
96eaf73b51466437	news	51	retain	balanced-editorial-quota
715d1afa4deb01a7	news	52	exclude	quota
9d7df538bbefdb72	news	53	exclude	quota
a9057c3bdc40c14c	people	1	exclude	quota
d044a3a578a32ec6	people	2	retain	balanced-editorial-quota
4ca7d58c4120d45e	people	3	exclude	quota
b54a5e229ff3b3d9	people	4	exclude	quota
584535c084b552d1	people	5	exclude	quota
95f0fe5ae423c983	people	6	exclude	quota
276e4d0e9e2a7dc1	people	7	exclude	quota
e5ba3a427dd61884	people	8	exclude	quota
3e84eba4ae197c98	people	9	exclude	quota
1eb0ef1dae94594a	people	10	exclude	quota
054051a64e1138bf	people	11	exclude	presentation-length
9d6f547e00d9e632	people	12	exclude	quota
234a7d18876346b6	people	13	exclude	violence-or-death
d1c3f178077721e9	people	14	exclude	quota
bb6b7bf15d8b7f96	people	15	exclude	final-corpus-trim
f4f1a50d295b5386	people	16	exclude	quota
6836fa6717a54d99	people	17	exclude	quota
9e7423a925a3a512	people	18	exclude	quota
72b712131897849f	people	19	exclude	quota
2473409cc1ee68a1	people	20	exclude	quota
44f7170271229222	people	21	exclude	quota
eb2ea94065cade8d	people	22	retain	balanced-editorial-quota
1235db3b3e25d6c8	people	23	exclude	violence-or-death
565e35f2bbaa841d	people	24	exclude	quota
f0ad60d964a4146a	people	25	retain	balanced-editorial-quota
e889302df8600335	people	26	retain	balanced-editorial-quota
692ba39c5e756ca2	people	27	exclude	quota
c331f58dbf1d2872	people	28	exclude	quota
c43462bec3b07476	people	29	exclude	quota
fee887f6cda28e25	people	30	exclude	quota
568b8a69a740c058	people	31	retain	balanced-editorial-quota
e8c422d0e3a8df08	people	32	exclude	quota
54410affe5f9d8ac	people	33	exclude	quota
cb449253c663638a	people	34	exclude	quota
dea64fb4b5cddae0	people	35	exclude	quota
fecf0c49c50d0881	people	36	exclude	quota
c28e6d71df89a80c	people	37	exclude	quota
0977ba1ad862d169	people	38	exclude	quota
a2476f3117045e3e	people	39	exclude	quota
37f064b7f85b12a8	people	40	exclude	quota
a15fee4bc414e731	people	41	exclude	violence-or-death
98bc635dc985104d	people	42	exclude	quota
06298fca59980b56	people	43	exclude	violence-or-death
76f986cfcefefc59	people	44	exclude	quota
0e91620cd415c776	people	45	retain	balanced-editorial-quota
9be22e23e83cddfa	people	46	exclude	quota
e7a4b68e8930575b	people	47	exclude	quota
0e43497bed70824c	people	48	exclude	quota
9af83ced24925d1f	people	49	exclude	quota
8dcd0866bc8377a3	people	50	exclude	quota
68f2e1e1d7649899	people	51	exclude	quota
d7f83272984ff3e0	people	52	exclude	quota
90e8e1fc389b5781	people	53	retain	balanced-editorial-quota
342307808ee9af88	people	54	retain	balanced-editorial-quota
199ffaa5e9e433dc	people	55	exclude	violence-or-death
7a2b9de4003db553	people	56	exclude	quota
7a04f52ca1c6f785	people	57	retain	balanced-editorial-quota
0cf8b0a751b3fda4	people	58	retain	balanced-editorial-quota
ad6293ed3432e719	people	59	exclude	quota
8b702fb38e0a3546	people	60	exclude	violence-or-death
d69757f2deea0c77	people	61	exclude	quota
fc7322c96c9971ce	people	62	retain	balanced-editorial-quota
e11882e9f169f670	people	63	exclude	quota
32d70a6b2f0f2379	people	64	exclude	final-corpus-trim
5192aaa7341cb693	people	65	exclude	quota
ecc2bf14f11a545f	people	66	exclude	quota
3ed9277e6d9bf2d1	people	67	exclude	quota
f5d675d430fb5800	people	68	exclude	quota
7588602ef53888d0	people	69	exclude	quota
ad41e67d6809e4c2	people	70	exclude	quota
594428f740f9a7bb	people	71	retain	balanced-editorial-quota
89ca70ebf43074b2	people	72	retain	balanced-editorial-quota
867184201c809623	people	73	exclude	quota
95bb3f61efafe598	people	74	retain	balanced-editorial-quota
af2c955a9ff0579b	people	75	exclude	quota
bc021bdb0d101095	people	76	exclude	quota
69c1853b0f0b16a1	people	77	exclude	quota
558834feb3192af7	people	78	exclude	presentation-length
0a6de76e53c7a321	people	79	exclude	quota
a2d30b0e33d2b336	people	80	retain	balanced-editorial-quota
f91fd88eb2639062	people	81	exclude	quota
45792c00d3e68186	people	82	exclude	quota
0097ad05b35d1ada	people	83	exclude	quota
34a0aaf6a26f8d95	people	84	exclude	quota
444a39c73a61859f	people	85	exclude	quota
3e3d6666713ece00	people	86	exclude	quota
7e42578e1030f9cc	people	87	exclude	quota
1150be2ed07fbc8f	people	88	exclude	sexual-or-identity-harm
b1428cda470173a3	people	89	exclude	quota
e91a83f12a689563	people	90	exclude	quota
69c3dec04ed82cb2	people	91	exclude	violence-or-death
046a34842ce4cdc9	people	92	exclude	quota
853b9eaa6bc6beb1	people	93	exclude	quota
e4b3966985755344	people	94	exclude	violence-or-death
bf2579632596b1c6	people	95	exclude	quota
ef24f299c648b347	people	96	exclude	quota
0bc9074c451afc19	people	97	exclude	quota
542d8b04a44364e3	people	98	exclude	quota
c284f0855cc17d38	people	99	exclude	quota
e59c0fcb0e813c88	people	100	retain	balanced-editorial-quota
8c8afae9eef80be4	people	101	exclude	quota
8a89e1fc51ef28fb	people	102	exclude	quota
5a777931f782e0d1	people	103	exclude	final-corpus-trim
78a16b5907929c02	people	104	retain	balanced-editorial-quota
43f730b831c8c678	people	105	exclude	quota
bb41c2a0ef149f95	people	106	exclude	quota
4fcd9c536fd28a08	people	107	exclude	violence-or-death
aa2f2ce855c8a497	people	108	exclude	quota
02fe3cc67cbeb00e	people	109	exclude	quota
be6b76a5b25c8e83	people	110	exclude	quota
ebd1afa8ce711dff	people	111	exclude	quota
34dddbcf418a3480	people	112	exclude	violence-or-death
6f2fac19253ec822	people	113	exclude	presentation-length
4de1adb983ac231a	people	114	exclude	quota
90bef86242fa61d9	people	115	exclude	quota
7108a8f67c2ec5e0	people	116	exclude	quota
1c745ebf466136f1	people	117	exclude	violence-or-death
aa002b8ad3eeec59	people	118	exclude	quota
82ba3af75a9273a8	people	119	retain	balanced-editorial-quota
26c759f9c7aa2aa3	people	120	exclude	violence-or-death
4abfe493a79732f7	people	121	exclude	quota
5ad9cc7b31bc7a60	people	122	exclude	quota
122fec7e65570908	people	123	exclude	quota
6bc7df374490a463	people	124	retain	balanced-editorial-quota
88b46377a442eff8	people	125	retain	balanced-editorial-quota
4b7deb1d4bfa5639	people	126	exclude	quota
083eb87161d9492f	people	127	exclude	quota
99154046d406aa69	people	128	exclude	quota
097e4eeb844d7018	people	129	exclude	quota
7b2406737b3cc792	people	130	exclude	quota
61a3d09f1e39b887	people	131	exclude	quota
529fbcc34062246c	people	132	exclude	quota
c34e65930b61fe39	people	133	exclude	quota
b0d11b3936c1af0f	people	134	exclude	quota
a8551df2be7c5513	people	135	retain	balanced-editorial-quota
a6ea1797194dd663	people	136	exclude	quota
d67d1b26fa46cc37	people	137	exclude	quota
720c0fdd7863816d	people	138	exclude	quota
c6d775b0dfb0cbeb	people	139	retain	balanced-editorial-quota
3ed58519036f31af	people	140	exclude	quota
d21c9beb218f81d8	people	141	exclude	quota
67aa087c7a9463f9	people	142	exclude	quota
a178ddab14c1c488	people	143	exclude	quota
7b92ef37512b03d0	people	144	exclude	quota
d0e87eb9e90a6168	people	145	exclude	quota
38dc7ea75e6cc0f4	people	146	exclude	quota
04e3b884e16a0713	people	147	exclude	quota
2d5755ee0545e3a9	people	148	exclude	quota
697d73bb750c24a8	people	149	exclude	quota
5e9b4ce25f0f4cb1	people	150	exclude	quota
3bffd24f6448adb8	people	151	exclude	violence-or-death
18734b715ea153d0	people	152	exclude	quota
c731e9841f460f11	people	153	exclude	violence-or-death
fd1462310dd9c1be	people	154	exclude	quota
cf866fbbd3ddd23a	people	155	retain	balanced-editorial-quota
4075e974b6c5120d	people	156	exclude	quota
d88060b3bc5d1827	people	157	exclude	quota
b805dcef076c85fc	people	158	exclude	quota
b0af3da100ba27a2	people	159	exclude	quota
87860933e5bd0a08	people	160	exclude	quota
55f3a1a7e464cf7f	people	161	retain	balanced-editorial-quota
b9b7a30526882ad9	people	162	exclude	quota
9ce369fdc229754d	people	163	exclude	quota
a0d339f6254d9dc7	people	164	exclude	quota
0816b5166dc6b77d	people	165	exclude	quota
42092e7fdf18d199	people	166	exclude	violence-or-death
458faebd6d1d2ef4	people	167	exclude	quota
0a3bbccf64ebe897	people	168	exclude	presentation-length
d22f587d390da735	people	169	exclude	quota
6263a8927d6a4f8a	people	170	exclude	quota
d64d7a1ffbf7ae0f	people	171	retain	balanced-editorial-quota
4262e05638b977bb	people	172	exclude	quota
b6d49d4f78927cb7	people	173	exclude	quota
2b2f2d2451d39dbb	people	174	exclude	quota
c16fa9a7a52e1be2	people	175	exclude	quota
5958ae4bc2196cd4	people	176	exclude	quota
6058be0ffe5f924b	people	177	exclude	quota
1189f73afa82601b	people	178	exclude	quota
c8e07a9cdd04ea07	people	179	exclude	quota
6055e720a2d2bafb	people	180	exclude	quota
ea35cb44ace83bb4	people	181	retain	balanced-editorial-quota
507d3cdc94975b55	people	182	exclude	quota
fc45e12772844a4e	people	183	exclude	quota
afbcbc71ba10dd56	people	184	retain	balanced-editorial-quota
3d3a9081d0437a5f	people	185	exclude	quota
e3aa26fab05fcbba	people	186	exclude	quota
3b3e868366a01f3c	people	187	exclude	quota
3c5dc6fc4be3e733	people	188	retain	balanced-editorial-quota
c46d608b50d0a64e	people	189	exclude	quota
5fd7230234b84c25	people	190	exclude	quota
8229b2044275e87f	people	191	exclude	quota
fc9d91aca4d2d570	people	192	exclude	quota
33810dea277adcf1	people	193	exclude	quota
ec9ab585f2c04878	people	194	exclude	quota
f39a51374ebd6000	people	195	retain	balanced-editorial-quota
dc7f296723dffe9f	people	196	exclude	quota
80110cac71280e59	people	197	exclude	quota
6ae00f6e4601492b	people	198	exclude	quota
fdf2224ae3ed50bb	people	199	exclude	quota
e54bef629ae5d0f8	people	200	exclude	violence-or-death
2e87469bd67e33f3	people	201	exclude	violence-or-death
36bf318f6a0c01be	people	202	exclude	quota
da84f6a748f32a01	people	203	exclude	quota
957d82e5d27beda8	people	204	exclude	violence-or-death
779896a5229e38bc	people	205	exclude	quota
b04fecad13994823	people	206	exclude	presentation-length
ff56a8428fcd6029	people	207	retain	balanced-editorial-quota
c36ebe87c28f220f	people	208	exclude	quota
52208da407cd2fda	people	209	exclude	quota
bcbe658a63a7e236	people	210	exclude	quota
921b44508b74d070	people	211	exclude	quota
5a0a2425ddf1ca82	people	212	exclude	quota
01beff5d949c1ec6	people	213	retain	balanced-editorial-quota
d6f8d41a61c534db	people	214	exclude	quota
75f51be3bd3dc591	people	215	exclude	quota
4a07e23d4b057cf8	people	216	exclude	quota
7afa13905dfb508b	people	217	retain	balanced-editorial-quota
a022acab1c1e5cdb	people	218	exclude	quota
441c5774f3a20515	people	219	exclude	quota
8d59f7ecab30ccc6	people	220	retain	balanced-editorial-quota
127aa4f7392dcfa1	people	221	exclude	quota
0721281236b02110	people	222	exclude	quota
47d7876cd2438a6c	people	223	exclude	quota
bab26295d8f7e401	people	224	exclude	quota
1e5792f8121e59fb	people	225	exclude	quota
ba217217cccdf605	people	226	exclude	violence-or-death
613087ca492e4ddf	people	227	exclude	quota
e5821b4570ee5d0e	people	228	exclude	quota
268365f059cc4603	people	229	retain	balanced-editorial-quota
c80773ae645195ce	people	230	exclude	quota
4f2c06712babc9a5	people	231	exclude	quota
c0cdc3d7e02b0991	people	232	exclude	quota
19818cb7b99ed7cb	people	233	exclude	quota
0bc710d573bca595	people	234	retain	balanced-editorial-quota
b5548e7e6523669e	people	235	exclude	quota
fb62b479ff34e2f9	people	236	exclude	quota
6a372932c0ccbabf	people	237	exclude	quota
b303f643183da416	people	238	exclude	quota
6d43e2f6cb697ca3	people	239	exclude	quota
94a102340fee2701	people	240	exclude	unsafe-character
bdc87f7f2bd39b71	people	241	exclude	quota
400a77efe7049747	people	242	exclude	quota
7cc1f2fae41673f1	people	243	exclude	quota
c049dc5005c68298	people	244	exclude	quota
2e8e52a2f5ac8d57	people	245	retain	balanced-editorial-quota
ef133ccc6c24ffda	people	246	exclude	quota
3278c687126e729c	people	247	exclude	quota
0522964b7a3a3ed8	people	248	exclude	quota
29bcfb4d65b8453d	people	249	exclude	quota
47a8c305f80218e4	people	250	exclude	quota
685a8cf8f83c15e4	people	251	exclude	presentation-length
7d7e8f6909523951	people	252	exclude	quota
974d0f3af28396b9	people	253	exclude	presentation-length
e56110c3c6c69b4b	people	254	exclude	quota
a2994b4a9979acb2	people	255	exclude	quota
eca89c73af9a9a69	people	256	retain	balanced-editorial-quota
c2282992f29d98cc	people	257	exclude	quota
d7a8b722b9090d8a	people	258	exclude	quota
4e2953ec390abe74	people	259	exclude	violence-or-death
5e5946f89f43e7f2	people	260	exclude	quota
817523837f878113	people	261	exclude	quota
c9e40f931049ad4f	people	262	exclude	final-corpus-trim
33c1092f2a0a2172	people	263	exclude	quota
d19fb629c83646f3	people	264	exclude	quota
b131a262193bab20	people	265	exclude	unsafe-character
9fc4bbbfc4349df9	people	266	exclude	quota
4eec3260c4d50067	people	267	retain	balanced-editorial-quota
ef1323761adfdf12	people	268	exclude	quota
dc21f4065bffa625	people	269	exclude	quota
1f26718461cfa2f8	people	270	exclude	quota
aad09d038169061a	people	271	exclude	quota
846b7d139584a8ce	people	272	exclude	quota
e040a0c74a6a3f44	people	273	retain	balanced-editorial-quota
514294c8d7ca03f9	people	274	exclude	quota
a02a29dc54746ad3	people	275	exclude	quota
3a4fbf6fe95f7985	people	276	retain	balanced-editorial-quota
8def8bc6109349b0	people	277	retain	balanced-editorial-quota
671c337d706a2ad1	people	278	retain	balanced-editorial-quota
858ea4e20161f27b	people	279	exclude	quota
b979f2cdad0c95e1	people	280	exclude	quota
56394aa85ac1ac1f	people	281	exclude	quota
935fd5beb524166f	people	282	exclude	violence-or-death
1a07b1536cd4da7c	people	283	exclude	quota
a2b1882f5261072e	people	284	exclude	quota
808b644983682227	people	285	exclude	quota
49fa2580b8b4467d	people	286	exclude	quota
6ea1b076ef9acadc	people	287	exclude	quota
601e7d5bc6589305	people	288	retain	balanced-editorial-quota
0610916e61c76132	people	289	exclude	quota
3f4f83396c6ec5dd	people	290	exclude	quota
bacc8f6a809e8e0a	people	291	exclude	quota
684e38ca075067fd	people	292	retain	balanced-editorial-quota
d6e33747cb0d0bfd	people	293	exclude	quota
c20932601fe3d0e8	people	294	exclude	quota
d7ae851829c60374	people	295	exclude	violence-or-death
161d9df7c1166d5a	people	296	exclude	quota
5614278ef74674a4	people	297	exclude	quota
cd7d47ae2ab2d9d2	people	298	exclude	quota
652752c6d79107a4	people	299	exclude	quota
7b76c7d7279d8b84	people	300	exclude	quota
8ff27ede9c55f3f9	people	301	exclude	quota
a080737057adaef2	people	302	exclude	violence-or-death
85b4677a2452c2ac	people	303	exclude	quota
22fb14c297d1ef28	people	304	retain	balanced-editorial-quota
da0a76817df1533f	people	305	exclude	quota
ac9003c206ddbb7a	people	306	exclude	quota
64d054ad0442c63c	people	307	exclude	quota
3a1ff3aae70bc8e2	people	308	retain	balanced-editorial-quota
731bdbfdbb92c7fd	people	309	exclude	quota
8da62186e2d52ac5	people	310	retain	balanced-editorial-quota
fa46ae6394fcd282	people	311	exclude	quota
013e873808c3b5aa	people	312	exclude	quota
27879ae90044be9b	people	313	exclude	quota
61a6fad7b311a742	people	314	exclude	quota
4103b07625067020	people	315	retain	balanced-editorial-quota
73653bd7cdded9aa	people	316	exclude	quota
66380ffc3fe73b31	people	317	exclude	quota
3d08da5b1793817c	people	318	retain	balanced-editorial-quota
5f0b8e31a158e216	people	319	exclude	violence-or-death
2e199d890e979940	people	320	exclude	quota
285c3d1809137e4b	people	321	exclude	quota
b89cf74266a896c3	people	322	exclude	quota
4ec5ad0b625caeb1	people	323	exclude	quota
9f5b7d609e923cba	people	324	exclude	quota
5c8e1c37692e771a	people	325	exclude	quota
09a452a524ac3b3f	people	326	exclude	quota
b2d9b67e6d19ccb5	people	327	retain	balanced-editorial-quota
19c188639e29b090	people	328	exclude	quota
b399ec8613041c88	people	329	retain	balanced-editorial-quota
9a924cb65a261149	people	330	exclude	quota
252285a8b9224c7f	people	331	exclude	quota
f24bfd3f062e31d4	people	332	exclude	quota
0ff6f550d3fd7225	people	333	exclude	quota
e705e718bcfd362e	people	334	exclude	quota
9c5f25ffce0670c9	people	335	retain	balanced-editorial-quota
d838685e67a5b807	people	336	exclude	quota
5c8331d7b53f54f8	people	337	exclude	quota
da682413dc38a0e0	people	338	retain	balanced-editorial-quota
4b6e12f797d3208a	people	339	retain	balanced-editorial-quota
e8080b10476fddbe	people	340	retain	balanced-editorial-quota
011c73e85ba88041	people	341	retain	balanced-editorial-quota
be9dce4bc8651a45	people	342	exclude	quota
ed8e95671ece771a	people	343	exclude	quota
75639d63bc97747b	people	344	exclude	quota
499cbaf1a1db4730	people	345	retain	balanced-editorial-quota
8cf0d7dde63766ef	people	346	retain	balanced-editorial-quota
5ccbbcf1c307e98e	people	347	exclude	quota
e1d6bc872fe6c4da	people	348	exclude	quota
1b8b69e4578f7566	people	349	retain	balanced-editorial-quota
79eeff8232f28c0a	people	350	exclude	quota
b4ebb3b766466764	people	351	exclude	quota
ef05e56bb3addc7b	people	352	exclude	quota
1ae21cef13c12ab3	people	353	exclude	quota
feb5a1aba5385820	people	354	exclude	quota
1b4d290f5212eadd	people	355	exclude	quota
942c5219d88a5588	people	356	retain	balanced-editorial-quota
3a4a42b1f77d76f0	people	357	retain	balanced-editorial-quota
797c81264d3a1129	people	358	exclude	violence-or-death
f56682a9b2044d01	people	359	exclude	quota
2e6d8c120588eb0c	people	360	exclude	quota
2db5ecb40aba7fa9	people	361	exclude	quota
72a2f48e8303bf41	people	362	exclude	quota
cf2cb9cac7baa46a	people	363	exclude	quota
438fb1db723e0627	people	364	retain	balanced-editorial-quota
06413b58dc0a0c53	people	365	exclude	quota
4b6f59ddf51e718d	people	366	exclude	quota
527ba7d08459b95e	people	367	exclude	quota
4311f07ac6549517	people	368	exclude	quota
12e56a750d1064e0	people	369	exclude	quota
f3f779ef38837955	people	370	exclude	quota
14fc63b09c3c91ee	people	371	exclude	quota
92914892e0c637e9	people	372	exclude	quota
b9484aff6c9adfc5	people	373	exclude	quota
9ebaa285b431fa03	people	374	exclude	quota
f13e0624da97015f	people	375	exclude	quota
80054b8ba4f8c9ba	people	376	exclude	quota
47fa17bfcdb8b4b3	people	377	exclude	quota
9833430edecf5565	people	378	exclude	quota
ec54f9a020f1c785	people	379	exclude	quota
2cefeb5d7f56de24	people	380	exclude	quota
9b15d15fc06dcdd7	people	381	exclude	violence-or-death
3eb0f0875874dc1c	people	382	exclude	quota
9023f3d75bd4ee36	people	383	exclude	quota
ba465455afd8cab6	people	384	exclude	quota
7990c5633e3be2c3	people	385	exclude	quota
61a45529cd75690e	people	386	exclude	quota
d3633d4b81560431	people	387	exclude	quota
2818873c58566172	people	388	exclude	quota
89077c860eadb894	people	389	exclude	quota
84ae6379b45e7f4b	people	390	exclude	quota
8738865e7e8cd3b2	people	391	exclude	violence-or-death
852e69da8bdd9f1a	people	392	exclude	quota
f3e7b8e381807c3a	people	393	exclude	quota
8858631a295fef3e	people	394	exclude	quota
5a11560522aa9709	people	395	exclude	quota
3d983faf653b1bc8	people	396	retain	balanced-editorial-quota
754595aebee877ad	people	397	exclude	quota
257fa2b84afbbfdc	people	398	exclude	quota
6d053f736f9583bc	people	399	exclude	quota
1458c1c1e732e596	people	400	retain	balanced-editorial-quota
97b42c94ede63a2f	people	401	exclude	quota
c75a5572b8a3a7b0	people	402	retain	balanced-editorial-quota
d3f443bb78f51319	people	403	retain	balanced-editorial-quota
2169632fde5c6855	people	404	exclude	quota
e900b63f2c4feaec	people	405	exclude	quota
1fa941732e98ed3f	people	406	exclude	quota
9afcfa1203470ef8	people	407	exclude	quota
f7825a51146d7ac5	people	408	exclude	quota
13fe2c530fb26b6d	people	409	exclude	quota
0cea2e26485d4988	people	410	exclude	quota
a9661e4d9b287275	people	411	exclude	quota
b629285b800c981e	people	412	exclude	quota
6b9f4897c8e62d3c	people	413	exclude	quota
fed5f93b9f8e3a26	people	414	exclude	quota
582aaba07d9aaadc	people	415	exclude	quota
cc9bf07db4905d04	people	416	exclude	violence-or-death
9e2200907834630a	people	417	exclude	quota
4dd5699f3eebe0fa	people	418	exclude	presentation-length
c968b37fedfe4cce	people	419	exclude	quota
232bd1b7a69c4c86	people	420	exclude	quota
5274fb782f082e98	people	421	exclude	quota
d2f454e3c3bddfba	people	422	exclude	violence-or-death
56cd1e4943dee24f	people	423	exclude	quota
8a3d8c5c2afbc866	people	424	exclude	quota
4820215711196020	people	425	exclude	quota
764397de2f3727eb	people	426	exclude	quota
60a28a8a38cc3514	people	427	exclude	quota
f6bfe0cacf1797b3	people	428	exclude	quota
1ca337dc916372e4	people	429	exclude	quota
052e5977f5355b90	people	430	exclude	quota
7d1052bb081d96f6	people	431	retain	balanced-editorial-quota
5a89e79a55ef9ea7	people	432	exclude	quota
7d2ad8ad0a945706	people	433	exclude	violence-or-death
0e101efb66b739b7	people	434	exclude	quota
daa9ddd8eb693e8e	people	435	exclude	quota
3efe7d2a76538348	people	436	exclude	quota
c41e68e9c89c0385	people	437	exclude	unsafe-character
436516fb5ec5d4a7	people	438	exclude	quota
8499513dfb84986b	people	439	exclude	quota
507d53822b1cbee0	people	440	exclude	quota
04cbec885799d4af	people	441	retain	balanced-editorial-quota
3060616730f4d84b	people	442	exclude	quota
2cf9edbc3aab1f59	people	443	exclude	quota
ec067c5f94ad29b1	people	444	retain	balanced-editorial-quota
787f9c7fd9be1ba9	people	445	exclude	quota
1393d58802dcafcd	people	446	exclude	quota
541d2538a0a51e07	people	447	exclude	quota
22c81b767a6f2dcc	people	448	exclude	quota
c1910d23d34ffa13	people	449	retain	balanced-editorial-quota
4f36ac1c88c64242	people	450	exclude	sexual-or-identity-harm
5dfa86f4c9b0b973	people	451	exclude	quota
ec845c79df7f7d00	people	452	exclude	sexual-or-identity-harm
ab4b5793fa136590	people	453	exclude	quota
ee562ef1fb9053cc	people	454	exclude	quota
3f24c42bca16eea1	people	455	exclude	quota
44aee708907fe2a4	people	456	exclude	quota
1cd95583d70b7e03	people	457	exclude	quota
82769c9fa418bd3a	people	458	exclude	quota
707a2b1a3c6383e2	people	459	retain	balanced-editorial-quota
7ea3e8a1e088b334	people	460	retain	balanced-editorial-quota
67c787cace8f3bc3	people	461	retain	balanced-editorial-quota
4a282cec95025869	people	462	exclude	quota
dd4bfb6561b94914	people	463	retain	balanced-editorial-quota
ab2d60e1b380fe70	people	464	exclude	quota
6ec652dab8a24724	people	465	exclude	violence-or-death
51637795f925b49e	people	466	retain	balanced-editorial-quota
52d4dddd68af03ab	people	467	retain	balanced-editorial-quota
277f2c38bb42d40c	people	468	retain	balanced-editorial-quota
74ad319ea1af93da	people	469	exclude	quota
2a708fe691a1a566	people	470	exclude	quota
508606091908234e	people	471	retain	balanced-editorial-quota
489cba24f6e3999b	people	472	retain	balanced-editorial-quota
53b96c38ae2378cd	people	473	retain	balanced-editorial-quota
9ad9d4dd29a6a2b2	people	474	retain	balanced-editorial-quota
806b717f270557ea	people	475	exclude	quota
15d4e78dc7c91678	people	476	retain	balanced-editorial-quota
294b5d2185484e6d	people	477	retain	balanced-editorial-quota
33807c0e030f6166	people	478	exclude	quota
ebd580635cfb04c2	people	479	exclude	quota
04325107d69e24a5	people	480	exclude	quota
6095919a61db72ba	people	481	exclude	quota
8a7b37da4aee4472	people	482	exclude	quota
805aeede19a6ecb1	people	483	exclude	quota
2a9a0313ad50fa87	people	484	exclude	quota
5ecf37a5d9b2166f	people	485	exclude	quota
9479feab6dd1828a	people	486	retain	balanced-editorial-quota
0d656fc73d8c5109	people	487	exclude	quota
ee2b7e05663d4004	people	488	exclude	quota
31032ea9275e7ed9	people	489	exclude	quota
7f5e5a2ab9b712cd	people	490	exclude	quota
6fca0f199f90a9b1	people	491	retain	balanced-editorial-quota
073de697ae9bea6e	people	492	exclude	quota
b3e85b47c33fbd60	people	493	exclude	quota
55034fbb88624df8	people	494	exclude	quota
de3357353a767348	people	495	exclude	quota
861ea1000067e2bb	people	496	exclude	quota
4c200514b1004657	people	497	exclude	quota
938365d920109d5b	people	498	exclude	quota
ba1633bd14bf6bf5	people	499	exclude	quota
a5f829335186babb	people	500	retain	balanced-editorial-quota
533ea88361a44a90	people	501	exclude	quota
4a6ac1a3c029aff5	people	502	exclude	quota
8e78f32e1e55c1d1	people	503	exclude	quota
17e17b37ad56eff3	people	504	retain	balanced-editorial-quota
f1b98f68b8321144	people	505	exclude	quota
71fb602ea8acaadb	people	506	exclude	quota
94771375efef40b3	people	507	retain	balanced-editorial-quota
1b3fd19d6bf8ade2	people	508	retain	balanced-editorial-quota
e3532707c3585fa0	people	509	retain	balanced-editorial-quota
1161fadd5475c363	people	510	retain	balanced-editorial-quota
c6b2338823067078	people	511	retain	balanced-editorial-quota
091978716923b120	people	512	retain	balanced-editorial-quota
538286a91595bc5d	people	513	exclude	quota
7a24c3e6d62c2326	people	514	exclude	quota
4a53d4b0f16ef774	people	515	exclude	quota
1e9707d38e70bc30	people	516	exclude	quota
712f52e3577e4359	people	517	exclude	quota
e774985b720ad868	people	518	retain	balanced-editorial-quota
2f29d3d4a72aff2b	people	519	exclude	quota
88fc8f754ec1c456	people	520	exclude	quota
48ac1f46396a47be	people	521	retain	balanced-editorial-quota
5253398860223414	people	522	exclude	quota
0ce827e05deaa446	people	523	retain	balanced-editorial-quota
16745e8be72d7072	people	524	exclude	quota
2c5a52453e7098d3	people	525	retain	balanced-editorial-quota
f1c7981268d36ebc	people	526	exclude	violence-or-death
9fee0ad94d9f4656	people	527	retain	balanced-editorial-quota
0009ecfaf71622ac	people	528	retain	balanced-editorial-quota
7a1614676657d04c	people	529	exclude	quota
b79e4cf0c4b3da7f	people	530	retain	balanced-editorial-quota
57efea00e08607aa	people	531	exclude	quota
0f194ee50cb6879b	people	532	exclude	quota
a50ab028f519c0c3	people	533	retain	balanced-editorial-quota
cc31d592873c9461	people	534	exclude	quota
d09e9668dd6cbc8a	people	535	exclude	quota
3985c8914285f1ac	people	536	exclude	quota
d5dd352f7a5be6e9	people	537	exclude	quota
7b71735d0a2fe874	people	538	exclude	quota
914645eecb1b0e98	people	539	exclude	quota
65699522da04c3aa	people	540	exclude	quota
c9d40d27c60fda5e	people	541	exclude	quota
fefd3e5482297734	people	542	exclude	quota
803dd65fb980e80a	people	543	exclude	final-corpus-trim
7e097e6734a8164c	people	544	exclude	quota
444ec9be483702a3	people	545	exclude	quota
6d30ae90b349ed47	people	546	exclude	quota
9c7986508b5518b0	people	547	exclude	quota
0551873d39261b05	people	548	exclude	quota
2e8a67715b07a3bb	people	549	exclude	quota
f796354594e73c13	people	550	exclude	quota
6e8a3a4cab0bc55c	people	551	retain	balanced-editorial-quota
13a43c81de1b6311	people	552	retain	balanced-editorial-quota
3551873240d8b0d0	people	553	exclude	quota
5ea5e8ce2a70739b	people	554	exclude	quota
b72d3e2d3549e919	people	555	exclude	quota
f75b249bda9e4883	people	556	exclude	quota
2e71f69eb4f70351	people	557	exclude	unsafe-character
e47083267cb76f95	people	558	retain	balanced-editorial-quota
e2895024f5d82488	people	559	exclude	quota
8863179d0eb6414b	people	560	retain	balanced-editorial-quota
3a6ae9f98bdf0262	people	561	exclude	quota
62570ed35f846226	people	562	exclude	quota
4c9863bed77011da	people	563	retain	balanced-editorial-quota
638f861866ba7cbc	people	564	exclude	quota
c2036f7c9d2caf25	people	565	exclude	violence-or-death
6d54ec4ebfbeb1b5	people	566	exclude	quota
26691ee3ab2c8871	people	567	exclude	quota
34bc47cfa149fae4	people	568	exclude	quota
65e47b4e9a1ad4f9	people	569	retain	balanced-editorial-quota
cea33dc36ae49ad0	people	570	exclude	quota
aa118247a6ca5bc1	people	571	retain	balanced-editorial-quota
d719c9a26e7776d5	people	572	exclude	quota
5d6b2c5563ec0bd5	people	573	retain	balanced-editorial-quota
a42c4924626ba1b7	people	574	exclude	quota
da0deaf28d9185dc	people	575	exclude	violence-or-death
332fada8f85165fb	people	576	exclude	violence-or-death
4b3ae663fb798fce	people	577	exclude	quota
f265fbd68ef580e2	people	578	retain	balanced-editorial-quota
6780b1f2b6fab92f	people	579	exclude	quota
1952714ec312c742	people	580	retain	balanced-editorial-quota
f6f564a4f3315a10	people	581	exclude	quota
a363208d3b2f8c3d	people	582	retain	balanced-editorial-quota
46c71edba49e1044	people	583	retain	balanced-editorial-quota
b5ed64b7a3bf1939	people	584	retain	balanced-editorial-quota
49cfac0c338780be	people	585	exclude	quota
6b67780ae68d8026	people	586	exclude	quota
78f0fa72ace9c2bb	people	587	retain	balanced-editorial-quota
10be2f5bb49dd5e9	people	588	exclude	quota
9e7e03e7c30a1e40	people	589	exclude	quota
52f392ad95f6ae0c	people	590	retain	balanced-editorial-quota
5d75bc523ed1b306	people	591	exclude	quota
b141621d67bdb613	people	592	exclude	quota
286448ad1553b987	people	593	exclude	quota
93bb13954488b949	people	594	exclude	quota
d430eef1af280b15	people	595	exclude	quota
0d3933cc9199751d	people	596	exclude	quota
8b26acd28b008d34	people	597	exclude	quota
9e5b83e2f8ebd229	people	598	exclude	quota
aa60f4c5c9662f55	people	599	retain	balanced-editorial-quota
52f9545a0df5aacc	people	600	exclude	quota
d3c2bc0bb0c57eb3	people	601	exclude	quota
8a60e1bcbcbfe40d	people	602	exclude	quota
49ff6960f9b6feb6	people	603	exclude	quota
e72b80d1a64f2fcf	people	604	exclude	quota
e3859986c3de528f	people	605	exclude	quota
cf82c4b5949c255d	people	606	retain	balanced-editorial-quota
0745e398ee5cfb32	people	607	retain	balanced-editorial-quota
378d16ab9d8a9f31	people	608	exclude	quota
6da449dcc1873196	people	609	exclude	quota
5b92099ac13c7c3e	people	610	exclude	presentation-length
cfdbb0a1336be1c2	people	611	exclude	quota
1c30c814a329cc21	people	612	exclude	quota
5732bed5ca22804d	people	613	exclude	quota
bc82181086fabfb9	people	614	exclude	quota
bb47911d3e2b7bcf	people	615	exclude	quota
e984ca83eda325bc	people	616	exclude	violence-or-death
1476d3c8666ad249	people	617	exclude	quota
c864a10c2fc3f1f9	people	618	exclude	quota
d2daa56425e180ab	people	619	exclude	quota
8eb11f6044f97290	people	620	exclude	quota
9576ef1cdc953438	people	621	retain	balanced-editorial-quota
ec3e763a418b8ab2	people	622	exclude	quota
43635a87404ad1a9	people	623	exclude	quota
61b2ce89c164d394	people	624	exclude	quota
5bfb8662b497e1d2	people	625	exclude	quota
67a4155d59e0053b	people	626	retain	balanced-editorial-quota
1b691e872bf87310	people	627	exclude	quota
b10c9d15cb157f52	people	628	retain	balanced-editorial-quota
99f66c4eedf87141	people	629	exclude	presentation-length
b5cc033154399be7	people	630	retain	balanced-editorial-quota
3908490377346b00	people	631	exclude	quota
8141946ebc9c34da	people	632	exclude	quota
025dfa18e1f9a9b1	people	633	retain	balanced-editorial-quota
64c4126ed5c10164	people	634	retain	balanced-editorial-quota
ee2b3fcb75441ea8	people	635	exclude	quota
def6bf9a0675c785	people	636	exclude	quota
0a0988439c5a747b	people	637	exclude	quota
15ff6537e0e9e00f	people	638	exclude	violence-or-death
0bb20d74480a3704	people	639	exclude	quota
f90e9e5c120ece48	people	640	retain	balanced-editorial-quota
8d9effd7fef8f7aa	people	641	retain	balanced-editorial-quota
0f0a2cab27ffcffe	people	642	exclude	quota
5a415f934953f7f7	people	643	exclude	quota
d642bb9c3ef0cd0a	people	644	exclude	quota
e147ad3a98d69ab6	people	645	exclude	quota
25949fa8fc9dbfed	people	646	exclude	quota
9d3f6db13d4109f1	people	647	exclude	quota
47e424db78edc01b	people	648	exclude	quota
0834750b7b2f7c19	people	649	exclude	quota
3554d5aeb2af5f45	people	650	exclude	quota
8b620455ed11e5d7	people	651	exclude	quota
9832ef838373d497	people	652	exclude	quota
da5a9167dfd234cf	people	653	exclude	quota
45257b23a4a6e55a	people	654	retain	balanced-editorial-quota
e31a6f58a86cc828	people	655	exclude	quota
16593fd746511a36	people	656	retain	balanced-editorial-quota
f5c9b7d1505886a2	people	657	exclude	quota
a532cc79215c111c	people	658	exclude	quota
8384be9eb3918adb	people	659	exclude	quota
e330f2f46bbe0c7c	people	660	exclude	quota
5d319af8a695b47f	people	661	exclude	quota
b2b0895c74a94fd0	people	662	exclude	quota
446f5b5722a38428	people	663	exclude	quota
7c40d1ed0862e9cc	people	664	exclude	quota
8fe6d7bc7c8fd8a3	people	665	exclude	quota
297f1fca3baa868c	people	666	exclude	quota
08f897eef022bd57	people	667	exclude	violence-or-death
89469e5af0acd708	people	668	exclude	quota
123a74fe2f3e110a	people	669	exclude	quota
42f9e002f73018d6	people	670	exclude	quota
a3ad890c411b066f	people	671	retain	balanced-editorial-quota
72b29bbf1194847c	people	672	exclude	violence-or-death
c07ba43d6fd244dc	people	673	exclude	quota
f3c89be8a4b2583e	people	674	exclude	quota
7afdbedbe4fe0023	people	675	exclude	quota
d99480024abff4dd	people	676	retain	balanced-editorial-quota
ee297b7299723af6	people	677	exclude	final-corpus-trim
275d91a884f13616	people	678	exclude	quota
c7844a12a9613292	people	679	exclude	quota
b595c26e2cbedda2	people	680	exclude	quota
e6177c04113bbed0	people	681	exclude	quota
33cfd7ebdef479eb	people	682	exclude	quota
c2310ab768f572b0	people	683	exclude	violence-or-death
7e57d39d3f02c8cf	people	684	exclude	violence-or-death
c7d30b175e7e7e6a	people	685	exclude	quota
6955c3892f7fdb18	people	686	exclude	quota
b568c80ac2c77856	people	687	retain	balanced-editorial-quota
62e4bd98cce0d137	people	688	exclude	quota
8c0b86362aaaead9	people	689	exclude	quota
a2493f5035ea12bf	people	690	exclude	quota
da6d96ceeaaef7c9	people	691	exclude	quota
e3a1da860008a21a	people	692	exclude	quota
84cc9f036acc0a74	people	693	retain	balanced-editorial-quota
b739f9caa8c11d38	people	694	exclude	quota
dc2b7f7c093809c2	people	695	exclude	quota
1e4eb72ba55b2934	people	696	exclude	violence-or-death
d4da6f2a2b6b58c3	people	697	exclude	quota
8c9770781441dd13	people	698	exclude	quota
fc7c71c0a398ee65	people	699	exclude	quota
8493f4738972d3bf	people	700	exclude	quota
ed2cf3aac68f4304	people	701	retain	balanced-editorial-quota
5ada86cd2451f77c	people	702	exclude	quota
52f4713283884ab7	people	703	exclude	quota
3e0789b31e6d7c0b	people	704	exclude	quota
f6380afcddda244d	people	705	exclude	quota
55147e606b675922	people	706	exclude	quota
dc8a6a93c033453f	people	707	exclude	quota
f4459930ccf23efb	people	708	exclude	quota
1e02089e0e32935d	people	709	exclude	quota
2e8419b4b334dbdc	people	710	retain	balanced-editorial-quota
15e9bfebbd7d473d	people	711	exclude	quota
0d18f1f8d3278a86	people	712	exclude	quota
8b634d1d80ad7c67	people	713	exclude	quota
57366e8584a611ab	people	714	exclude	quota
497b9b73e81c69ac	people	715	exclude	quota
7916bd51576d3f95	people	716	exclude	quota
ef89cc5383263be1	people	717	exclude	quota
9d1ce2b413cbef13	people	718	exclude	quota
171f8268ed63216c	people	719	exclude	quota
502e69a142616d50	people	720	exclude	quota
2e2af79ca995bc97	people	721	exclude	quota
3c5088a49b04a680	people	722	exclude	quota
206e3aa1f58209a6	people	723	exclude	quota
636c9986fafb08d7	people	724	retain	balanced-editorial-quota
6d2b70b31a607afb	people	725	exclude	quota
88060762caeaaa9e	people	726	exclude	quota
43b302a8e74cf227	people	727	exclude	quota
987f6923206711cf	people	728	exclude	quota
dcd89d5e27bf6fa5	people	729	exclude	quota
d8e721396b4a6c9e	people	730	exclude	quota
ef4243d49ad52a38	people	731	exclude	quota
217567d7c301a028	people	732	exclude	quota
efc4adab6a27474b	people	733	exclude	quota
15f746c873e14df5	people	734	exclude	quota
d33a2aa6c4598229	people	735	exclude	quota
eb7eb4a4d3fe668d	people	736	exclude	quota
de1bd59bb1ac8998	people	737	exclude	quota
cc3fc0c4bbf184b4	people	738	exclude	quota
7d72a4a427956e3c	people	739	exclude	quota
edb8007870db321e	people	740	exclude	quota
ae42c45fdcf0cc45	people	741	exclude	quota
0925c4493364c58b	people	742	exclude	quota
ca013b56f5c198d0	people	743	exclude	quota
e92160123cc587ef	people	744	exclude	quota
4c15f008aeec284f	people	745	exclude	presentation-length
4bae14d8bdbebb5f	people	746	exclude	quota
2a5c829563575291	people	747	retain	balanced-editorial-quota
9b04c7a5b69135c9	people	748	exclude	quota
b091f547246b07f5	people	749	exclude	quota
2ba5fd3f4d7b4422	people	750	exclude	quota
31f67f879a0e617e	people	751	exclude	quota
1b5326556fb838c3	people	752	exclude	quota
b3be7325dfc5bac4	people	753	exclude	quota
734f86ad9dcdbaab	people	754	exclude	quota
0213654a70c2bd2f	people	755	retain	balanced-editorial-quota
de78d4e3b8c78a2f	people	756	exclude	quota
a94d0e23e129c030	people	757	exclude	quota
95f3df9377e051fe	people	758	retain	balanced-editorial-quota
7b51a395bb63e043	people	759	retain	balanced-editorial-quota
0aee8e87bb62ebf8	people	760	exclude	quota
9953ebda09095162	people	761	exclude	quota
017fc331c0a5e9da	people	762	exclude	quota
1227ac1d9bd4079e	people	763	exclude	quota
cbf064fc90b8ff6e	people	764	retain	balanced-editorial-quota
d0578af5cad21d0c	people	765	retain	balanced-editorial-quota
701222f3a4dc7ad3	people	766	exclude	quota
2d065a35ad0034c0	people	767	exclude	quota
0ecb1450abb30dd2	people	768	exclude	quota
7f919bbdcc18531c	people	769	exclude	quota
8024ffc8567933e2	people	770	retain	balanced-editorial-quota
1be2ff6434d0be23	people	771	exclude	quota
e721e3a7037ae09a	people	772	exclude	quota
a2b5a2379d9a5c36	people	773	retain	balanced-editorial-quota
f646d48fac134329	people	774	exclude	quota
f2c7ebcb9759e4b2	people	775	exclude	quota
a9b894b3db91e457	people	776	exclude	quota
0d5c195563f11215	people	777	exclude	quota
8dc6d3ccb386e103	people	778	exclude	quota
1284e9f77f1306ea	people	779	exclude	quota
a9ec9b10e83e0287	people	780	retain	balanced-editorial-quota
c7285a65223a3dd2	people	781	retain	balanced-editorial-quota
2061e1206dd10871	people	782	exclude	violence-or-death
ddb651e49ba0dff4	people	783	exclude	quota
cedefb241703e43b	people	784	exclude	quota
875a0a70bc4b6f18	people	785	exclude	quota
ddc20d33f5c68d8c	people	786	exclude	quota
cc65fdf65be6cec0	people	787	retain	balanced-editorial-quota
34fc5a65964ada1e	people	788	retain	balanced-editorial-quota
0c836b03eff728f5	people	789	retain	balanced-editorial-quota
3b547d6cd5377a83	people	790	retain	balanced-editorial-quota
651c5948f143867c	people	791	exclude	quota
dac957be4347d592	people	792	exclude	quota
51538ea22a93179c	people	793	exclude	quota
d5c68d7cd71aed1e	people	794	exclude	quota
58fac7573310613e	people	795	exclude	quota
fb0eebcce35b830b	people	796	exclude	quota
b2b4db3649424c2b	people	797	exclude	violence-or-death
e122336659abe8d3	people	798	exclude	quota
b11d262d067972ed	people	799	exclude	quota
4da13accaad9f916	people	800	exclude	quota
dedb1210fc43dde8	people	801	exclude	quota
4682e21a6ab583df	people	802	exclude	quota
5148b1c5ae01aeda	people	803	exclude	quota
9cb8a88cda8e4e58	people	804	exclude	quota
3f695ed02a094b41	people	805	exclude	quota
2923b8b837dc99e0	people	806	exclude	violence-or-death
17088477ed5f34d4	people	807	exclude	quota
5f2721df37cc8089	people	808	exclude	quota
1083984b1c974ca2	people	809	exclude	quota
6e5bcd4b3f8836c4	people	810	exclude	quota
78fca33fedd5287b	people	811	exclude	violence-or-death
1e23a45f9bc167e6	people	812	exclude	quota
287b2b60a9b3772d	people	813	exclude	quota
4aa37ef4262e45f3	people	814	retain	balanced-editorial-quota
b0cef15ee7b6eb03	people	815	exclude	quota
41b0ce740f58ff48	people	816	exclude	quota
1920a355e48803bf	people	817	exclude	quota
3bc11ded33b7f08c	people	818	retain	balanced-editorial-quota
5e85fd71d5c1c5d9	people	819	exclude	quota
b77ba038fc5d1063	people	820	exclude	violence-or-death
2f2166edf273a4f0	people	821	exclude	quota
dda62beefb6d1c49	people	822	retain	balanced-editorial-quota
b77e8de923e2d4b9	people	823	exclude	quota
54f27137a0fe3e96	people	824	exclude	quota
bac946c31bbb1e4e	people	825	exclude	quota
735ac56bad812df6	people	826	exclude	quota
1c3d98c1dbffb11b	people	827	exclude	quota
05a0ca4a7c5a6874	people	828	exclude	quota
f5ddf5dd94be489a	people	829	retain	balanced-editorial-quota
99506c6e2c9e305f	people	830	exclude	quota
9cd11813ace68d5e	people	831	retain	balanced-editorial-quota
a883495a8be4d04d	people	832	exclude	quota
a013a7bdcc8ff939	people	833	exclude	violence-or-death
80bf7b8f03e79165	people	834	exclude	quota
dce88267fca8dcad	people	835	exclude	quota
f0dd23bdd8d7c256	people	836	exclude	quota
d542adcb05b3c7b8	people	837	exclude	quota
0d70b7ca124f5fb2	people	838	retain	balanced-editorial-quota
65857737a55affc3	people	839	exclude	quota
ade19705b86acd2a	people	840	exclude	quota
88228679975d05c0	people	841	exclude	quota
dbb2b48a744bfb2d	people	842	exclude	quota
6ffd7b2c6f486fcb	people	843	retain	balanced-editorial-quota
c1a63f30e4d2dd42	people	844	retain	balanced-editorial-quota
8ed294916d4d011a	people	845	retain	balanced-editorial-quota
c58f91b613796475	people	846	exclude	quota
4541ae9e84269bbf	people	847	retain	balanced-editorial-quota
3aa652e2fb917cb6	people	848	exclude	quota
4f27578f0b18e724	people	849	exclude	quota
a7205635d531a1e8	people	850	exclude	presentation-length
6ff809ad48d132bd	people	851	exclude	sexual-or-identity-harm
e2a2f60548e6cad0	people	852	exclude	quota
de7534d6129cc9bd	people	853	exclude	quota
09911b2f8a1e5cc9	people	854	exclude	quota
9863a78f5cf36e58	people	855	exclude	quota
0bb96998981fe914	people	856	exclude	quota
9dbd568ffdb401ac	people	857	exclude	quota
7a79e58368cfa367	people	858	exclude	quota
c91ee70b076e0ee7	people	859	retain	balanced-editorial-quota
c95252857cbbaf49	people	860	exclude	quota
59696bf6e4189936	people	861	retain	balanced-editorial-quota
2c65d5a861a796c5	people	862	exclude	quota
e10f5acfdcb5f2e7	people	863	exclude	quota
4225157234d597a5	people	864	retain	balanced-editorial-quota
e9410668d5d30816	people	865	exclude	quota
4146681e4332a3b3	people	866	exclude	quota
8211a35d19850e12	people	867	retain	balanced-editorial-quota
690f754252e98e37	people	868	exclude	quota
7aec8a934b171a2b	people	869	exclude	quota
d56bec4744d8efe1	people	870	exclude	quota
b0627607e3286da0	people	871	exclude	quota
5ce4e1c6e8e7a5ff	people	872	exclude	violence-or-death
5d3608251cad8ba5	people	873	exclude	violence-or-death
c9b352b5d9877c3d	people	874	exclude	quota
987eb54dd7eac93e	people	875	retain	balanced-editorial-quota
ed0e22506fcfffb6	people	876	exclude	quota
64b203b92ae0791d	people	877	exclude	quota
4d1d886d189c9585	people	878	exclude	quota
138544d0ba2b3789	people	879	exclude	quota
acded5921a555d0c	people	880	exclude	quota
623101e06793469d	people	881	exclude	quota
b8b8b4fe18d8b04d	people	882	exclude	quota
245f6a8af3c29a46	people	883	exclude	quota
c0ead5965d062829	people	884	exclude	quota
378b309963ceb854	people	885	retain	balanced-editorial-quota
b0231b31b835b179	people	886	exclude	presentation-length
a306f4dd6299fd55	people	887	exclude	quota
a00528f2a033f47c	people	888	exclude	quota
56aa143c6366fa02	people	889	exclude	quota
4f912744d9b52509	people	890	retain	balanced-editorial-quota
a396c0577dab71ec	people	891	exclude	quota
f4d5c5a33f25a859	people	892	exclude	quota
ae53cfcabedcca84	people	893	exclude	quota
84f76dc8af4ffffa	people	894	exclude	quota
5531a25ee1e3fcf3	people	895	exclude	quota
547453a0e4979931	people	896	exclude	quota
f4c8203c379e08e6	people	897	exclude	quota
79725671a7f0ba09	people	898	exclude	quota
9f525107ebbaf0b8	people	899	exclude	quota
418cf3f0de5532bb	people	900	retain	balanced-editorial-quota
82da203211ccb533	people	901	exclude	violence-or-death
f26a1841ceb394ea	people	902	exclude	quota
092df2389db68313	people	903	exclude	quota
27438aa3b35030fa	people	904	retain	balanced-editorial-quota
c18e62637d4ea5ce	people	905	retain	balanced-editorial-quota
376e51b79a87c82c	people	906	exclude	quota
2b547dc420aa1f59	people	907	exclude	quota
2f15d7b640633989	people	908	retain	balanced-editorial-quota
cfd697f3bb7759a6	people	909	exclude	quota
a6cfd901cec2f21e	people	910	retain	balanced-editorial-quota
afd47df73fe6f16e	people	911	exclude	quota
19b61aa3aea7c2f5	people	912	exclude	quota
61707acf2681e9cc	people	913	exclude	quota
5da6e1d2fcdc0ec2	people	914	exclude	violence-or-death
f606f4a6fe41469a	people	915	exclude	quota
a425a32d5def8862	people	916	exclude	quota
d85293279a5e9ba7	people	917	exclude	quota
1d0e6bd6a9c1178e	people	918	exclude	quota
62fcf51db72baccf	people	919	exclude	quota
f41979534152e996	people	920	exclude	quota
eec45e4bd75a03dc	people	921	exclude	quota
667ae0334c8079a2	people	922	retain	balanced-editorial-quota
e362b575f91257ff	people	923	exclude	violence-or-death
39a754c30f73d917	people	924	retain	balanced-editorial-quota
da7eec17ac10a6a0	people	925	retain	balanced-editorial-quota
cabc2b035e6afb94	people	926	exclude	violence-or-death
d5c3a128d9cb6af8	people	927	exclude	quota
134c23d6faaa11b8	people	928	exclude	quota
86e8a60f54f0e3b3	people	929	exclude	quota
67f3f9e18a8ea69c	people	930	exclude	duplicate
5cc375fb7d549f74	people	931	exclude	quota
12a48dee3cfc04cb	people	932	exclude	quota
0aa9157ef0add226	people	933	exclude	quota
e20c3d4ecf8d4a9a	people	934	exclude	presentation-length
9f87ec0a4e260a86	people	935	exclude	quota
c986a46d828bf8ef	people	936	exclude	quota
0ba1037c0558713d	people	937	exclude	quota
ba162d43116e066a	people	938	exclude	quota
6c29f325f360dba9	people	939	retain	balanced-editorial-quota
9648f9e7ce388311	people	940	retain	balanced-editorial-quota
86bf323ccbbf3f21	people	941	exclude	quota
3c012ef6ed9c3aeb	people	942	exclude	quota
3e4e430d1e8509a3	people	943	exclude	quota
45c1aac32ee9fefd	people	944	retain	balanced-editorial-quota
ac7645c501ed9f89	people	945	exclude	quota
2ec3d8ff143be9ca	people	946	exclude	final-corpus-trim
62c81062271cc0bf	people	947	exclude	quota
0bc1e0814cf86563	people	948	retain	balanced-editorial-quota
10c2e00d0ba424f8	people	949	retain	balanced-editorial-quota
f7babfbe7385e2dd	people	950	exclude	quota
ffb4e5ca94655f36	people	951	exclude	quota
b517f6a0d2e2ef21	people	952	retain	balanced-editorial-quota
b22c06781723729d	people	953	exclude	quota
cc50f2c107c1d782	people	954	exclude	quota
757b1ec909026616	people	955	exclude	quota
c1d76fabceea34aa	people	956	retain	balanced-editorial-quota
60e9ad99f69eab83	people	957	exclude	quota
6e1f56e5b744b688	people	958	retain	balanced-editorial-quota
153376d4167ab037	people	959	retain	balanced-editorial-quota
05a694ae6ebf23f4	people	960	exclude	quota
39f84f9c8825c117	people	961	exclude	quota
1e4353a32060e407	people	962	retain	balanced-editorial-quota
7eab222dbbf9de21	people	963	exclude	quota
bcda7ed40538c484	people	964	exclude	quota
93ef18517b396c50	people	965	exclude	quota
782c842e19203ba3	people	966	exclude	quota
2d8bdea990217db8	people	967	exclude	quota
bd055661dd5b77a2	people	968	retain	balanced-editorial-quota
ad0e3af117a40293	people	969	exclude	quota
b258edcce5cac1ca	people	970	exclude	quota
7ecd8a7ab2fed824	people	971	exclude	quota
198241b37a24364e	people	972	exclude	quota
059d0d7764d524f0	people	973	retain	balanced-editorial-quota
b505563fd314fbc7	people	974	exclude	quota
73cc8aba5772475d	people	975	exclude	quota
923bbbec90e01235	people	976	retain	balanced-editorial-quota
41cc70204c34e760	people	977	retain	balanced-editorial-quota
8ea89fe861f71a0c	people	978	exclude	quota
1f9451634d7a9a44	people	979	exclude	quota
1c7f43e27d00584c	people	980	exclude	quota
a226bf1506b4d921	people	981	exclude	quota
58d7a5194f686aae	people	982	exclude	violence-or-death
49dece1407551206	people	983	retain	balanced-editorial-quota
c3a0311e12e374bc	people	984	exclude	quota
31f4175bd718ff6b	people	985	retain	balanced-editorial-quota
5d5c784ead1075ce	people	986	exclude	quota
0d096349a6e2def4	people	987	exclude	quota
f74a448cfb932219	people	988	exclude	duplicate
ae7849e38a2e2810	people	989	exclude	quota
0fdc3868ee3d7194	people	990	exclude	quota
94474be41ade7fe7	people	991	exclude	quota
a796890eca5fb177	people	992	exclude	quota
4ef178bdc4700320	people	993	retain	balanced-editorial-quota
47118486f56815ca	people	994	exclude	quota
c725436764e37115	people	995	exclude	quota
0ae56aeb5a74c0d0	people	996	exclude	violence-or-death
f5cc2010b88eb26f	people	997	exclude	quota
752ac51265231342	people	998	retain	balanced-editorial-quota
8beeb60f3523c767	people	999	exclude	violence-or-death
0a93a66a4fb0528b	people	1000	exclude	quota
638b1cd1ae7034a3	people	1001	exclude	quota
2f9b097a7e35748f	people	1002	exclude	quota
27dc87665a534bb4	people	1003	exclude	violence-or-death
37cb97a2687a8391	people	1004	exclude	quota
bf6ddfb746403981	people	1005	exclude	quota
f083dd128b691636	people	1006	exclude	quota
f096345093ea5e09	people	1007	exclude	quota
fa782fe5bd8d9c02	people	1008	exclude	quota
bc8bada94cc4a2c3	people	1009	exclude	quota
f14fd8d61b83c00d	people	1010	exclude	quota
a086a5fa431aaa25	people	1011	exclude	quota
d410e53514e02916	people	1012	exclude	quota
a466779b26148037	people	1013	retain	balanced-editorial-quota
0702254c3abf04c5	people	1014	exclude	violence-or-death
6c3499a530474ca0	people	1015	exclude	quota
a303ff755d141091	people	1016	exclude	quota
36372a183431f11f	people	1017	exclude	quota
01f47237065475d8	people	1018	exclude	quota
29e7035d0c595657	people	1019	retain	balanced-editorial-quota
966cfe48d10b93ea	people	1020	exclude	quota
0d21362dd133be3a	people	1021	exclude	quota
651ae9fcba4b24fe	people	1022	retain	balanced-editorial-quota
358a698760272b96	people	1023	exclude	quota
988774b17289441e	people	1024	exclude	quota
2f34dbdda66a5c6a	people	1025	exclude	quota
aa55da73686da82b	people	1026	exclude	quota
cad4bf0de609c579	people	1027	exclude	quota
9598cbc349090eec	people	1028	exclude	quota
1fc378f619154e14	people	1029	exclude	quota
793b68ba7091aab7	people	1030	exclude	quota
210254feddbac31e	people	1031	exclude	quota
60e35aa3acec8bc5	people	1032	retain	balanced-editorial-quota
912a4ac8182b476d	people	1033	retain	balanced-editorial-quota
4eac4b1144f1fcae	people	1034	exclude	quota
9297b3fb462222e2	people	1035	exclude	quota
e7defe89b1c3181b	people	1036	exclude	violence-or-death
6a81487ffc107343	people	1037	retain	balanced-editorial-quota
3b58cf7d2f51f88c	people	1038	exclude	quota
595cb1eee9852cc1	people	1039	exclude	quota
92d2322483ee457a	people	1040	exclude	quota
0b9c1e8bf70bddd4	people	1041	exclude	quota
ab5b8352b011a46d	people	1042	exclude	quota
005cfc4887cb9b4d	people	1043	exclude	quota
a7c785340c32e7eb	people	1044	exclude	quota
c360991318e7227b	people	1045	exclude	unsafe-character
ef60dc83b85f21af	people	1046	exclude	quota
36f7bbeec3d5d887	people	1047	exclude	violence-or-death
05a7e6a857ca313a	people	1048	exclude	quota
c89590833823c8d7	people	1049	exclude	quota
8b6826cd0a646574	people	1050	exclude	quota
e9c3b18d777a25c7	people	1051	exclude	quota
583224304833e02f	people	1052	retain	balanced-editorial-quota
6a63c370755b8f00	people	1053	exclude	quota
5c0f23b84354a16c	people	1054	retain	balanced-editorial-quota
98e42e6a257540c9	people	1055	exclude	quota
2fa6de1f743a371b	people	1056	retain	balanced-editorial-quota
7dcb96553f153a37	people	1057	exclude	quota
328a3d0ba083a84f	people	1058	exclude	quota
fce97fd49e80d798	people	1059	exclude	quota
e4a6d55debea24ad	people	1060	exclude	quota
4990344b2daad284	people	1061	exclude	quota
14b8b6f7a6df4c72	people	1062	exclude	violence-or-death
1f5075bc25a2c57e	people	1063	exclude	quota
4d8df2901e003847	people	1064	exclude	quota
159688c7112145b0	people	1065	exclude	quota
12d190c5c2f1bdfd	people	1066	exclude	quota
912cc5ecd3ee2573	people	1067	exclude	quota
e6ef9997c29416e2	people	1068	exclude	final-corpus-trim
38d646aa302efce9	people	1069	exclude	quota
48ba6f18378d3940	people	1070	exclude	quota
0d244c33c3ba3c71	people	1071	exclude	quota
2bf1d7caca6e52e4	people	1072	exclude	quota
cc3bcf0a72e8a90c	people	1073	retain	balanced-editorial-quota
a149c722a73ce455	people	1074	exclude	quota
7d80653dc1c52499	people	1075	exclude	quota
28ddb12c219aee21	people	1076	exclude	violence-or-death
44c8578fa1c74451	people	1077	exclude	quota
25a4e59bbd4a64f5	people	1078	exclude	violence-or-death
f997a17c9b07a45c	people	1079	exclude	quota
f3a871a531f86a40	people	1080	exclude	quota
25839c630bf224a0	people	1081	retain	balanced-editorial-quota
9a793313ef0e01e8	people	1082	exclude	quota
38869a0d7c9a41e9	people	1083	exclude	quota
87c8c4d5b10b9773	people	1084	exclude	quota
a5b6dc574ed58289	people	1085	exclude	quota
ee2404731885d05b	people	1086	retain	balanced-editorial-quota
ffe28763bf3bd443	people	1087	exclude	quota
ee8ce1aa45018b7a	people	1088	retain	balanced-editorial-quota
891c984ebcd86c17	people	1089	exclude	quota
908ef8975d391a46	people	1090	exclude	quota
73daccca8452c965	people	1091	retain	balanced-editorial-quota
3aae4db64a644e40	people	1092	retain	balanced-editorial-quota
ef6d7700d86a2e9f	people	1093	exclude	quota
a4533a59ea2c0d84	people	1094	exclude	violence-or-death
6f0eaa5de5103065	people	1095	exclude	quota
171e886119274042	people	1096	exclude	quota
26f01e48fb76d81a	people	1097	exclude	violence-or-death
c5c8a5d17829256e	people	1098	exclude	quota
551d66f44f273af6	people	1099	exclude	quota
8d8a6321baf8fe5a	people	1100	exclude	quota
93d87d6d65dfb4a8	people	1101	exclude	quota
6e0aedc168699f88	people	1102	exclude	sexual-or-identity-harm
cbb3a3858f679c12	people	1103	exclude	quota
238855c19a69ef7c	people	1104	retain	balanced-editorial-quota
47bad97411021d04	people	1105	exclude	quota
72e3732b78d299af	people	1106	exclude	quota
fecc9cf7bbb5a559	people	1107	exclude	quota
bf3a34f81a81792b	people	1108	exclude	quota
9c2c163e06fa656a	people	1109	retain	balanced-editorial-quota
9bd116744f744ae3	people	1110	retain	balanced-editorial-quota
b18a9091d6a996d7	people	1111	exclude	quota
96a94c615f0eee23	people	1112	exclude	quota
010eed0826af060b	people	1113	retain	balanced-editorial-quota
ac04ee75fc54f58e	people	1114	exclude	violence-or-death
0f0e6482bae09dfc	people	1115	exclude	quota
628af1639c8698bb	people	1116	exclude	quota
87564d72507d90c2	people	1117	exclude	quota
f4db2076d8e5b5e8	people	1118	retain	balanced-editorial-quota
28d7ea5862459ab3	people	1119	exclude	quota
631baa0924e5c4b0	people	1120	exclude	quota
d47f851fe73877e2	people	1121	exclude	quota
4bd484baa2ff9dfa	people	1122	exclude	quota
d56060fee6918b6e	people	1123	retain	balanced-editorial-quota
e81b6e958e6c38f5	people	1124	exclude	quota
3a92ea2de22cfe4a	people	1125	retain	balanced-editorial-quota
919d3531dd85a001	people	1126	exclude	quota
22278a369cb9fc7b	people	1127	exclude	violence-or-death
39a6b03e82e45913	people	1128	retain	balanced-editorial-quota
56f2b1026f24ca7a	people	1129	exclude	quota
067eae3ea80057a6	people	1130	retain	balanced-editorial-quota
94908f90acb78e25	people	1131	exclude	quota
37bfaf929684cacb	people	1132	retain	balanced-editorial-quota
e6a2678bc47ad14a	people	1133	retain	balanced-editorial-quota
8ed7e7a42cbe259e	people	1134	exclude	quota
0302dba1815d3762	people	1135	exclude	quota
6df29d1533fab3ed	people	1136	retain	balanced-editorial-quota
a9b80582d1f82b6e	people	1137	exclude	quota
94cba2ad5486182f	people	1138	exclude	violence-or-death
f6e8d7372e398d2f	people	1139	exclude	quota
b7658ae73b415c25	people	1140	retain	balanced-editorial-quota
6bade58b80b8a89d	people	1141	retain	balanced-editorial-quota
c5ac299a71d0f431	people	1142	exclude	violence-or-death
26acbfc2c1054919	people	1143	exclude	quota
3c8f067cc85e5135	people	1144	exclude	quota
49855724e4e96a06	people	1145	exclude	quota
46f264e380ba4d6e	people	1146	retain	balanced-editorial-quota
be7024045dd469a5	people	1147	exclude	quota
f984297d65bf968a	people	1148	exclude	quota
ecbd72b7497a2223	people	1149	exclude	quota
67f9a7edc33dfd92	people	1150	retain	balanced-editorial-quota
ef2e8e4bd06eb924	people	1151	exclude	quota
493cee5ef3a824a2	people	1152	exclude	quota
753d008682a39866	people	1153	retain	balanced-editorial-quota
ecf97f8a5d919965	people	1154	exclude	quota
273238503bce132f	people	1155	exclude	quota
11cb2ca5648182b8	people	1156	exclude	quota
2b302fbccb5f1e89	people	1157	exclude	quota
7f3eddb5a5daa52d	people	1158	exclude	final-corpus-trim
3c9e4bf0aad39283	people	1159	exclude	quota
29e61721d06f4c9c	people	1160	retain	balanced-editorial-quota
640e1551b70e13f8	people	1161	exclude	quota
ddc73ae3f170139a	people	1162	exclude	violence-or-death
2c5aef00286d7e5b	people	1163	exclude	quota
6df117269a38a64b	people	1164	exclude	quota
6879f8af4525f55f	people	1165	exclude	quota
db0705d9f79489d2	people	1166	exclude	quota
93d2b42ee4da6b04	people	1167	exclude	quota
27ce0e3ee49d9801	people	1168	exclude	quota
1a866a07ca79f946	people	1169	exclude	quota
472e7b896455ac1b	people	1170	exclude	quota
c785f917983defc0	people	1171	exclude	quota
92cf6fc1251be3e8	people	1172	exclude	quota
663ad551f441253c	people	1173	retain	balanced-editorial-quota
112bc3d4201ef594	people	1174	exclude	violence-or-death
fab7c9915282bae8	people	1175	retain	balanced-editorial-quota
eee6c58bfa7ad73a	people	1176	exclude	quota
d17f233b3ca7221b	people	1177	exclude	quota
ee1af13ec0ce63be	people	1178	retain	balanced-editorial-quota
0e112f449ae1995d	people	1179	exclude	quota
616bc5178128230c	people	1180	exclude	quota
27c9e2feee170114	people	1181	exclude	quota
fc7cf0db2a32afe7	people	1182	exclude	quota
51e54acad69071c0	people	1183	exclude	quota
a87c56e77c60ee97	people	1184	exclude	quota
045fa37c5f1ccf80	people	1185	exclude	quota
a9419ce279ba1d97	people	1186	exclude	quota
24c8268aee023aba	people	1187	retain	balanced-editorial-quota
5a9f86644eab1f5b	people	1188	exclude	quota
ced49000d70c7ccf	people	1189	exclude	quota
1a8260b648c16ac8	people	1190	exclude	quota
89af0fb3b9468741	people	1191	exclude	quota
d9002136e8c40f01	people	1192	exclude	quota
40a40abfada63ef2	people	1193	exclude	quota
7ee9854c7e34e03a	people	1194	exclude	quota
b535d4d2e73b7382	people	1195	exclude	violence-or-death
da29566bbe60b9c5	people	1196	exclude	quota
6407f17496d7e8bf	people	1197	exclude	quota
8bb1ba30ba0fdc3d	people	1198	exclude	quota
d955e2c189ccaf97	people	1199	exclude	quota
907e1c144a13c7b6	people	1200	exclude	quota
f001aa78c815ba4d	people	1201	exclude	quota
dde7d41566179291	people	1202	exclude	quota
86ecb4ac6e22e58c	people	1203	exclude	quota
97205e19455aba23	people	1204	exclude	quota
bc33204c0a272aab	people	1205	exclude	quota
36e4adb16a204d39	people	1206	exclude	quota
d529c4e470b76954	people	1207	exclude	quota
b8a10c01992c46d3	people	1208	exclude	quota
f6f1bcc0b1800a13	people	1209	exclude	quota
7a4748c904337cdc	people	1210	exclude	quota
22002e637243f394	people	1211	exclude	sexual-or-identity-harm
26c9f1b0f9b64699	people	1212	exclude	quota
d0bc2ec4924a81aa	people	1213	exclude	quota
931f2c4a33cf533b	people	1214	exclude	quota
1dc6e0854559120e	people	1215	exclude	quota
6402a214720423d2	people	1216	exclude	quota
408e7cd8247cfe1c	people	1217	retain	balanced-editorial-quota
fa64a9ad6ae19027	people	1218	exclude	quota
e3a92c7609ba8d6c	people	1219	exclude	quota
b982f31805b26d1e	people	1220	exclude	quota
85ece42233f2eafc	people	1221	exclude	quota
e8329ffc35dd3d1e	people	1222	exclude	presentation-length
24d24315bf1809d4	people	1223	exclude	quota
13a7d14071b7ed5e	people	1224	exclude	quota
4e34b065ffc76edb	people	1225	exclude	presentation-length
e9ab9b318a1d024f	people	1226	exclude	quota
713a842ed5d58655	people	1227	exclude	quota
5f7e5cb77e4535ec	people	1228	exclude	quota
0fa1b82089685ba9	people	1229	exclude	quota
e8facb2f02fc3a4d	people	1230	exclude	quota
54d3dd44329c09ba	people	1231	exclude	presentation-length
ac4ba107edaddd3c	pets	1	exclude	quota
5efea4d0a1c0134b	pets	2	exclude	violence-or-death
3adfdc09792955f5	pets	3	retain	balanced-editorial-quota
a6186e5a76c0766c	pets	4	retain	balanced-editorial-quota
7087bee3e3dd04bf	pets	5	exclude	quota
2c6202a5029d18cd	pets	6	retain	balanced-editorial-quota
a994d51481c4b280	pets	7	exclude	quota
9db53d2bcd25e29a	pets	8	retain	balanced-editorial-quota
02f3ecfe6541cfdd	pets	9	retain	balanced-editorial-quota
0bf0dd868e1b5a6d	pets	10	retain	balanced-editorial-quota
c3ae0fac9450823d	pets	11	retain	balanced-editorial-quota
cc842a390f662d08	pets	12	retain	balanced-editorial-quota
0b4c9070b481bf10	pets	13	exclude	final-corpus-trim
0b636243f33eb999	pets	14	retain	balanced-editorial-quota
bc998ace12755da5	pets	15	retain	balanced-editorial-quota
84e53cc231daa51c	pets	16	retain	balanced-editorial-quota
e59636a8923106c0	pets	17	retain	balanced-editorial-quota
d335e9f2f878b447	pets	18	exclude	violence-or-death
3fe1286b273c5e86	pets	19	retain	balanced-editorial-quota
e23baf16a8df2202	pets	20	exclude	unsafe-character
b5e96807dc83e85c	pets	21	retain	balanced-editorial-quota
6176e8032e1ccc46	pets	22	retain	balanced-editorial-quota
b11379ba8b302197	pets	23	exclude	quota
fc375395f0d4cf0e	pets	24	exclude	quota
6bead47f9f6a4adb	pets	25	exclude	quota
f735fe0baaba0e20	pets	26	retain	balanced-editorial-quota
be0e501d49c46f12	pets	27	exclude	violence-or-death
0aa6209cd12f714d	pets	28	exclude	quota
c08a9ddecfa25d7b	pets	29	exclude	violence-or-death
fff6c62f5e49517b	pets	30	retain	balanced-editorial-quota
f106df3b368c0eb6	pets	31	retain	balanced-editorial-quota
508c6aca6178910e	pets	32	exclude	quota
efb3a1131146700c	pets	33	exclude	quota
51e2b411e462937f	pets	34	retain	balanced-editorial-quota
2e830728582552fb	pets	35	retain	balanced-editorial-quota
bc0993efe563916d	pets	36	exclude	presentation-length
69ff687cf1fd1e84	pets	37	retain	balanced-editorial-quota
7deb202accc188f4	pets	38	retain	balanced-editorial-quota
87546c2c396d42cb	pets	39	exclude	quota
55e0062ba5f501ba	pets	40	exclude	quota
6814a918ec25b620	pets	41	retain	balanced-editorial-quota
116a047e41ab5f5d	pets	42	retain	balanced-editorial-quota
a52224101c204e22	pets	43	exclude	quota
8efd69914642765c	pets	44	retain	balanced-editorial-quota
ba999d1930003b4c	pets	45	retain	balanced-editorial-quota
ec4ce95a6a2adad0	pets	46	retain	balanced-editorial-quota
12f716d92622cf48	pets	47	exclude	quota
92d8860eed2f51f7	pets	48	exclude	violence-or-death
b5c1f4db5a93a64f	pets	49	retain	balanced-editorial-quota
c3038fca4cea8315	pets	50	exclude	quota
90dbdc1b49e8d879	pets	51	retain	balanced-editorial-quota
24cfc2f3245cc8bb	platitudes	1	exclude	quota
73475cb40a568e8d	platitudes	2	exclude	presentation-length
10bc264dee448d9a	platitudes	3	retain	balanced-editorial-quota
5f35527977a4bd01	platitudes	4	retain	balanced-editorial-quota
427f31443ca10d85	platitudes	5	exclude	quota
d0a0d582d96a27dc	platitudes	6	retain	balanced-editorial-quota
0aeec4bb05ad2663	platitudes	7	retain	balanced-editorial-quota
904901ee85831393	platitudes	8	exclude	quota
0cfdda31645fece7	platitudes	9	retain	balanced-editorial-quota
21b67b95d2abb574	platitudes	10	retain	balanced-editorial-quota
da9057d4b262a9b5	platitudes	11	retain	balanced-editorial-quota
0efdbfdbd250a1b7	platitudes	12	retain	balanced-editorial-quota
d745150fda0f43cc	platitudes	13	exclude	quota
1aee8861d0502403	platitudes	14	exclude	quota
ee0ff108732beec2	platitudes	15	retain	balanced-editorial-quota
088d234e6a27b3c4	platitudes	16	retain	balanced-editorial-quota
f4889e4466da4f06	platitudes	17	retain	balanced-editorial-quota
1baa1ab7a884c499	platitudes	18	exclude	quota
cfa7dd9b1a058904	platitudes	19	exclude	violence-or-death
9ee375987650355e	platitudes	20	exclude	quota
aeec693e28eef343	platitudes	21	retain	balanced-editorial-quota
a58e52e7b51e1210	platitudes	22	exclude	quota
c63d76dbf2ff71cd	platitudes	23	exclude	quota
ad20fe87ea91c189	platitudes	24	exclude	quota
d16664f9d0cf6b34	platitudes	25	exclude	quota
6db9a20a202880a0	platitudes	26	exclude	quota
61271402d81c470b	platitudes	27	exclude	quota
7402030311f6f768	platitudes	28	exclude	quota
0bc7cbcfa30a94ab	platitudes	29	exclude	quota
8931c88d139606ec	platitudes	30	retain	balanced-editorial-quota
0c36ffc9986e9262	platitudes	31	exclude	quota
7c62549c880fc528	platitudes	32	retain	balanced-editorial-quota
5db5d9eec9a11bfa	platitudes	33	exclude	quota
a48b20703fbe2278	platitudes	34	exclude	quota
79427f77b49f9c2d	platitudes	35	exclude	quota
779a6b99ea979bdc	platitudes	36	retain	balanced-editorial-quota
a44416aaac2b162d	platitudes	37	retain	balanced-editorial-quota
de93644e5ad3bedd	platitudes	38	exclude	final-corpus-trim
8890515636dad0b3	platitudes	39	retain	balanced-editorial-quota
09aa788b8bbc0db2	platitudes	40	retain	balanced-editorial-quota
7bcd40d0282c157d	platitudes	41	exclude	quota
8029e750c078e825	platitudes	42	retain	balanced-editorial-quota
924dd2450e514c0e	platitudes	43	exclude	quota
6f7fe848fbdb31df	platitudes	44	exclude	quota
f0bee61f70003f78	platitudes	45	exclude	quota
1cf57870ac0c13c6	platitudes	46	exclude	quota
809f016a8b6e5a39	platitudes	47	exclude	quota
33f241255d6e9b21	platitudes	48	retain	balanced-editorial-quota
55e7af1e49c31e76	platitudes	49	retain	balanced-editorial-quota
e9e432dfba7251cc	platitudes	50	exclude	quota
1cb49172b06f87d8	platitudes	51	exclude	quota
c19d3274ac2fae90	platitudes	52	retain	balanced-editorial-quota
2cbb4e38d97cff16	platitudes	53	exclude	quota
38a5838bbb35fc78	platitudes	54	retain	balanced-editorial-quota
a8878859ebb81db1	platitudes	55	retain	balanced-editorial-quota
1d9465d135bb9ea8	platitudes	56	exclude	quota
283b0aaf3683413f	platitudes	57	exclude	quota
db24105ea5b6cf1b	platitudes	58	exclude	quota
6e5756997f0c13cc	platitudes	59	exclude	quota
bc11c18a1d124d9d	platitudes	60	exclude	quota
5a0b971985e37492	platitudes	61	exclude	quota
3bdb1f93c68513da	platitudes	62	exclude	quota
b4865e8754990736	platitudes	63	exclude	final-corpus-trim
48fae9adbf3294c6	platitudes	64	exclude	quota
b77909ad87220432	platitudes	65	retain	balanced-editorial-quota
788ea2908bca1e9d	platitudes	66	retain	balanced-editorial-quota
1f6e8d0cb430b69b	platitudes	67	exclude	quota
4d9eadd6cc346265	platitudes	68	retain	balanced-editorial-quota
01481039ae4d3b00	platitudes	69	retain	balanced-editorial-quota
0c53aa151133a5b6	platitudes	70	exclude	quota
1d7b40a77bf37280	platitudes	71	exclude	quota
80f7181a2afabd81	platitudes	72	retain	balanced-editorial-quota
e545aa47d5846fea	platitudes	73	exclude	quota
f95c25e342ebbf55	platitudes	74	exclude	violence-or-death
64acbef584265f06	platitudes	75	exclude	quota
f5812fa6bf874609	platitudes	76	exclude	quota
29871a89498c54a7	platitudes	77	exclude	quota
65083f9b2b41e951	platitudes	78	exclude	quota
10905f609605dfef	platitudes	79	exclude	quota
cefc7eaacf1cf2a1	platitudes	80	exclude	violence-or-death
0f5cba8476b0431b	platitudes	81	exclude	quota
c6b54d497171c890	platitudes	82	exclude	final-corpus-trim
d77c29cf5e3999f6	platitudes	83	exclude	final-corpus-trim
9779e464d79b3fa6	platitudes	84	exclude	quota
d06169466a979512	platitudes	85	retain	balanced-editorial-quota
f98ed2c4d7fdb3dc	platitudes	86	exclude	quota
c9dadb3dece2e5a7	platitudes	87	exclude	quota
c90a913bdc34fc7b	platitudes	88	exclude	presentation-length
6076d151cde89ea2	platitudes	89	exclude	quota
fd99c366966d59e2	platitudes	90	exclude	quota
7b6879d9a1288fd3	platitudes	91	exclude	quota
4c33b91d355383a2	platitudes	92	retain	balanced-editorial-quota
afb0053003034498	platitudes	93	exclude	quota
f683b2fc3e066747	platitudes	94	exclude	quota
fc17b45cfe352834	platitudes	95	exclude	quota
a74efdd64fa176b7	platitudes	96	exclude	quota
4cf30eb42a8bdaec	platitudes	97	exclude	quota
fab8c6df04ff1daa	platitudes	98	exclude	quota
f50217df335e6105	platitudes	99	exclude	quota
74f07444ab6f2bd4	platitudes	100	retain	balanced-editorial-quota
33e6923e40814f77	platitudes	101	exclude	quota
38e727a40d3a218b	platitudes	102	exclude	quota
4e8adb8f41bbf302	platitudes	103	exclude	quota
4f1b178e2eadc743	platitudes	104	exclude	violence-or-death
b29f44cbd0fed261	platitudes	105	exclude	quota
91a486c3a475c93c	platitudes	106	retain	balanced-editorial-quota
790c4f2091414408	platitudes	107	retain	balanced-editorial-quota
b48e7ad85f462f51	platitudes	108	exclude	quota
257a6b85ce73e95c	platitudes	109	exclude	quota
e87510734d39386f	platitudes	110	exclude	violence-or-death
2f4c14c1cffb3099	platitudes	111	exclude	quota
b47e78c45aae20c0	platitudes	112	retain	balanced-editorial-quota
e002214f2c21c597	platitudes	113	retain	balanced-editorial-quota
0aa430ea6d1844c9	platitudes	114	retain	balanced-editorial-quota
03d8676072235e1f	platitudes	115	retain	balanced-editorial-quota
210d2b9b257163c0	platitudes	116	exclude	quota
f5b2e3c816604f28	platitudes	117	exclude	presentation-length
156f779ebc72a682	platitudes	118	exclude	quota
8b551e8315340d26	platitudes	119	exclude	quota
9cb2e8b4e06f06f3	platitudes	120	retain	balanced-editorial-quota
610f053ca7a7906d	platitudes	121	exclude	quota
4a4c39db51006f8c	platitudes	122	retain	balanced-editorial-quota
3f7ed0f47ef8869f	platitudes	123	exclude	quota
f4d6c899d5f18aea	platitudes	124	exclude	quota
9999a08686197ba9	platitudes	125	retain	balanced-editorial-quota
fb50767a2b553d94	platitudes	126	exclude	quota
3964357e8a5d172b	platitudes	127	exclude	final-corpus-trim
938172d2b4ffd5e0	platitudes	128	exclude	quota
fc8dc3c2e426145d	platitudes	129	exclude	quota
d11752e0d7503a4d	platitudes	130	exclude	quota
476af549f0fd9649	platitudes	131	exclude	quota
07c152f34f8b6653	platitudes	132	exclude	quota
741ad865bccc31e2	platitudes	133	retain	balanced-editorial-quota
565239d9c47a5da4	platitudes	134	exclude	quota
8867c00c0575ce33	platitudes	135	exclude	quota
9914e4daf7b0392f	platitudes	136	exclude	quota
0e69f09d301968f5	platitudes	137	retain	balanced-editorial-quota
4b0b4902e0514a24	platitudes	138	retain	balanced-editorial-quota
74601685e4e4defc	platitudes	139	exclude	quota
90fbff4450469121	platitudes	140	retain	balanced-editorial-quota
d7127475376c5ef9	platitudes	141	exclude	quota
99b4d86b0299dabd	platitudes	142	exclude	violence-or-death
a8a0a611e2077da8	platitudes	143	retain	balanced-editorial-quota
c3297efd4d58d338	platitudes	144	exclude	quota
17bcc762d48aa467	platitudes	145	retain	balanced-editorial-quota
17cb0bcc26aabda5	platitudes	146	retain	balanced-editorial-quota
193474ce064b3363	platitudes	147	retain	balanced-editorial-quota
de1a769234ccfed7	platitudes	148	exclude	quota
46a681cc2c3a8087	platitudes	149	retain	balanced-editorial-quota
d45a7dd857c4c6dc	platitudes	150	exclude	quota
1c83a398ebebfb18	platitudes	151	exclude	quota
919a81635db108ee	platitudes	152	exclude	quota
dd9dee426a0149d5	platitudes	153	retain	balanced-editorial-quota
d454cb517570de76	platitudes	154	exclude	quota
5d142b88bf9434e0	platitudes	155	exclude	quota
10da01f3db070a27	platitudes	156	retain	balanced-editorial-quota
6049f05451794bf0	platitudes	157	exclude	quota
0bbeebf94b5944be	platitudes	158	exclude	violence-or-death
a7b357c4f6e14941	platitudes	159	retain	balanced-editorial-quota
8c444a99fccfe891	platitudes	160	exclude	quota
2ac686d4265e126f	platitudes	161	exclude	quota
2280ae77a3f248ab	platitudes	162	exclude	quota
35b5cd01ce9c87ba	platitudes	163	exclude	presentation-length
2fadc502ed2c17b1	platitudes	164	exclude	quota
9cbd54a26cb66557	platitudes	165	exclude	quota
b52bb037f1df1a98	platitudes	166	exclude	quota
fe565390c517959f	platitudes	167	retain	balanced-editorial-quota
2634d9a2b83068e4	platitudes	168	exclude	presentation-length
32f048f66bcf6c67	platitudes	169	exclude	quota
71011bde3e76fcc7	platitudes	170	exclude	quota
cc07e5fb62f806a2	platitudes	171	exclude	quota
af19be9e5787f60b	platitudes	172	exclude	quota
7c7538a9c5a9fe7c	platitudes	173	exclude	sexual-or-identity-harm
7ab17c29080de977	platitudes	174	exclude	quota
0005057e0a22eb54	platitudes	175	exclude	quota
d3e6308b11eee4b2	platitudes	176	exclude	quota
f41d94d9c9de1a7b	platitudes	177	exclude	quota
a26305e5f29e5975	platitudes	178	exclude	quota
96c58dbc72fb07c6	platitudes	179	exclude	quota
5dd6f63466beb1e8	platitudes	180	exclude	quota
00295d4d9b588ac3	platitudes	181	exclude	quota
3867e55e70e03562	platitudes	182	exclude	quota
f2d40a77e403939d	platitudes	183	exclude	quota
f93030b5bcf8e173	platitudes	184	retain	balanced-editorial-quota
5e33610f6bf1f21e	platitudes	185	exclude	quota
45d28fe076911ed3	platitudes	186	retain	balanced-editorial-quota
21db343d2932e19b	platitudes	187	exclude	quota
b747a0747e5e66c0	platitudes	188	retain	balanced-editorial-quota
8ae71dd1c5a9dda1	platitudes	189	exclude	quota
cdbd593005051b30	platitudes	190	exclude	quota
38194175a8f6295f	platitudes	191	exclude	presentation-length
ec558e36fde8d02d	platitudes	192	exclude	quota
a3b0dbfe85fb8b0a	platitudes	193	exclude	presentation-length
b1bc9112c6e7300c	platitudes	194	exclude	quota
10054e2fc2608714	platitudes	195	exclude	quota
e367da68caf4c373	platitudes	196	exclude	violence-or-death
804e4d40c82a7f47	platitudes	197	retain	balanced-editorial-quota
6dae5caa713a10ad	platitudes	198	retain	balanced-editorial-quota
a15d6c5b3de37bff	platitudes	199	retain	balanced-editorial-quota
6bb9f7809be5b81e	platitudes	200	exclude	violence-or-death
702d134d51ab2059	platitudes	201	exclude	quota
5a1efd169cde4d18	platitudes	202	exclude	quota
f234788b07f9c952	platitudes	203	exclude	quota
640ff099e61e7132	platitudes	204	exclude	quota
10f5b2b775341f80	platitudes	205	exclude	violence-or-death
eb11d9606f377f98	platitudes	206	exclude	quota
3db117ce004cba6d	platitudes	207	retain	balanced-editorial-quota
765dcb3eb0e04a4e	platitudes	208	exclude	quota
c7aadd852d21409b	platitudes	209	retain	balanced-editorial-quota
25f47e57f041751f	platitudes	210	exclude	presentation-length
2422a66da1bf22bc	platitudes	211	retain	balanced-editorial-quota
abc39db334d23e50	platitudes	212	exclude	quota
85f789513727e4e6	platitudes	213	exclude	final-corpus-trim
9b197710306f4062	platitudes	214	exclude	quota
39392d33e688afa4	platitudes	215	exclude	quota
ba1a01aad50331f9	platitudes	216	retain	balanced-editorial-quota
65f116763866115c	platitudes	217	exclude	quota
e96d8aa37f04d39d	platitudes	218	exclude	quota
60121a09fa6ef109	platitudes	219	exclude	quota
acefa2f1475daa6c	platitudes	220	exclude	quota
f637ef62f302e3fa	platitudes	221	exclude	quota
adfd152f7ac9494f	platitudes	222	exclude	quota
d4df1dc2395551f0	platitudes	223	exclude	quota
82af63cbfcf1a7e6	platitudes	224	exclude	quota
f8e704bf0ae35cbe	platitudes	225	retain	balanced-editorial-quota
84df3a02715b3675	platitudes	226	exclude	violence-or-death
fe8867fe49e8ed47	platitudes	227	retain	balanced-editorial-quota
a9d2ba3320e38cb6	platitudes	228	retain	balanced-editorial-quota
8c8d10d61c4ea649	platitudes	229	exclude	quota
ae84918c3bf6b84d	platitudes	230	exclude	quota
e231d0a9bf009fdf	platitudes	231	exclude	quota
f1592f96bc61542f	platitudes	232	exclude	quota
fe1739fe7db912de	platitudes	233	exclude	presentation-length
68c7d82b8421eeb6	platitudes	234	exclude	quota
2ebe2c4576909f57	platitudes	235	exclude	quota
a0314aeb1e73b32e	platitudes	236	exclude	quota
3ec0c08943f0234d	platitudes	237	retain	balanced-editorial-quota
e732656d69aa9788	platitudes	238	exclude	quota
270bdb675e030906	platitudes	239	exclude	quota
2dece5cf65fcc6ba	platitudes	240	retain	balanced-editorial-quota
da18b2eb5dca953d	platitudes	241	exclude	violence-or-death
7580ac72e2114c90	platitudes	242	retain	balanced-editorial-quota
03ffff445514a050	platitudes	243	retain	balanced-editorial-quota
7a98b90681db9538	platitudes	244	exclude	quota
735427cab1ea0f96	platitudes	245	exclude	quota
1395303c95be4512	platitudes	246	exclude	violence-or-death
a1e44ffd7081e8ba	platitudes	247	retain	balanced-editorial-quota
b2e520ab2e3badce	platitudes	248	exclude	quota
c234a72cd8a2ffde	platitudes	249	retain	balanced-editorial-quota
60f69d8cb61c03b0	platitudes	250	retain	balanced-editorial-quota
7b4030a74afc07d3	platitudes	251	exclude	quota
e3f254c3acaa247a	platitudes	252	exclude	quota
90da18cfbc827983	platitudes	253	exclude	quota
06f9e8655d5df42c	platitudes	254	retain	balanced-editorial-quota
8e2917598ea13c39	platitudes	255	retain	balanced-editorial-quota
a16862fcf761bec1	platitudes	256	retain	balanced-editorial-quota
7fa0bc457baa31fe	platitudes	257	exclude	quota
5890f691cccd9257	platitudes	258	retain	balanced-editorial-quota
0f892703b8f6f88b	platitudes	259	exclude	quota
877749f40fd89ead	platitudes	260	exclude	quota
7be1b903abfc88f0	platitudes	261	retain	balanced-editorial-quota
01289484bb383126	platitudes	262	retain	balanced-editorial-quota
dc41b6bee1cb9e6e	platitudes	263	retain	balanced-editorial-quota
eca34376dadeb64f	platitudes	264	retain	balanced-editorial-quota
4a14794a7091e4c0	platitudes	265	exclude	quota
33aecd68f6e4e64a	platitudes	266	exclude	quota
b036e16b39da833c	platitudes	267	exclude	quota
4249a46f592387ad	platitudes	268	exclude	quota
61416233c95f5b3a	platitudes	269	retain	balanced-editorial-quota
618492247f156bc7	platitudes	270	exclude	quota
102bbf6e2e8d114c	platitudes	271	exclude	presentation-length
fcefb37bede3ffe4	platitudes	272	exclude	presentation-length
452b596ce70cdf89	platitudes	273	exclude	quota
7b8a755789c57046	platitudes	274	exclude	quota
6178c72244088bfe	platitudes	275	exclude	quota
85b914c62c2a0e23	platitudes	276	retain	balanced-editorial-quota
6e07efb63098e1ac	platitudes	277	exclude	quota
bf86c2d1f3bb47ed	platitudes	278	exclude	quota
be491182cf60bef7	platitudes	279	exclude	quota
0c98afb1db112827	platitudes	280	retain	balanced-editorial-quota
cb5f9137fd6039f6	platitudes	281	exclude	quota
d1048607b3473cc1	platitudes	282	retain	balanced-editorial-quota
53e032d830434208	platitudes	283	exclude	quota
814b5418c67ba9f8	platitudes	284	exclude	quota
1ae9aaf6dcac1951	platitudes	285	exclude	quota
bbb0e7e56161fa3f	platitudes	286	exclude	quota
8c6664e480c05a4a	platitudes	287	exclude	quota
29da5898fbd0fcaa	platitudes	288	exclude	quota
506ec15d9a3e4cc6	platitudes	289	exclude	quota
a4c863a7e1c7d5d0	platitudes	290	exclude	quota
a2f5c7645d3b3d3c	platitudes	291	exclude	quota
cd1a20df0c67b34b	platitudes	292	exclude	quota
f9df49bb31d92af1	platitudes	293	retain	balanced-editorial-quota
841732f354dc0a6b	platitudes	294	exclude	quota
4df57db4d2abf9e9	platitudes	295	exclude	quota
9f415fef0c2ad2af	platitudes	296	exclude	quota
b4a4b5bcc9ff79fd	platitudes	297	retain	balanced-editorial-quota
020de6eaa3759064	platitudes	298	exclude	quota
972d3f9adb844580	platitudes	299	exclude	quota
f25c17cb50ec4521	platitudes	300	retain	balanced-editorial-quota
6f7b0640ddfd035c	platitudes	301	exclude	quota
8a84e74c57761f5d	platitudes	302	retain	balanced-editorial-quota
bb096fe32ffa2e36	platitudes	303	retain	balanced-editorial-quota
6a727b9f4785930e	platitudes	304	retain	balanced-editorial-quota
6c3901fd8bf4e21e	platitudes	305	exclude	quota
08b26be1e8cfb07f	platitudes	306	exclude	quota
ebe017e1d20af776	platitudes	307	exclude	quota
7f2adbb1639f6437	platitudes	308	exclude	quota
8e05d2c0f50e8fb9	platitudes	309	exclude	quota
5ab40ed968417f65	platitudes	310	exclude	quota
a1f72220379d9995	platitudes	311	exclude	presentation-length
899a3f345e0fbf8f	platitudes	312	exclude	quota
ffb02856186aaedf	platitudes	313	retain	balanced-editorial-quota
c7bb065999f31579	platitudes	314	exclude	quota
44c7b82cae95e36e	platitudes	315	exclude	quota
8e56ba1962979650	platitudes	316	retain	balanced-editorial-quota
3b538ccce66e328e	platitudes	317	retain	balanced-editorial-quota
0bbc455587250d35	platitudes	318	exclude	quota
0f0c30f1dc8491ee	platitudes	319	exclude	quota
dac800397129187b	platitudes	320	exclude	quota
f9bd322f6d49d5f5	platitudes	321	exclude	presentation-length
012371fc60df19c4	platitudes	322	exclude	quota
d382db80235349da	platitudes	323	exclude	quota
75edf47d36945514	platitudes	324	exclude	quota
9ea361662b0ba6b5	platitudes	325	exclude	quota
8b64f8e359ec5c5d	platitudes	326	exclude	quota
a81ae3939e0a8551	platitudes	327	retain	balanced-editorial-quota
e46cbd05ccd1154b	platitudes	328	exclude	quota
37b721751381fb1f	platitudes	329	retain	balanced-editorial-quota
d7598abc152224ac	platitudes	330	exclude	quota
af4816e2ac1b51c3	platitudes	331	exclude	quota
298f6b06c83d4b2b	platitudes	332	retain	balanced-editorial-quota
f72bd7066633da2a	platitudes	333	exclude	violence-or-death
9cb113bdfba4256d	platitudes	334	exclude	quota
c721f8bad1f28526	platitudes	335	exclude	quota
287d065a3361add5	platitudes	336	retain	balanced-editorial-quota
8769d2187269fd4f	platitudes	337	exclude	quota
2fa34b21ee5596f1	platitudes	338	exclude	quota
d7b814452478e4a5	platitudes	339	exclude	quota
b8fc14aa3591d8c8	platitudes	340	exclude	quota
0c3e67d40fcf6bb4	platitudes	341	exclude	presentation-length
496588114a6f9aba	platitudes	342	exclude	quota
fdbfa29fd46cf717	platitudes	343	exclude	quota
57016900adf6de42	platitudes	344	exclude	quota
35257ec9050bc892	platitudes	345	exclude	quota
115ddc6ca6e48123	platitudes	346	exclude	unsafe-character
10bee43f842e3c85	platitudes	347	exclude	quota
a722b5eec9260224	platitudes	348	exclude	quota
5f188e695cc089ff	platitudes	349	exclude	quota
031ea7f67ab11140	platitudes	350	exclude	quota
6b9dab8c75df4864	platitudes	351	retain	balanced-editorial-quota
19079fb5e41d2a4c	platitudes	352	exclude	quota
92072536024037d1	platitudes	353	retain	balanced-editorial-quota
81e678ad84ea782f	platitudes	354	exclude	quota
dd011017983cf4a2	platitudes	355	exclude	quota
5a6d3ffe409adc32	platitudes	356	exclude	quota
c83f7e43f0b8ddfa	platitudes	357	exclude	quota
39204c316f87e65a	platitudes	358	retain	balanced-editorial-quota
7e7353147c307e90	platitudes	359	exclude	quota
41e8ca096b0a1009	platitudes	360	exclude	quota
9ab5f509d8ff286e	platitudes	361	exclude	quota
38c69fcf91976e2c	platitudes	362	exclude	quota
5ba022a3cae57e8e	platitudes	363	exclude	quota
f2e5210a80c2008d	platitudes	364	exclude	unsafe-character
481397cac6ed379e	platitudes	365	exclude	quota
0de65c9425fb58ff	platitudes	366	retain	balanced-editorial-quota
2fba621a21eeebaf	platitudes	367	exclude	quota
2b7fe0937673839c	platitudes	368	retain	balanced-editorial-quota
aa9e1e39f92f435b	platitudes	369	retain	balanced-editorial-quota
6a8a1f1130d5f168	platitudes	370	retain	balanced-editorial-quota
21ba1fd63eebb97c	platitudes	371	exclude	quota
23f1c191d3629f86	platitudes	372	exclude	quota
0dfd5f177bcaf781	platitudes	373	exclude	quota
bae9d17471f010bc	platitudes	374	exclude	quota
47d2bb686ff4e631	platitudes	375	exclude	quota
075193600c19f093	platitudes	376	exclude	quota
44540f5a6a87e04e	platitudes	377	exclude	quota
31bc200508f5e037	platitudes	378	exclude	quota
033cdebed50c6ea8	platitudes	379	exclude	quota
e875eb9ddb490fc0	platitudes	380	retain	balanced-editorial-quota
674280f9ace335d2	platitudes	381	retain	balanced-editorial-quota
6f08d92187f2dae7	platitudes	382	exclude	violence-or-death
7cca2e1705daa66d	platitudes	383	exclude	quota
d1393c501cfdb140	platitudes	384	retain	balanced-editorial-quota
5e6c29260bb068ac	platitudes	385	exclude	quota
1ea74dcb678a1fe2	platitudes	386	exclude	final-corpus-trim
abc165fa870c9f82	platitudes	387	retain	balanced-editorial-quota
fb0f4a67afa26214	platitudes	388	exclude	quota
b9f26aeeba9c11e9	platitudes	389	exclude	quota
e75d5ae359158671	platitudes	390	exclude	quota
cfba332ed2e24d12	platitudes	391	exclude	quota
49c0a6c066f0208a	platitudes	392	retain	balanced-editorial-quota
cdc81dbb1b453bf8	platitudes	393	exclude	quota
a8d48cdb0a0ffbcb	platitudes	394	exclude	quota
1939f90df70e052f	platitudes	395	exclude	quota
a63c158c15206a92	platitudes	396	exclude	quota
638e22c0e1626b2e	platitudes	397	retain	balanced-editorial-quota
9c2d5cac37e91ae7	platitudes	398	exclude	quota
5c429e71bb468ecf	platitudes	399	exclude	quota
fdc550278bcac25e	platitudes	400	retain	balanced-editorial-quota
ff8aaf736465d236	platitudes	401	exclude	violence-or-death
4c909c2162fe2ad5	platitudes	402	exclude	quota
eaa698c41fbdb6d0	platitudes	403	retain	balanced-editorial-quota
63abc9d9361e89bc	platitudes	404	exclude	quota
6c95f5a831a457c7	platitudes	405	retain	balanced-editorial-quota
3cceb750a60922ba	platitudes	406	retain	balanced-editorial-quota
e4faaca3456e82aa	platitudes	407	exclude	quota
5543e998e32ecabe	platitudes	408	exclude	quota
803adbe5cb688c69	platitudes	409	exclude	quota
2ba81cf4ccd643f5	platitudes	410	exclude	quota
c2bb10b17afdb667	platitudes	411	retain	balanced-editorial-quota
99b6b8ef4ff99de4	platitudes	412	exclude	quota
f9c06a0fbea815ee	platitudes	413	exclude	quota
37a63c88bb3c4633	platitudes	414	exclude	quota
3961baf3adc28544	platitudes	415	exclude	violence-or-death
7208c3a65749112e	platitudes	416	exclude	quota
6a904572a4c91534	platitudes	417	exclude	quota
a767e9c899f021da	platitudes	418	retain	balanced-editorial-quota
8b5e4ca6a6111d87	platitudes	419	exclude	quota
24f1e43e6199033b	platitudes	420	retain	balanced-editorial-quota
29acf9ec6fc4ff2c	platitudes	421	exclude	violence-or-death
fae0662a47e9239c	platitudes	422	retain	balanced-editorial-quota
b5a0ebb90776781c	platitudes	423	retain	balanced-editorial-quota
6add3f4f2dc48db4	platitudes	424	retain	balanced-editorial-quota
3612b80b46410786	platitudes	425	exclude	quota
6ab965843a4f36ed	platitudes	426	exclude	duplicate
72c43cd24c49db77	platitudes	427	exclude	quota
2bd3535b5e23c89a	platitudes	428	exclude	quota
18520f63252cfdbe	platitudes	429	exclude	quota
4230c7ede31e4e00	platitudes	430	exclude	quota
7a9b1e5eedb7d989	platitudes	431	exclude	quota
9097d8f13625fae8	platitudes	432	exclude	presentation-length
836b572f8b30cfe9	platitudes	433	exclude	quota
f178b6d452d9ac02	platitudes	434	exclude	quota
a86c80e55d9db393	platitudes	435	exclude	quota
77b324214430e337	platitudes	436	exclude	quota
be15bf68cdffe919	platitudes	437	exclude	quota
77588f5000f967a5	platitudes	438	exclude	quota
21669757e33b4030	platitudes	439	exclude	quota
18343b172df75d79	platitudes	440	exclude	quota
45d98b6cfb732450	platitudes	441	exclude	quota
653507d984da1e92	platitudes	442	exclude	quota
8f9bebfce7f5ca93	platitudes	443	retain	balanced-editorial-quota
82119eaf0a148342	platitudes	444	exclude	quota
98d2d0b2059f7ff9	platitudes	445	exclude	presentation-length
c40c5b2b166b87c5	platitudes	446	exclude	quota
b970c5def4ba0a78	platitudes	447	retain	balanced-editorial-quota
8928e16d6e68befa	platitudes	448	exclude	quota
24a29b48511dc1f4	platitudes	449	exclude	quota
5556cdbcf7f0dae8	platitudes	450	exclude	quota
6952c271d0d5e58a	platitudes	451	exclude	quota
3a5086917e618d0c	platitudes	452	exclude	quota
01d5c5ef5cb8f390	platitudes	453	exclude	quota
12d1f5efcda056e3	platitudes	454	retain	balanced-editorial-quota
bc8ded4cf79a1fa2	platitudes	455	exclude	quota
425ae7e8d38161cc	platitudes	456	retain	balanced-editorial-quota
a07bfa55555c4f95	platitudes	457	exclude	quota
8a1d6857c1536d4f	platitudes	458	exclude	quota
e33bc286b13f8ed3	platitudes	459	exclude	quota
9ff43bb6309a78ea	platitudes	460	retain	balanced-editorial-quota
a8db1a2d7b2b40aa	platitudes	461	exclude	quota
78fac42050f93754	platitudes	462	exclude	violence-or-death
6560fb1342196c31	platitudes	463	retain	balanced-editorial-quota
940681e9cecac901	platitudes	464	exclude	quota
318b8646995dad3f	platitudes	465	retain	balanced-editorial-quota
36758e685bbb5a06	platitudes	466	exclude	quota
b283a153593aeb12	platitudes	467	exclude	quota
833c16405a37a2e2	platitudes	468	exclude	quota
e9399088d1784090	platitudes	469	retain	balanced-editorial-quota
fc81ff85d08c51b2	platitudes	470	retain	balanced-editorial-quota
a4a5bdbf923e7397	platitudes	471	retain	balanced-editorial-quota
b2420b0a2a0bb287	platitudes	472	exclude	quota
aeb64c12c6b1df45	platitudes	473	exclude	quota
8cc6cac7cb645ef3	platitudes	474	exclude	violence-or-death
38f02f5027f0979a	platitudes	475	exclude	violence-or-death
9fcb7577e889611c	platitudes	476	exclude	quota
4836e0a49e817ae1	platitudes	477	exclude	quota
713ddc61883b7368	platitudes	478	retain	balanced-editorial-quota
d1a7002a9087385a	platitudes	479	exclude	quota
d13dcd8a6888e5ec	platitudes	480	exclude	quota
7f7eab24a760e8af	platitudes	481	exclude	quota
5999a362d5183007	platitudes	482	retain	balanced-editorial-quota
d05dbaefbf692c4d	platitudes	483	exclude	final-corpus-trim
a429112363d2778f	platitudes	484	exclude	final-corpus-trim
9a9b9abdc607354a	platitudes	485	exclude	quota
1b7a543c53c354a8	platitudes	486	retain	balanced-editorial-quota
c706f89801c9ad26	platitudes	487	exclude	violence-or-death
04f827f3a17bce2e	platitudes	488	retain	balanced-editorial-quota
fdc756497efc431d	platitudes	489	retain	balanced-editorial-quota
35278e1d2527a47e	platitudes	490	retain	balanced-editorial-quota
3c1a7ba713633609	platitudes	491	exclude	quota
c4d76db8ac4ec537	platitudes	492	retain	balanced-editorial-quota
9b0815761da01fa0	platitudes	493	retain	balanced-editorial-quota
595dd01245bac67d	platitudes	494	exclude	quota
5e93489f9ae7ee82	platitudes	495	exclude	quota
d572c647fa8d6681	platitudes	496	retain	balanced-editorial-quota
bcf9cc07d9234034	platitudes	497	exclude	sexual-or-identity-harm
4d3867bf7361a705	politics	1	exclude	quota
34525998898ebeff	politics	2	exclude	quota
da90a2aed7156c9a	politics	3	retain	balanced-editorial-quota
02e4585e717cd080	politics	4	exclude	final-corpus-trim
be1c296e17031bf0	politics	5	exclude	quota
8e8cc9253c6ad6c9	politics	6	exclude	violence-or-death
c805179deacbfd79	politics	7	retain	balanced-editorial-quota
8f53ea52fe575c79	politics	8	exclude	violence-or-death
78f855524c8c0b98	politics	9	exclude	quota
801844901c6b76cd	politics	10	exclude	body-size-weight-or-diet-humor
309a56282b9ec553	politics	11	exclude	quota
b1108b0db5a3dc2d	politics	12	exclude	quota
d5650f09eb86d408	politics	13	exclude	quota
5bdc6ba12cd226f7	politics	14	exclude	quota
52a18d05d0cc4350	politics	15	exclude	quota
a4f36ae453046338	politics	16	exclude	quota
1c27db55f9e9c9d7	politics	17	exclude	quota
c57dc070f4aab762	politics	18	retain	balanced-editorial-quota
1c362d2385ab35c5	politics	19	exclude	quota
b62450c0c127fe4b	politics	20	retain	balanced-editorial-quota
509b9537c90e9f07	politics	21	retain	balanced-editorial-quota
0352e28078355990	politics	22	exclude	quota
4fc450b204e10ead	politics	23	exclude	violence-or-death
546bc65e01239fc5	politics	24	exclude	quota
5e0e5ac126cd92ce	politics	25	exclude	violence-or-death
3e979174abe48c17	politics	26	exclude	violence-or-death
3c9231938a306aeb	politics	27	exclude	violence-or-death
0241f7757220995d	politics	28	exclude	violence-or-death
788aaf862800574d	politics	29	exclude	quota
6573b9a9dd9a8299	politics	30	exclude	quota
0414f631acaa7661	politics	31	retain	balanced-editorial-quota
7fc7848d960c632b	politics	32	exclude	quota
61485d3166ff158b	politics	33	exclude	quota
88c3bb0cdab80a74	politics	34	exclude	violence-or-death
1274837c0e84b83a	politics	35	exclude	quota
aa95376a4e5f2939	politics	36	exclude	quota
d87763be2c6932a8	politics	37	exclude	violence-or-death
e66e6c84de358bc6	politics	38	exclude	quota
3c80e134d2d90d91	politics	39	exclude	quota
e04a3faa30a004a0	politics	40	exclude	violence-or-death
efd9a711ff8ec094	politics	41	exclude	quota
862634bc0431abfa	politics	42	exclude	quota
c059633a89451d9f	politics	43	exclude	quota
5117209f46ec2d0f	politics	44	exclude	violence-or-death
646843119c538243	politics	45	exclude	quota
42a7fafcac03a5a0	politics	46	exclude	quota
9e15c33bbff11354	politics	47	exclude	quota
5513b251198551ec	politics	48	exclude	quota
d8be5669cfa9b980	politics	49	exclude	violence-or-death
7c6d19bb6f4290ae	politics	50	retain	balanced-editorial-quota
03df9585a8d206ff	politics	51	exclude	quota
0004f7ef54768705	politics	52	exclude	violence-or-death
557b215fc3bee306	politics	53	exclude	quota
dc3b24b9d2588c77	politics	54	retain	balanced-editorial-quota
6cd9437ff8dbe31b	politics	55	exclude	quota
0ded19bb961eb249	politics	56	exclude	quota
c08c950f5229c91a	politics	57	retain	balanced-editorial-quota
133f4f43d1c27a21	politics	58	exclude	violence-or-death
7a792dc2e6dbd941	politics	59	exclude	violence-or-death
22dda49ac519eb62	politics	60	exclude	quota
95edc3b7fb41b9e9	politics	61	exclude	unsafe-character
3c46142ecf18235c	politics	62	exclude	quota
d2b28fa32b02a627	politics	63	exclude	quota
29d960e6c14abf20	politics	64	exclude	quota
9c6ede1dae6543d7	politics	65	exclude	quota
2498ed482ae0b48c	politics	66	exclude	quota
df73604bb06995f5	politics	67	exclude	violence-or-death
ca1e69001ac4d143	politics	68	exclude	quota
df06b23a240fe6aa	politics	69	exclude	violence-or-death
d8bab4a5c32ef05e	politics	70	retain	balanced-editorial-quota
5c5ab5559dc0e777	politics	71	exclude	quota
03387967615221aa	politics	72	exclude	quota
b2b00cf5bddd7831	politics	73	exclude	violence-or-death
809ff326fc2e34da	politics	74	exclude	quota
a7878cb7c49d3e58	politics	75	exclude	quota
9c52fbbc33395741	politics	76	exclude	quota
ca84475aa9c7ef09	politics	77	exclude	violence-or-death
647867489bcc2bad	politics	78	retain	balanced-editorial-quota
2f5c60f99be59194	politics	79	exclude	violence-or-death
c5150c88a83928b7	politics	80	exclude	quota
b9256204e1502171	politics	81	exclude	quota
16c25340948ac8c1	politics	82	retain	balanced-editorial-quota
acab2d2effca564a	politics	83	exclude	quota
8239f04374a1b361	politics	84	exclude	quota
8afc486a2c19a639	politics	85	exclude	quota
1344c91aa301f6d4	politics	86	exclude	quota
89e160b2b26c2dd0	politics	87	exclude	quota
b4669315b177859d	politics	88	exclude	quota
86ed92a7f7289139	politics	89	exclude	quota
c3c83bbc07e8909c	politics	90	exclude	quota
cda63f845021adb8	politics	91	exclude	quota
73b6d93edc356233	politics	92	exclude	quota
b32dd6627669802a	politics	93	exclude	quota
bb1b77deea979aea	politics	94	retain	balanced-editorial-quota
dd0032ff9d4f5fe8	politics	95	exclude	quota
fa437b42c0c70d4d	politics	96	exclude	quota
2c5ad7e57889bba8	politics	97	exclude	quota
f170f623cd52b197	politics	98	exclude	quota
66d8c2c27cf455fa	politics	99	retain	balanced-editorial-quota
2cf27e5e51bddc93	politics	100	exclude	quota
fa86867ad3122721	politics	101	retain	balanced-editorial-quota
5c0d588cf6eb96da	politics	102	exclude	quota
63569ac9cab8fda6	politics	103	exclude	quota
ba310b529a75a55e	politics	104	exclude	sexual-or-identity-harm
85e2ca24269752c2	politics	105	exclude	quota
b40ab6c1e4b93e21	politics	106	retain	balanced-editorial-quota
079a4a2dcae43982	politics	107	exclude	quota
45a977c1db181cd3	politics	108	exclude	quota
d69bd0354d9fa327	politics	109	exclude	quota
9f389394a872bba8	politics	110	retain	balanced-editorial-quota
c65a1a8104d6db6b	politics	111	exclude	quota
cc77b537869a2e58	politics	112	exclude	quota
b743d54168be5f8f	politics	113	retain	balanced-editorial-quota
00ac3f6c66af30de	politics	114	exclude	quota
c100b4b66835f81c	politics	115	exclude	quota
7379a52ba155029a	politics	116	exclude	quota
3261a61b047f46dd	politics	117	exclude	quota
a1bfd3369e856e02	politics	118	exclude	quota
02abb937aa6baf86	politics	119	exclude	quota
37e101bd3528ce84	politics	120	exclude	violence-or-death
9040b34d0ea5643c	politics	121	exclude	quota
34d22fd74937a35a	politics	122	exclude	quota
570a9713157b9ba8	politics	123	exclude	quota
dd5fc404a72c7c84	politics	124	retain	balanced-editorial-quota
aaba9c732c6775d0	politics	125	exclude	quota
912b0f3788c3fb5e	politics	126	exclude	violence-or-death
755ac0d9123ea174	politics	127	retain	balanced-editorial-quota
713defc4445e665c	politics	128	exclude	quota
75d057904102d2dd	politics	129	exclude	quota
95e2b2a9e53dcac2	politics	130	exclude	violence-or-death
1bbd0bf1f29a9830	politics	131	exclude	quota
4e164f622d721079	politics	132	exclude	quota
d9bedee9bb1c6273	politics	133	exclude	violence-or-death
1e0016fda611c795	politics	134	retain	balanced-editorial-quota
52da5def8eca4c5e	politics	135	exclude	violence-or-death
053d91a38a67791d	politics	136	exclude	quota
a5af70c11501d347	politics	137	exclude	quota
d44232064ea4ebe0	politics	138	exclude	duplicate
d3e0f842f77459df	politics	139	retain	balanced-editorial-quota
05b28d68f4a26b9f	politics	140	exclude	quota
65a294f8d39b4784	politics	141	exclude	quota
e1a058750903b641	politics	142	exclude	quota
2683cb7108ef9f74	politics	143	retain	balanced-editorial-quota
371a5aadbfe0415e	politics	144	exclude	quota
acf573604c67e494	politics	145	exclude	presentation-length
bd980dbbdaf3f99f	politics	146	exclude	quota
ae120051dc2838f0	politics	147	exclude	quota
6b873fb5b05f823c	politics	148	exclude	quota
8290ba9574e97565	politics	149	exclude	quota
42fd69ffe9c3d653	politics	150	exclude	quota
ad501b7baeb4d303	politics	151	exclude	violence-or-death
7e6c71ad08d0e592	politics	152	exclude	quota
c7425a6c64b5bc5f	politics	153	exclude	quota
ef6c01846bda03f6	politics	154	retain	balanced-editorial-quota
d29f8bb16b61acad	politics	155	exclude	quota
ef08bedf756c0cee	politics	156	exclude	violence-or-death
3dc2cc2a1e1ffe9e	politics	157	exclude	quota
4b7e41772ae717e2	politics	158	exclude	quota
89249c5cf5b949f4	politics	159	retain	balanced-editorial-quota
6ee6b77fca4ccca4	politics	160	exclude	violence-or-death
caeb421bfc6f03d9	politics	161	retain	balanced-editorial-quota
01d578e1d965ba72	politics	162	exclude	violence-or-death
33485d894a7fde60	politics	163	retain	balanced-editorial-quota
66a46b651217da9a	politics	164	exclude	quota
97ddbd82f0e72abb	politics	165	exclude	quota
9db36b74e4e36a87	politics	166	exclude	quota
e6d04912b095c9d7	politics	167	exclude	quota
ae2bab39e65a00f7	politics	168	exclude	violence-or-death
d1804a97395dcd4f	politics	169	exclude	quota
74ca17530be7e1de	politics	170	exclude	quota
fea1a0860ff9d027	politics	171	exclude	quota
5727b155da593f8d	politics	172	exclude	violence-or-death
eb10f0418979278f	politics	173	exclude	quota
744dd4770138b0bb	politics	174	exclude	quota
5a95ff1f6c578862	politics	175	exclude	quota
08b7b6c71e4c0bc8	politics	176	exclude	quota
a50ee9ef20678724	politics	177	exclude	quota
6c3a7ee740605f4e	politics	178	exclude	violence-or-death
f784b92053775832	politics	179	exclude	quota
a96713eb79721b1f	politics	180	exclude	quota
d858a0578995e930	politics	181	exclude	violence-or-death
aa980f4811677ec3	politics	182	exclude	quota
3f8aa04f5c93f8d1	politics	183	exclude	quota
a40721f61b8ebad2	politics	184	exclude	quota
056334dfb24613b2	politics	185	exclude	violence-or-death
cb9e404756defd02	politics	186	exclude	quota
f47b84ad05456403	politics	187	exclude	violence-or-death
da733ef4d9d309f9	politics	188	exclude	quota
9c34f056f4fc026b	politics	189	exclude	quota
5dde19f37cb3e326	politics	190	exclude	quota
2a12dd915079572d	politics	191	exclude	quota
3abb1109bf306382	politics	192	exclude	quota
2b08d50676a8f21a	politics	193	exclude	quota
5300c7ca8849258c	politics	194	exclude	quota
0638fb4d70f5450f	politics	195	exclude	quota
b2c2849b74cf8e2d	politics	196	exclude	violence-or-death
3ffef723e251d80a	politics	197	exclude	quota
ac17c6317302eb2f	politics	198	exclude	quota
beeef468161b38ca	politics	199	exclude	quota
c8c944c2bb348560	politics	200	exclude	quota
7884beb294d0ad34	politics	201	exclude	quota
e0e2abc2ac991fd2	politics	202	exclude	quota
feb0ff614743915b	politics	203	exclude	quota
1f68378b055f08c0	politics	204	exclude	quota
720828b9a69358fb	politics	205	exclude	quota
7aaac706587044d8	politics	206	exclude	quota
893cd15bc937c652	politics	207	exclude	quota
21fff2d356c1f810	politics	208	exclude	quota
7363185990e20564	politics	209	exclude	violence-or-death
9e7fbed27e1e9165	politics	210	exclude	violence-or-death
a23d88cbc59740f9	politics	211	exclude	quota
338d27b26c87ba78	politics	212	exclude	violence-or-death
3f004815e5eaed5e	politics	213	exclude	quota
77bbefc198d00871	politics	214	exclude	quota
da21a345f2fa608e	politics	215	exclude	quota
b3ffbb87002a2eca	politics	216	exclude	violence-or-death
c5754e64cf7e0371	politics	217	exclude	violence-or-death
176879825bd7349d	politics	218	exclude	violence-or-death
3ea4452b65dda513	politics	219	exclude	quota
62d24076150fbdae	politics	220	exclude	violence-or-death
85deecdc010a0069	politics	221	exclude	final-corpus-trim
6cc094c2a6c3faab	politics	222	exclude	quota
5411698b4cd791cb	politics	223	retain	balanced-editorial-quota
3ebc0c02b9fc4858	politics	224	exclude	final-corpus-trim
0fd6edfabde6d8e7	politics	225	exclude	quota
ccfe0f1ab19b134f	politics	226	exclude	quota
3ef2b4266a1b7f77	politics	227	retain	balanced-editorial-quota
e3fc1cad3d796824	politics	228	exclude	quota
e9e67810ef1703b3	politics	229	exclude	final-corpus-trim
0bfc90214ff1847d	politics	230	exclude	quota
24e6893bb32539a9	politics	231	exclude	quota
7fab0edd564d0c29	politics	232	retain	balanced-editorial-quota
1f21ad711c930164	politics	233	exclude	quota
8ce742d11e7fa41f	politics	234	retain	balanced-editorial-quota
b10604156229f370	politics	235	exclude	quota
e13aad8d0ffd052b	politics	236	exclude	unsafe-character
02584c681441a27a	politics	237	retain	balanced-editorial-quota
91cc724e83856adb	politics	238	retain	balanced-editorial-quota
b71f8ef79b72cc61	politics	239	exclude	violence-or-death
1053b77116b2afe4	politics	240	exclude	quota
6072534c5eb47cdb	politics	241	retain	balanced-editorial-quota
a491a5b242702b59	politics	242	retain	balanced-editorial-quota
75e9b250cbc93760	politics	243	exclude	quota
2c01ddf0354ac769	politics	244	exclude	violence-or-death
48893b75c786b032	politics	245	retain	balanced-editorial-quota
2425270536607bbd	politics	246	exclude	quota
26645bfa5af8a51c	politics	247	retain	balanced-editorial-quota
abbaa42b6a25dbb4	politics	248	exclude	quota
93be96e5c5dc3078	politics	249	exclude	violence-or-death
52c49439c12d5f9f	politics	250	exclude	quota
fb8a3a44871549a6	politics	251	exclude	quota
635d473384c6c814	politics	252	exclude	quota
1bbbc3813c9225fc	politics	253	exclude	quota
e31f3d7866ac8737	politics	254	exclude	quota
91b6d027b77e2403	politics	255	retain	balanced-editorial-quota
fb7fc2fd26e0622b	politics	256	exclude	quota
f481353bf775ead5	politics	257	exclude	quota
7806d6e806ef3476	politics	258	exclude	quota
3dd5da9c9f481f9d	politics	259	exclude	quota
3d3c45a3ba215b57	politics	260	retain	balanced-editorial-quota
5df587d981e32eb7	politics	261	exclude	violence-or-death
6b1db9a6673ed335	politics	262	exclude	quota
e7cb7c3bf7ae6122	politics	263	exclude	quota
76d8550309205280	politics	264	exclude	violence-or-death
21d96590b58a3c16	politics	265	exclude	ethnic-stereotype
277072287cf5e7c4	politics	266	exclude	violence-or-death
2c45297ed437805d	politics	267	exclude	quota
dbc894a8ed1742f2	politics	268	exclude	violence-or-death
f83054d577569bf6	politics	269	exclude	quota
6dd1b27cd5c2d75a	politics	270	exclude	quota
5389246a6fef589c	politics	271	exclude	violence-or-death
c97c150e926e3085	politics	272	exclude	violence-or-death
c4fc9b0f570bd307	politics	273	exclude	quota
c9927e33dafb9a54	politics	274	exclude	presentation-length
9e19271568f2fc5b	politics	275	exclude	quota
c882a5d29afa120b	politics	276	retain	balanced-editorial-quota
11307382c3c1b918	politics	277	retain	balanced-editorial-quota
a92c767596c1750b	politics	278	exclude	quota
d8834c4e5a947423	politics	279	exclude	quota
0baa27311b3389da	politics	280	exclude	quota
52f8f049610a8849	politics	281	exclude	quota
04b8f341bbd1c2cd	politics	282	retain	balanced-editorial-quota
2c2e7fd2b2726ffd	politics	283	exclude	violence-or-death
e6da03d96091af7f	politics	284	retain	balanced-editorial-quota
0919b39e555530a0	politics	285	retain	balanced-editorial-quota
36cf6ddbc804e9eb	politics	286	exclude	quota
3eb793010afe768d	politics	287	exclude	violence-or-death
789ee419b4d79b2b	politics	288	exclude	quota
cfe5914b9d4d6af5	politics	289	exclude	violence-or-death
77e4c146cdd8d1dc	politics	290	exclude	quota
33ab8391e0060329	politics	291	exclude	quota
65af522698141e9c	politics	292	exclude	violence-or-death
1fd753b24a0768b8	politics	293	exclude	quota
ad57642bbbba47cf	politics	294	exclude	quota
f9d3e323a12a55cb	politics	295	exclude	violence-or-death
2586fdf6369ff9d9	politics	296	exclude	quota
84e54748987fecc5	politics	297	retain	balanced-editorial-quota
5b4050bbe63c45cb	politics	298	retain	balanced-editorial-quota
d644e903af0d4eb4	politics	299	exclude	quota
adacbb9ccd097d17	politics	300	exclude	violence-or-death
e5cd7a972748b74d	politics	301	exclude	quota
4dc1b090f9303816	politics	302	retain	balanced-editorial-quota
549ffcddbf71fce8	politics	303	exclude	quota
6ede39930747bb34	politics	304	exclude	quota
7145abfe0f9f7e19	politics	305	exclude	violence-or-death
47b0fe6a6cb55b97	politics	306	retain	balanced-editorial-quota
14f38745aefe1f78	politics	307	exclude	quota
43057df2d5455970	politics	308	exclude	quota
d499e55a37d27bf5	politics	309	exclude	quota
77c9e355ffd00e69	politics	310	retain	balanced-editorial-quota
147db5c232b5c320	politics	311	exclude	violence-or-death
7c3a07d8fd345a4e	politics	312	exclude	violence-or-death
8023d3c4c1f6cbbc	politics	313	exclude	quota
3badfede4cbbdbb1	politics	314	exclude	quota
a092208e36a14e49	politics	315	exclude	quota
cb99801ed0ca4dab	politics	316	exclude	quota
fb9697a0f12b326a	politics	317	exclude	quota
c63610a47d577935	politics	318	exclude	quota
9aa69ce388ba182e	politics	319	exclude	quota
7d7467e956600845	politics	320	exclude	quota
a3be780af12e59a7	politics	321	exclude	quota
a914c98d752c6c91	politics	322	exclude	quota
30257f1210afe885	politics	323	exclude	quota
b0c466bd63801f97	politics	324	exclude	quota
10ce3fe31cbeab71	politics	325	exclude	quota
8a0e76d09daffb2d	politics	326	exclude	presentation-length
0022497b4ea1d038	politics	327	retain	balanced-editorial-quota
adcfbcaa855d3389	politics	328	exclude	quota
c9edf49487d6075d	politics	329	exclude	quota
dbed0e906f668593	politics	330	exclude	quota
cd09b49ae94b7050	politics	331	exclude	quota
360f611cb7186459	politics	332	exclude	quota
03b626722a59927b	politics	333	exclude	quota
13159942e684981f	politics	334	retain	balanced-editorial-quota
34b1ae4f8e164bcb	politics	335	exclude	violence-or-death
ef6145af45ce541f	politics	336	exclude	quota
25b5d5425f1cc145	politics	337	exclude	quota
4fe2aec2099adc35	politics	338	exclude	quota
b687835869f46cff	politics	339	exclude	quota
17a89bcecd8f6cdd	politics	340	exclude	quota
8eeece3ff544e7a3	politics	341	exclude	violence-or-death
0fb6138e56bb7ea2	politics	342	exclude	quota
481d8d9c28f0ac1a	politics	343	exclude	quota
2b66b3ea81aa739a	politics	344	exclude	quota
09bbc270c9fa15ee	politics	345	exclude	quota
400aae42b0f480fd	politics	346	exclude	quota
1996ace289bca2b6	politics	347	exclude	quota
fb622161f19a5ea8	politics	348	retain	balanced-editorial-quota
e21a38b64f9ea185	politics	349	exclude	quota
e1ba4ebd1357d8f7	politics	350	exclude	quota
41ead9ae994df45c	politics	351	exclude	quota
4ad7ab913b9cfa7f	politics	352	exclude	quota
1c3fe6d5f748ab59	politics	353	exclude	quota
8cbff2ca83073a71	politics	354	exclude	violence-or-death
09161850f1c3c36c	politics	355	exclude	violence-or-death
7003b36d7b50c052	politics	356	exclude	quota
c13e9110adba397f	politics	357	exclude	quota
3f518d4db54580d2	politics	358	exclude	quota
7dca83148762f0ed	politics	359	exclude	quota
14de9ce3ef6854c7	politics	360	exclude	quota
70661deeb62e88a0	politics	361	exclude	violence-or-death
cb7142923a94e831	politics	362	exclude	quota
0fcccb8988d00db2	politics	363	exclude	violence-or-death
13ff1acb6941c34d	politics	364	exclude	quota
7dd3647134e90892	politics	365	exclude	quota
1dbb74655fca6077	politics	366	retain	balanced-editorial-quota
4838d7e5462b0561	politics	367	exclude	violence-or-death
6ed123963d02e5e5	politics	368	exclude	violence-or-death
312a0265e5f05e71	politics	369	exclude	quota
653a9cf0cf37001d	politics	370	exclude	quota
53a3c5d560bb7b1f	politics	371	exclude	violence-or-death
2509890bfc5918a4	politics	372	exclude	quota
3acc79d589ac0107	politics	373	exclude	quota
75b333d9d7e65c95	politics	374	exclude	presentation-length
fb559e3f61caf4f9	politics	375	exclude	violence-or-death
45f0505720747448	politics	376	exclude	violence-or-death
dbb50118f54b9b11	politics	377	exclude	violence-or-death
08495b4a93ba23d0	politics	378	exclude	quota
35ff925737a986f0	politics	379	exclude	presentation-length
26b2b9498e987861	politics	380	exclude	quota
6b02cb7553640b09	politics	381	exclude	quota
9589dd75aeafee5e	politics	382	exclude	violence-or-death
3af10f5616b6e774	politics	383	exclude	violence-or-death
73af9f27a940f6bc	politics	384	exclude	quota
4f855d89288e4d10	politics	385	exclude	quota
83dce94ec942ffd0	politics	386	exclude	violence-or-death
f1b3033e4cdbd6fe	politics	387	exclude	quota
a3ade63770c21150	politics	388	exclude	quota
a4278baca5af9c94	politics	389	exclude	quota
0227d90de0defe6e	politics	390	exclude	violence-or-death
5203165ddde98a4c	politics	391	exclude	violence-or-death
32fee8da73fb0a05	politics	392	exclude	quota
b2628b621455b82b	politics	393	exclude	violence-or-death
ba8be4a61b427fb1	politics	394	retain	balanced-editorial-quota
3fa586158c21f59a	politics	395	exclude	quota
55c10c9a2794704a	politics	396	exclude	quota
287e65ba0891a0f3	politics	397	exclude	quota
1c540d971af76018	politics	398	exclude	quota
2edb771a36263d82	politics	399	exclude	violence-or-death
0134ee2c2c205565	politics	400	exclude	quota
0049d4ad7810c9e3	politics	401	exclude	quota
2d5204d77226cfeb	politics	402	retain	balanced-editorial-quota
f011e1418220ad03	politics	403	exclude	quota
7b140361901dd2be	politics	404	exclude	quota
d723b4f82eb2b1ea	politics	405	exclude	quota
3aa1a891a6bf00ac	politics	406	retain	balanced-editorial-quota
1eca516097a0f0d7	politics	407	exclude	quota
8e549337ccefed96	politics	408	exclude	violence-or-death
f3bd9f46fbb6ff90	politics	409	exclude	quota
be489867a778dfd7	politics	410	exclude	quota
dec896818db6a1ea	politics	411	exclude	quota
1c0e18affc07ff7d	politics	412	retain	balanced-editorial-quota
6c4ddfe62edb735d	politics	413	exclude	quota
669efb2509b39a6b	politics	414	exclude	quota
5a7b30cc6f2901b3	politics	415	exclude	violence-or-death
c927a29974390037	politics	416	exclude	violence-or-death
f318c01e09825e26	politics	417	exclude	presentation-length
ed865d78a16a6aff	politics	418	exclude	quota
f7fe1b04a07a19eb	politics	419	exclude	quota
382a71608a7798a1	politics	420	exclude	presentation-length
45aa0db549dfabab	politics	421	exclude	quota
4a01f4155233e2c6	politics	422	exclude	quota
1a6b416ff8538496	politics	423	exclude	quota
42cb8217cbbb9b0a	politics	424	retain	balanced-editorial-quota
422afa70364a238a	politics	425	exclude	quota
9c4e815033880870	politics	426	exclude	presentation-length
6a5461fc2d99d865	politics	427	exclude	quota
f2c561ace1e4c07b	politics	428	exclude	duplicate
efbf19494cbb5ed0	politics	429	exclude	quota
e933c0f8366ee936	politics	430	exclude	unsafe-character
0ce956da4245ab55	politics	431	exclude	quota
2b288e2887c3f755	politics	432	exclude	presentation-length
128356da246ce526	politics	433	exclude	quota
16ad8230280be9ec	politics	434	exclude	violence-or-death
c7ea32ca7c9b2129	politics	435	exclude	quota
11da83dba7f444f8	politics	436	exclude	quota
ad73116a9e4cab27	politics	437	exclude	quota
fd8e155539d9bec0	politics	438	exclude	quota
7edbdb624d395ae4	politics	439	exclude	quota
7712d39f2dde8e89	politics	440	exclude	sexual-or-identity-harm
c6358fb19259656c	politics	441	exclude	presentation-length
3e7c05c46367864a	politics	442	exclude	quota
31f3da805b5a7962	politics	443	exclude	quota
0c1a8e4fc1d3474e	politics	444	exclude	quota
7c2502a4be36d15f	politics	445	exclude	quota
d6d21de564aef38c	politics	446	exclude	final-corpus-trim
2fb7c3e33b0f5307	politics	447	exclude	quota
3e9c1b32f65d45ce	politics	448	exclude	quota
90b872ef8e2b9a9f	politics	449	exclude	violence-or-death
ffda397ca2a707e2	politics	450	exclude	quota
d1e2d83a99fc694c	politics	451	exclude	quota
ada3f2320a8b2052	politics	452	exclude	violence-or-death
0cb11de7e281173e	politics	453	exclude	quota
62e72c43a78f7ebd	politics	454	exclude	quota
0e8c12de62f850a2	politics	455	exclude	unsafe-character
50f3985bde02c6c8	politics	456	exclude	violence-or-death
b5b46a8cf534ba5a	politics	457	exclude	quota
a8bbc9c24cceed76	politics	458	exclude	quota
2ca16691b4a312ee	politics	459	exclude	quota
8754f1720a85a5aa	politics	460	exclude	quota
58c3c11adfe966a6	politics	461	exclude	quota
75e4f74f46737f8e	politics	462	exclude	quota
57dfafa0bb984001	politics	463	exclude	presentation-length
d080bd350d7211b8	politics	464	exclude	quota
c7ae74342dda3cd4	politics	465	retain	balanced-editorial-quota
94b43a2a8c97125a	politics	466	retain	balanced-editorial-quota
18be14f4fa65ec71	politics	467	exclude	quota
8dac8b9a8d7a8dd9	politics	468	exclude	quota
185611a65548c682	politics	469	exclude	quota
273537ae57dce918	politics	470	exclude	quota
466f139a26f959ac	politics	471	exclude	quota
ccd382f0b3644ab8	politics	472	exclude	quota
0ffd216180fe5ca5	politics	473	retain	balanced-editorial-quota
4140e2454efc3efc	politics	474	exclude	quota
9b2ba0ab33834d8e	politics	475	exclude	quota
3fe09b07ba6f4525	politics	476	retain	balanced-editorial-quota
4bc5b06c6553311e	politics	477	retain	balanced-editorial-quota
303d664fa20f9e57	politics	478	exclude	quota
649b683b64654db6	politics	479	exclude	quota
ac875a84d1268695	politics	480	exclude	quota
54dd499b68bda7de	politics	481	exclude	quota
616c9c75425745c7	politics	482	exclude	quota
853f8dce98fa04de	politics	483	exclude	quota
ded10ec12ebee6c1	politics	484	exclude	quota
27d60804e0546731	politics	485	exclude	violence-or-death
464813ec097e385f	politics	486	exclude	quota
6f75f3adb8d38319	politics	487	exclude	quota
f168c25201d1e585	politics	488	exclude	quota
79222d7e03b71212	politics	489	retain	balanced-editorial-quota
4cd66bdd9f0118b9	politics	490	exclude	quota
de0abd76b1461840	politics	491	exclude	quota
f7d0fe61964e8874	politics	492	retain	balanced-editorial-quota
f604a0c8ad9832fa	politics	493	exclude	presentation-length
ad89527f9533b29f	politics	494	exclude	quota
6c6a1c9cbc857080	politics	495	retain	balanced-editorial-quota
c71e5beae5a771b4	politics	496	exclude	violence-or-death
a916065bba14c94b	politics	497	exclude	quota
c5f6ae50e570be6f	politics	498	exclude	quota
71693ab84216a5ff	politics	499	retain	balanced-editorial-quota
01cef996744e0290	politics	500	exclude	quota
8644db8163f608de	politics	501	exclude	quota
d41249cdcf66d495	politics	502	exclude	quota
ac30853b43320c97	politics	503	exclude	quota
727f097c0621ef5c	politics	504	exclude	quota
5f486f04a5c7acf7	politics	505	exclude	violence-or-death
53b0278ce8f2ab13	politics	506	exclude	quota
520d99b04afbc395	politics	507	exclude	quota
57dd040b3e5248f4	politics	508	exclude	violence-or-death
c956a1f254ca2881	politics	509	exclude	presentation-length
0b1bb8ea195378fc	politics	510	exclude	quota
41afb44abb176364	politics	511	exclude	quota
c418c355a5910e5f	politics	512	exclude	quota
70a2e283069e64a7	politics	513	exclude	violence-or-death
fff8f9b7d229d8f9	politics	514	exclude	quota
131103e6b3e1c782	politics	515	exclude	quota
66d62f8742331bbd	politics	516	exclude	violence-or-death
1e065b02f1c39cae	politics	517	exclude	presentation-length
ae97b94ba210530b	politics	518	exclude	quota
621bd910ba73e56f	politics	519	exclude	quota
f11d6d11862f6979	politics	520	exclude	violence-or-death
fd01a13cbba74b04	politics	521	retain	balanced-editorial-quota
91bdaabf6b78633b	politics	522	retain	balanced-editorial-quota
9fdec887f39d39df	politics	523	exclude	violence-or-death
c28e1da709e7d9dd	politics	524	exclude	violence-or-death
b684ce455a0fc1df	politics	525	exclude	quota
95d3049bf20f4ba0	politics	526	exclude	quota
5f4597c77395884f	politics	527	exclude	quota
b6f735a2f330f300	politics	528	exclude	quota
71b84c24b3ae1d55	politics	529	exclude	quota
d93f0681ea8af338	politics	530	retain	balanced-editorial-quota
8138cd47951baa1d	politics	531	exclude	violence-or-death
88f7a0f2a64a4b19	politics	532	exclude	quota
4fe97619f6d68eac	politics	533	exclude	quota
b766f1142ee24dac	politics	534	exclude	quota
8f1fb77845c1ec83	politics	535	exclude	quota
1ac2b9ef6f128355	politics	536	exclude	quota
f33a154193b53f16	politics	537	exclude	quota
f4a54e865304a327	politics	538	exclude	quota
36cd395bb7c3e16d	politics	539	exclude	quota
96a84d4fb595e616	politics	540	exclude	quota
25840036b21bc6fb	politics	541	retain	balanced-editorial-quota
395c4fd559cf7452	politics	542	exclude	presentation-length
a5e98364ea1b8db0	politics	543	exclude	quota
eec8f4abfe825a21	politics	544	exclude	quota
93d648749268cfe5	politics	545	exclude	quota
3c9b65b122284493	politics	546	exclude	quota
339fb9fa5e63037a	politics	547	exclude	quota
b2510e55a3b359cf	politics	548	exclude	violence-or-death
08bb35cdd5e38d83	politics	549	exclude	quota
35441dd75dc8de41	politics	550	exclude	quota
928b7c98581e3ecf	politics	551	exclude	quota
b58511bc285121fb	politics	552	exclude	presentation-length
9b06279ae6ced667	politics	553	exclude	violence-or-death
fbb3d5737df5cbbb	politics	554	exclude	quota
1916b76d08570351	politics	555	exclude	quota
f8679f0bb1fb44fb	politics	556	exclude	violence-or-death
846418de61a44302	politics	557	exclude	quota
44f46747e306230c	politics	558	exclude	quota
885d998caa8f5985	politics	559	exclude	quota
5e304082fa9b00d1	politics	560	exclude	quota
659f05cfb0701b91	politics	561	exclude	quota
9ffdaa57f5f6dc4a	politics	562	exclude	quota
668a4385991f1664	politics	563	exclude	violence-or-death
9cde6b3564880055	politics	564	exclude	quota
0e883ac2dad2686f	politics	565	retain	balanced-editorial-quota
220f352980cea9dd	politics	566	exclude	violence-or-death
0b5945be59144fbb	politics	567	exclude	quota
f4f99dcf613b77a6	politics	568	exclude	quota
6af33d85d94ad78b	politics	569	exclude	quota
d7bb1a8cab8026d2	politics	570	exclude	violence-or-death
118b68d23de3a7ac	politics	571	exclude	quota
a1faae5810b29b6c	politics	572	exclude	violence-or-death
15b53fb6dc3c2d4c	politics	573	exclude	quota
5e4cc180e2d18a0e	politics	574	exclude	violence-or-death
5ffd45634895a964	politics	575	exclude	quota
84b913763cb8d3ca	politics	576	exclude	quota
6f6ce6cd123c5fb1	politics	577	exclude	violence-or-death
4797015f0697d58e	politics	578	exclude	quota
215be1a0bf48a95d	politics	579	exclude	quota
b6b6b32b32845f3c	politics	580	exclude	quota
7ff22650226c8772	politics	581	exclude	quota
c8afbb660eb52d74	politics	582	exclude	quota
28450ba0ea2b2f16	politics	583	exclude	body-size-weight-or-diet-humor
daf0c04b06918632	politics	584	exclude	presentation-length
9fe56c80195d25a7	politics	585	exclude	quota
5cf3ad8ea9106eba	politics	586	exclude	quota
a4a605e7e5ff20c7	politics	587	exclude	quota
0cce5d74212d5b07	politics	588	exclude	quota
4928df5f9f10d829	politics	589	exclude	quota
11fd1295328efa66	politics	590	retain	balanced-editorial-quota
d61211cb1634ce5f	politics	591	exclude	quota
39350273a6e1409d	politics	592	exclude	quota
446c2eca6e7cb080	politics	593	exclude	violence-or-death
36e9c68550148690	politics	594	retain	balanced-editorial-quota
911bc396ae86c98e	politics	595	exclude	quota
bacf7f9273a5c542	politics	596	retain	balanced-editorial-quota
ade08b16fc5a3606	politics	597	exclude	quota
03325930740fa742	politics	598	exclude	quota
3d364f97342f518f	politics	599	exclude	presentation-length
4b18492a2f055cb2	politics	600	exclude	quota
71b77c655ce12094	politics	601	exclude	quota
084653c5f345a878	politics	602	exclude	quota
1fa12277af144710	politics	603	exclude	quota
9d429afa4d76d789	politics	604	exclude	quota
de841f6fa81e87d4	politics	605	exclude	quota
7c8190bb6dde9d36	politics	606	exclude	quota
54f8afe0d8aac34b	politics	607	exclude	quota
9b907ac6fa9e7fdb	politics	608	exclude	violence-or-death
12c7f2cf41d58477	politics	609	exclude	quota
83285ef7a17c7597	politics	610	exclude	quota
d3955c21c75f357d	politics	611	exclude	presentation-length
0ec17283ec275e71	politics	612	exclude	violence-or-death
fd04830ed7ee64cc	politics	613	exclude	violence-or-death
c1995e69d1e8075b	politics	614	exclude	violence-or-death
f0658944004f36de	politics	615	exclude	violence-or-death
2d822cc4bc0fbf87	politics	616	exclude	presentation-length
7f770df6d8577bb1	politics	617	exclude	violence-or-death
ad1e02aaba32cb79	politics	618	exclude	violence-or-death
c3908cc9e01a200b	politics	619	exclude	violence-or-death
6b8fe28810d8bf43	politics	620	exclude	violence-or-death
51b7b9d766e38722	politics	621	exclude	violence-or-death
46a794428628a9fa	politics	622	exclude	violence-or-death
c23922aab065b949	politics	623	exclude	violence-or-death
a543e4969476ea07	politics	624	exclude	violence-or-death
9fedbfbdb80a2a5e	politics	625	exclude	quota
5f529eac7772e939	politics	626	retain	balanced-editorial-quota
02309d14ed888021	politics	627	exclude	quota
f7b2d178426ec6fb	politics	628	retain	balanced-editorial-quota
5e639d5780a3bdc1	politics	629	exclude	quota
715fa6bf1ef05632	politics	630	exclude	quota
8f8eab3eb400b838	politics	631	retain	balanced-editorial-quota
1c2aa52f756254bc	politics	632	exclude	quota
de1c09ca50535cab	politics	633	exclude	violence-or-death
8bbd3dcfd37e0058	politics	634	exclude	quota
ee577a4cb0f01b54	politics	635	exclude	quota
9cc930d554e2f34a	politics	636	retain	balanced-editorial-quota
cc8ef82941913d5d	politics	637	retain	balanced-editorial-quota
e7cff25a38f02883	politics	638	exclude	quota
6f0dd1e23d5c4c6f	politics	639	exclude	quota
2de1ef9fa966d0df	politics	640	exclude	quota
ec0b213bd8fb1e75	politics	641	exclude	quota
593432cb1899e8f7	politics	642	exclude	violence-or-death
9bf0427b7091b759	politics	643	exclude	violence-or-death
712fe0947624c6e5	politics	644	exclude	quota
ea39e7601a7ec7a8	politics	645	retain	balanced-editorial-quota
3c683093682279bb	politics	646	exclude	quota
db9dce9a5197bf99	politics	647	exclude	quota
f0bc3cd3193be914	politics	648	exclude	duplicate
8728e40d1044938e	politics	649	retain	balanced-editorial-quota
83dc05a208a7ef9a	politics	650	retain	balanced-editorial-quota
3bc23fb3b4386c51	politics	651	exclude	quota
1389e3e5bd7e66ae	politics	652	exclude	quota
bbcda5c5f768a9c9	politics	653	exclude	quota
e4ef2324ec82b44b	politics	654	exclude	violence-or-death
f57ee0692b6f1b22	politics	655	exclude	quota
484ddd6e0aebdebf	politics	656	exclude	violence-or-death
51a806bdec83d626	politics	657	exclude	quota
9fe7cf096282ea71	politics	658	exclude	quota
e9f4e1f6068e82f7	politics	659	retain	balanced-editorial-quota
248e1f6f3f117db8	politics	660	exclude	quota
b938e9a260a6a5f3	politics	661	exclude	quota
13580a6521579a30	politics	662	retain	balanced-editorial-quota
291a3ee17774ed4b	politics	663	retain	balanced-editorial-quota
c7a53baba89b9c82	politics	664	retain	balanced-editorial-quota
6a9cab38514ad90a	politics	665	exclude	quota
ec100d9d3b6ec734	politics	666	exclude	quota
0eb4daa0de606923	politics	667	exclude	violence-or-death
7cc3aef8d852cefb	politics	668	exclude	quota
51b4fc10772aed64	politics	669	exclude	quota
a8db240041491f02	politics	670	exclude	violence-or-death
64ea3f2f1a36bd85	politics	671	retain	balanced-editorial-quota
4ff5d9f2e6b42b57	politics	672	exclude	quota
e87504fde98d8a71	politics	673	exclude	quota
62f70a00b05db32f	politics	674	exclude	quota
1e7f27a6df2a6dd0	politics	675	retain	balanced-editorial-quota
2bb912ae7a5cbff6	politics	676	exclude	quota
2b6db32eb7b8a094	politics	677	exclude	violence-or-death
d1b3098e08d372e0	politics	678	retain	balanced-editorial-quota
25f3623a5add59e0	politics	679	exclude	quota
1fe18db62bb54a4e	politics	680	exclude	quota
1163838193b532e7	politics	681	retain	balanced-editorial-quota
6258f88bca55d6dc	politics	682	exclude	quota
04f1a7c7feee7c67	politics	683	retain	balanced-editorial-quota
88bfcd5b6e0d1383	politics	684	exclude	quota
86290016b4ad4bd0	politics	685	exclude	violence-or-death
45a8319047748ed4	politics	686	retain	balanced-editorial-quota
2e93ce24a4c031c1	politics	687	exclude	quota
11d482a1395ffcd6	politics	688	exclude	presentation-length
37eaaff362b8ed69	politics	689	exclude	quota
d46dfd96ff8d40f2	politics	690	exclude	quota
b690fac12492aaca	politics	691	exclude	quota
44ddb3b4ba964582	politics	692	exclude	violence-or-death
d790cdc75d3af780	riddles	1	retain	balanced-editorial-quota
0241d481a5a5a411	riddles	2	exclude	final-corpus-trim
fa60311b3f937f1e	riddles	3	exclude	quota
99d3a5ee641f5369	riddles	4	exclude	quota
b7347a79167ca82e	riddles	5	retain	balanced-editorial-quota
b8e4ea58a67f7120	riddles	6	retain	balanced-editorial-quota
321a432d541d96e3	riddles	7	retain	balanced-editorial-quota
61052ffb03ac2d0f	riddles	8	exclude	quota
77d8839b1ac369d4	riddles	9	exclude	quota
7b20c80fd46d1f85	riddles	10	retain	balanced-editorial-quota
d3cbdc63532be416	riddles	11	exclude	quota
c5bc8cf39c8cb321	riddles	12	exclude	violence-or-death
e4ee60d1504cbd4e	riddles	13	retain	balanced-editorial-quota
ab9183b3d9cac05c	riddles	14	retain	balanced-editorial-quota
2647f46cf8794948	riddles	15	retain	balanced-editorial-quota
610bd80680411df8	riddles	16	exclude	quota
395e2d489afa9082	riddles	17	exclude	final-corpus-trim
d44ccbbf62fc200b	riddles	18	exclude	violence-or-death
599a2a55b345bfbc	riddles	19	retain	balanced-editorial-quota
2378f9bfda860663	riddles	20	exclude	quota
cffc932ee3435f6f	riddles	21	exclude	violence-or-death
314e709d35a0015d	riddles	22	retain	balanced-editorial-quota
a094ddb8425eb6a2	riddles	23	retain	balanced-editorial-quota
df75ef244c01d1fc	riddles	24	exclude	quota
35f7415ae0a73f83	riddles	25	retain	balanced-editorial-quota
157ea66a51de7a34	riddles	26	exclude	quota
d991d87630fde86a	riddles	27	exclude	quota
29dc7e7ad2b273e9	riddles	28	retain	balanced-editorial-quota
eb032595e0e2e2f6	riddles	29	exclude	quota
f34197351278204a	riddles	30	exclude	quota
c10f3c8db388c68c	riddles	31	exclude	quota
6245f8e12ba6ca76	riddles	32	exclude	quota
99d82e4a431ad0ac	riddles	33	exclude	quota
0a697cf9b572d777	riddles	34	retain	balanced-editorial-quota
3178fd4589cf72c0	riddles	35	exclude	violence-or-death
38627dd439eb4d3d	riddles	36	retain	balanced-editorial-quota
84a6ba22c87710ca	riddles	37	exclude	quota
3924c9a45dd45382	riddles	38	exclude	violence-or-death
a337f1185fdd1855	riddles	39	retain	balanced-editorial-quota
50efbfad1bc6b195	riddles	40	exclude	presentation-length
98b78966e6d6a4ec	riddles	41	retain	balanced-editorial-quota
02f34bb3b94a2a86	riddles	42	retain	balanced-editorial-quota
a34ed70000abd88b	riddles	43	retain	balanced-editorial-quota
54e331a1ac7f9b8f	riddles	44	retain	balanced-editorial-quota
69f52854337c194d	riddles	45	retain	balanced-editorial-quota
07475b530bbab188	riddles	46	exclude	violence-or-death
2dcd762ce8830061	riddles	47	retain	balanced-editorial-quota
209c624303fe17ee	riddles	48	retain	balanced-editorial-quota
8196aa73b69a8cf4	riddles	49	retain	balanced-editorial-quota
748fe4098035cbb7	riddles	50	exclude	quota
0e648f89ed2abfc9	riddles	51	exclude	quota
fb22b9b9ccf9565c	riddles	52	retain	balanced-editorial-quota
b044ad5ab71dd72b	riddles	53	exclude	quota
188ab2deaddbc5b4	riddles	54	exclude	quota
74175804f7cc515d	riddles	55	retain	balanced-editorial-quota
6a556e0ef83ef910	riddles	56	retain	balanced-editorial-quota
d1b24995110d7eb1	riddles	57	exclude	quota
5c3bc2fc8b9d4e19	riddles	58	retain	balanced-editorial-quota
1ced46bce4620a84	riddles	59	retain	balanced-editorial-quota
eb97f62a3020f735	riddles	60	exclude	quota
0745cce563fa887d	riddles	61	retain	balanced-editorial-quota
5f7dc8358555b558	riddles	62	retain	balanced-editorial-quota
6e9f92d3fbd5870d	riddles	63	exclude	quota
2f177518cb9f4429	riddles	64	exclude	quota
9ad6e7b41f699f9d	riddles	65	retain	balanced-editorial-quota
3a24f4ab19153efd	riddles	66	retain	balanced-editorial-quota
42b5d31a0f9007fa	riddles	67	retain	balanced-editorial-quota
e87e48e5fd9a5858	riddles	68	retain	balanced-editorial-quota
c414b1afb8760e92	riddles	69	retain	balanced-editorial-quota
835b812fa954d5e1	riddles	70	retain	balanced-editorial-quota
7f4a964be92cca66	riddles	71	exclude	quota
ebcabb8e835244d4	riddles	72	exclude	final-corpus-trim
00d71dcf8a84e17d	riddles	73	retain	balanced-editorial-quota
8a0902fda695098c	riddles	74	retain	balanced-editorial-quota
23639c7c580ecb7a	riddles	75	retain	balanced-editorial-quota
c9e589cfeb9dc65c	riddles	76	retain	balanced-editorial-quota
87659f0f8ce77b50	riddles	77	retain	balanced-editorial-quota
f2b36fe6d56ad322	riddles	78	exclude	violence-or-death
2801ed3adc16c320	riddles	79	retain	balanced-editorial-quota
a638f8766b16ff59	riddles	80	retain	balanced-editorial-quota
59aa29c9323b6d62	riddles	81	exclude	quota
b15f459bda03b9e3	riddles	82	retain	balanced-editorial-quota
b3eb17289a54666d	riddles	83	retain	balanced-editorial-quota
26e8b7b16853bf05	riddles	84	exclude	quota
117b7f954d892818	riddles	85	exclude	quota
993c6901f81dde68	riddles	86	exclude	quota
da8afc7afb6232fc	riddles	87	retain	balanced-editorial-quota
3b61b7098b288122	riddles	88	retain	balanced-editorial-quota
f7494471f1dd7096	riddles	89	exclude	quota
5d276be8664e6bf7	riddles	90	retain	balanced-editorial-quota
24851467d4e46d56	riddles	91	retain	balanced-editorial-quota
5cffde8f14bc2392	riddles	92	exclude	body-size-weight-or-diet-humor
2c1f5f534a1047ea	riddles	93	exclude	quota
19a4f002ee6cbaa4	riddles	94	exclude	quota
4de783aaca062e57	riddles	95	retain	balanced-editorial-quota
4faed468e7cf4f7d	riddles	96	exclude	quota
aa3bcb05c75f0417	riddles	97	exclude	quota
be5924dc017d3ec1	riddles	98	retain	balanced-editorial-quota
92b4261daefbef89	riddles	99	exclude	violence-or-death
be2830cc1eec9e36	riddles	100	retain	balanced-editorial-quota
7ad78e1343019d3a	riddles	101	exclude	quota
d60fe477c77b5f00	riddles	102	retain	balanced-editorial-quota
031c5e73ac886ef0	riddles	103	retain	balanced-editorial-quota
d9c3a9f5657ef303	riddles	104	retain	balanced-editorial-quota
fe28455fd8b25ca4	riddles	105	exclude	sexual-or-identity-harm
90023f5688cd62dd	riddles	106	retain	balanced-editorial-quota
590044ec7d2f8733	riddles	107	retain	balanced-editorial-quota
e4397d8145cd40bc	riddles	108	retain	balanced-editorial-quota
ebf27e725103694a	riddles	109	exclude	violence-or-death
0e2c03600bf71c61	riddles	110	exclude	quota
aadd5b84295dac54	riddles	111	retain	balanced-editorial-quota
fe71d1478f19eac6	riddles	112	retain	balanced-editorial-quota
e4bfec68928280f2	riddles	113	retain	balanced-editorial-quota
f5200d20080183a6	riddles	114	exclude	quota
a1c3f8885c416956	riddles	115	retain	balanced-editorial-quota
d9b822ebb49f26de	riddles	116	exclude	violence-or-death
9daaf183494e4c98	riddles	117	retain	balanced-editorial-quota
9cf5b45976eac270	riddles	118	retain	balanced-editorial-quota
a1e24a0140c7dae0	riddles	119	exclude	quota
b50a79321d2fce77	riddles	120	exclude	quota
f4114270c3b45ec6	riddles	121	retain	balanced-editorial-quota
1787f05c7f114a1d	riddles	122	retain	balanced-editorial-quota
f2a992a9f2f99dd7	riddles	123	retain	balanced-editorial-quota
e33d4fa739259303	riddles	124	exclude	final-corpus-trim
ef8a192e4bb3048c	riddles	125	exclude	quota
a35533b2684aa8a6	riddles	126	retain	balanced-editorial-quota
d27c35d3e6faad66	riddles	127	retain	balanced-editorial-quota
77eab0c8f0fe62a9	riddles	128	exclude	quota
40260c761bb98057	riddles	129	retain	balanced-editorial-quota
5bb77d6cd1e36d4f	riddles	130	exclude	body-size-weight-or-diet-humor
b9a4aa55c9ec413f	riddles	131	retain	balanced-editorial-quota
c43847a9f5621186	riddles	132	retain	balanced-editorial-quota
7610769f10b18176	riddles	133	exclude	quota
7029361f0191837f	riddles	134	retain	balanced-editorial-quota
58512054ce49b99f	riddles	135	exclude	quota
3653043107831338	science	1	exclude	quota
c8a808ac67531e0c	science	2	exclude	presentation-length
2a1fe5e0cdcf6489	science	3	exclude	quota
faf330f903e49bab	science	4	exclude	quota
5e56f6ae52e912be	science	5	exclude	quota
cb0065a4c33efc1b	science	6	retain	balanced-editorial-quota
00561af9f3aff709	science	7	exclude	quota
089892645a916ff3	science	8	exclude	quota
890d53afc9a10169	science	9	exclude	quota
f6c66d690e26b77f	science	10	exclude	presentation-length
661e9afdfcf76560	science	11	retain	balanced-editorial-quota
c88e2ed48821a773	science	12	exclude	quota
7c42abf9d72b2b0f	science	13	exclude	presentation-length
ee939725133c2cb5	science	14	retain	balanced-editorial-quota
8bd255445e04ef00	science	15	retain	balanced-editorial-quota
b5ec269c6c9f7dc3	science	16	exclude	violence-or-death
0e08cd49fda7e2d8	science	17	retain	balanced-editorial-quota
1ff47ea0744e8779	science	18	exclude	quota
4475ccb4a25be151	science	19	exclude	violence-or-death
6e326197d9e48ffb	science	20	exclude	quota
94ce0fd5f4f82c36	science	21	exclude	quota
ffe9c7e3b0cf0638	science	22	exclude	quota
15f92d47f04c1566	science	23	retain	balanced-editorial-quota
01f40868b6192338	science	24	retain	balanced-editorial-quota
82831818d015fa68	science	25	exclude	quota
fff91136d8daa459	science	26	exclude	violence-or-death
21c188c8b7391d0d	science	27	exclude	violence-or-death
be8832fbb2c10b70	science	28	exclude	quota
77e670b63c74f08a	science	29	exclude	presentation-length
299e1c3e5ae46163	science	30	retain	balanced-editorial-quota
3e5e0f74ba9a3c63	science	31	exclude	quota
2c238bf75ef5fdd0	science	32	exclude	violence-or-death
c853ad16336b3883	science	33	retain	balanced-editorial-quota
9c8c8edbcb5c66e5	science	34	retain	balanced-editorial-quota
5973908d82db351f	science	35	exclude	quota
1b0b2dea4eabe4de	science	36	retain	balanced-editorial-quota
33b35b8a865d4431	science	37	exclude	quota
4d3807e264d1d043	science	38	exclude	quota
4336aaf5c653ce78	science	39	retain	balanced-editorial-quota
1baf25f41f1350dd	science	40	retain	balanced-editorial-quota
ec382ecaed56560a	science	41	exclude	presentation-length
a367f24a95cb69c0	science	42	retain	balanced-editorial-quota
055c736cf440a814	science	43	exclude	violence-or-death
29230fa621694815	science	44	retain	balanced-editorial-quota
ee862d1479a39cec	science	45	exclude	quota
e7835cee5949dcaf	science	46	exclude	quota
1bae9331415ccc09	science	47	retain	balanced-editorial-quota
1a47de849c6cb29e	science	48	exclude	quota
8c3ef382d748710b	science	49	retain	balanced-editorial-quota
5d23fa383d2b6b2c	science	50	retain	balanced-editorial-quota
35b88ab93012158d	science	51	retain	balanced-editorial-quota
191d6c2a9a6ceb6f	science	52	exclude	quota
f97569d8fe09de78	science	53	retain	balanced-editorial-quota
592ca25a864b1150	science	54	exclude	quota
f7af1828828c4d56	science	55	exclude	quota
d9bcea276deb824c	science	56	exclude	quota
cc9a821b5a30a501	science	57	exclude	quota
4cbdcdc116565800	science	58	exclude	quota
9fe7d0d44f3b4104	science	59	retain	balanced-editorial-quota
2ab074fc27f3f586	science	60	retain	balanced-editorial-quota
ce079d7d5924b30f	science	61	exclude	quota
fdb2e8c8b77b545a	science	62	retain	balanced-editorial-quota
9d8994b7bce0a3f1	science	63	exclude	quota
515ab9ce686021f8	science	64	retain	balanced-editorial-quota
9223345c0873037b	science	65	retain	balanced-editorial-quota
fdcacf92bef40989	science	66	retain	balanced-editorial-quota
ac3b9716c2ca8d1f	science	67	retain	balanced-editorial-quota
c2263fb4835e5922	science	68	retain	balanced-editorial-quota
dc020a772d81b3bf	science	69	exclude	presentation-length
11f12036ccc08254	science	70	exclude	quota
508a2f9eece30218	science	71	exclude	presentation-length
da944be9067c2778	science	72	retain	balanced-editorial-quota
5394e37e29f60159	science	73	retain	balanced-editorial-quota
c0000c3c65987b9a	science	74	exclude	quota
3ab966503634cb79	science	75	exclude	quota
28d87d1a8d0480cf	science	76	exclude	sexual-or-identity-harm
9940db13df6deec8	science	77	exclude	quota
91b2c15918b3ecaf	science	78	exclude	presentation-length
2d386ef6c34ae3f9	science	79	retain	balanced-editorial-quota
09748f74efe9ee15	science	80	retain	balanced-editorial-quota
341402cf7303bdc2	science	81	retain	balanced-editorial-quota
8bf4df425becbad2	science	82	exclude	quota
4b8389f7f21965e8	science	83	retain	balanced-editorial-quota
4374ebcecbb564a2	science	84	exclude	quota
f157ed652f4cfb27	science	85	exclude	quota
e57bef2792facfb8	science	86	retain	balanced-editorial-quota
2a8fe1e98f3846dd	science	87	exclude	quota
f05354e5e19a5679	science	88	exclude	quota
09ef3b087c10e67a	science	89	retain	balanced-editorial-quota
31b954b07a24cc0c	science	90	exclude	final-corpus-trim
9e028f1a850618a7	science	91	exclude	quota
c8258ff8e1672c59	science	92	exclude	quota
a17849309ac7e62a	science	93	exclude	quota
a5927c3dd7daac7b	science	94	exclude	presentation-length
7bf0c0467f57e9f8	science	95	exclude	quota
0527c36ec7e1bbe4	science	96	retain	balanced-editorial-quota
5659da66d58a98fe	science	97	exclude	quota
7be9afd1c352dce4	science	98	exclude	quota
b0ff52861f55b6f1	science	99	exclude	presentation-length
7221a03b58a4a63f	science	100	retain	balanced-editorial-quota
477a7c064fce573c	science	101	exclude	quota
bce8e2af4fe9178b	science	102	exclude	quota
96e9a1ab77d7bf0c	science	103	exclude	quota
6b9bae77b8e44675	science	104	exclude	quota
1a4183c6bdbefeba	science	105	exclude	quota
c2ed2eb0b8780420	science	106	retain	balanced-editorial-quota
c839e6567ccf0858	science	107	retain	balanced-editorial-quota
fb49e41158394e30	science	108	exclude	quota
1b9ed0ee379cd49d	science	109	exclude	violence-or-death
d3812d30aed819b4	science	110	exclude	violence-or-death
3931d21b9938aa44	science	111	retain	balanced-editorial-quota
bfc7e495260df560	science	112	exclude	quota
1d55a3ea197fbe1f	science	113	exclude	quota
fc09f4caf7d17119	science	114	exclude	quota
4af7f1989845e237	science	115	retain	balanced-editorial-quota
b09a68aa65687f3c	science	116	retain	balanced-editorial-quota
743a360f6057b2a8	science	117	exclude	quota
78a4d3d023c62a7e	science	118	retain	balanced-editorial-quota
79c72cad499c6b7a	science	119	retain	balanced-editorial-quota
641d4cd7fd768b05	science	120	retain	balanced-editorial-quota
b69791eff56f2a9b	science	121	exclude	presentation-length
1af5a7e0387e5b74	science	122	exclude	quota
5132eb565ed60e2e	science	123	retain	balanced-editorial-quota
e523b70de116add3	science	124	retain	balanced-editorial-quota
6473a61e94748525	science	125	retain	balanced-editorial-quota
59c32f79391f353d	science	126	exclude	sexual-or-identity-harm
5134b8cda5981187	science	127	exclude	quota
00b0a333a2afcd56	science	128	exclude	quota
b640b37e20c84fb9	science	129	exclude	quota
cae7bb34f6ea8127	science	130	exclude	quota
7d25bd11c9bb7922	science	131	exclude	quota
8505cd5f4a4af483	science	132	exclude	presentation-length
2acd4c12d02eee2d	science	133	exclude	quota
52b6c4fb8745fac3	science	134	retain	balanced-editorial-quota
c220d0148d129476	science	135	exclude	quota
a55894026c67c051	science	136	exclude	unsafe-character
5bcf937aaf22be9f	science	137	exclude	quota
cb7ec36040fdd40b	science	138	exclude	quota
add0bf3de66fbf51	science	139	exclude	quota
7c51b49fc9ac91ce	science	140	exclude	quota
10d83539ee9f3c36	science	141	retain	balanced-editorial-quota
55514efd47387361	science	142	retain	balanced-editorial-quota
494c5287ea86c3d0	science	143	exclude	presentation-length
a989209519177819	science	144	retain	balanced-editorial-quota
30ef793d3ec075e9	science	145	retain	balanced-editorial-quota
d4da109c2449d1fe	science	146	retain	balanced-editorial-quota
2dd495bd2944695f	science	147	exclude	quota
de04665d322a2270	science	148	exclude	presentation-length
0b0d80754f179ee7	science	149	retain	balanced-editorial-quota
d0ac410f48e7cb3d	science	150	retain	balanced-editorial-quota
f159fab97339d951	science	151	retain	balanced-editorial-quota
c1d9fb93a3e8a4b4	science	152	exclude	quota
e52d21321f7c1027	science	153	exclude	quota
67d0e08b98613662	science	154	retain	balanced-editorial-quota
a73530a2cbde5c45	science	155	exclude	violence-or-death
73b343ad6a2d1f40	science	156	exclude	violence-or-death
a34637cb1a0b16af	science	157	exclude	presentation-length
4fcf2c27bbf0273b	science	158	exclude	presentation-length
ab9983c339c6f12b	science	159	retain	balanced-editorial-quota
bf6a98f21633fe20	science	160	retain	balanced-editorial-quota
d2d420220f86fee1	science	161	retain	balanced-editorial-quota
6619fd3515adfbfd	science	162	exclude	quota
e56bab7d95d8fdc1	science	163	exclude	quota
47f1052fcec22075	science	164	exclude	quota
612eed37442c034c	science	165	exclude	quota
2e636aca8127e8bd	science	166	retain	balanced-editorial-quota
60c1215cc5eb4aaf	science	167	retain	balanced-editorial-quota
3f4f993a05515e50	science	168	retain	balanced-editorial-quota
35241f6a6653e79d	science	169	retain	balanced-editorial-quota
1dd061ef02c68201	science	170	exclude	presentation-length
bd98ea337b16049e	science	171	exclude	quota
b6c6949b79091911	science	172	retain	balanced-editorial-quota
53c00e40ee11ccea	science	173	exclude	violence-or-death
e9e75e84df1b6dae	science	174	retain	balanced-editorial-quota
a5a7fcf9316171a4	science	175	exclude	quota
3509a9ac05adcc72	science	176	exclude	violence-or-death
5f44f953f1505bd6	science	177	exclude	quota
551ebb91f5a6b647	science	178	exclude	quota
b06ae308c02bd227	science	179	exclude	quota
b7a2ed979520ba9d	science	180	exclude	violence-or-death
1319506164c19896	science	181	exclude	presentation-length
a82df610030dbd16	science	182	exclude	quota
2764dbbf2fa9e493	science	183	exclude	quota
8085744f67a69fe6	science	184	exclude	quota
eb49c61197c56212	science	185	exclude	quota
ff6d343aba2dfd8b	science	186	exclude	quota
ddbf5d6379f7383a	science	187	retain	balanced-editorial-quota
9b56c165da3017e3	science	188	exclude	quota
8d20339353b8521b	science	189	retain	balanced-editorial-quota
52f7ef1f34ca4be5	science	190	exclude	quota
cb190048e047d158	science	191	exclude	quota
82d0a02ac4e3e351	science	192	exclude	unsafe-character
92b1fd6124102c98	science	193	exclude	quota
9c56087a4dfdec01	science	194	retain	balanced-editorial-quota
f41eb908c5287859	science	195	exclude	presentation-length
87db90ffbcb1fd32	science	196	exclude	quota
eabe8166ff37bb55	science	197	retain	balanced-editorial-quota
9f05cd5f9c94c22a	science	198	exclude	presentation-length
62dce881c2b373ba	science	199	exclude	quota
c91d7b751086cea9	science	200	retain	balanced-editorial-quota
eee62632d58db494	science	201	exclude	unsafe-character
a2c40efbe9030f60	science	202	exclude	quota
7dc0c7e4422fbd70	science	203	exclude	quota
e30223e73325a25f	science	204	exclude	quota
d0a5cfc64c643fee	science	205	exclude	quota
06ee6798852da917	science	206	exclude	quota
6e38a5ddcc283e57	science	207	exclude	quota
5ab2f80b4ed49442	science	208	exclude	quota
6ec76a5c86f8a5bb	science	209	exclude	quota
c33bae4c33ae3263	science	210	exclude	quota
12f41bada5497068	science	211	exclude	unsafe-character
cf499b1df82c8452	science	212	retain	balanced-editorial-quota
3ea733fe89f12ad2	science	213	exclude	quota
062d1c3f3f7826fd	science	214	retain	balanced-editorial-quota
a061dc38afee94f7	science	215	retain	balanced-editorial-quota
79a7868256ea2c24	science	216	exclude	quota
6530bab9aebb2c3a	science	217	retain	balanced-editorial-quota
d2d1b70cbea1bdc0	science	218	exclude	quota
2923fab1757cbe7b	science	219	retain	balanced-editorial-quota
b93d4951a126a8df	science	220	exclude	quota
69c06380be660f06	science	221	retain	balanced-editorial-quota
c457eff92b7863cb	science	222	exclude	quota
a85c982e62056c9c	science	223	retain	balanced-editorial-quota
cb1ae33e9cd5757a	science	224	retain	balanced-editorial-quota
b851b85fa278719e	science	225	retain	balanced-editorial-quota
38f98344e99790e0	science	226	exclude	quota
6700e9066db42030	science	227	exclude	quota
a87d2f189fa39b6e	science	228	exclude	quota
c9d642db17ad01a2	science	229	retain	balanced-editorial-quota
5bca271720a3f434	science	230	exclude	quota
dd3a19697c544cca	science	231	retain	balanced-editorial-quota
aba9332a6626d02e	science	232	exclude	violence-or-death
5a13c3f91b654357	science	233	retain	balanced-editorial-quota
4a67614bc2c376a9	science	234	retain	balanced-editorial-quota
76c8f264fa766add	science	235	exclude	quota
a914974405b1d688	science	236	retain	balanced-editorial-quota
b06fd4917cda8088	science	237	exclude	quota
cc43ed38a3b610a0	science	238	exclude	quota
ca4cb95ffc9cea07	science	239	retain	balanced-editorial-quota
fd81f4115721b4e8	science	240	exclude	quota
79678ced6c7827f2	science	241	retain	balanced-editorial-quota
a7170a774fecf9a6	science	242	retain	balanced-editorial-quota
4bf907905275db32	science	243	exclude	quota
4196a53573f678d7	science	244	exclude	quota
9a7c4e5f68335721	science	245	retain	balanced-editorial-quota
c78e3dcaced70e66	science	246	retain	balanced-editorial-quota
a0a47a24bcea9298	science	247	exclude	quota
370499ad37e2e51f	science	248	exclude	quota
d25622ff0ae73689	science	249	exclude	unsafe-character
a5804260824e6576	science	250	retain	balanced-editorial-quota
d76c63118eee977c	science	251	retain	balanced-editorial-quota
b6166ad5e2f48d83	science	252	exclude	violence-or-death
e907a0155f1ba8f9	science	253	exclude	presentation-length
09a8ace9b7039194	science	254	retain	balanced-editorial-quota
2bb102abeb10a07b	science	255	retain	balanced-editorial-quota
98e4a60327b63962	science	256	exclude	quota
02607cddc6989756	science	257	exclude	quota
5c7c416c89ff1212	science	258	exclude	quota
03af7e332e12bb37	science	259	exclude	quota
38d6d0c879bb3740	science	260	exclude	quota
4fc57b4c89f3aeb6	science	261	retain	balanced-editorial-quota
6855c82fb4547d86	science	262	retain	balanced-editorial-quota
79004657cca59593	science	263	exclude	ethnic-stereotype
7de933e7dc6f6131	science	264	exclude	presentation-length
6864660e01003607	science	265	retain	balanced-editorial-quota
b6b5ed26bc64f569	science	266	exclude	quota
dec7df9b3af1f1d2	science	267	exclude	quota
62c52ba80452f482	science	268	retain	balanced-editorial-quota
5d97c25c7a5cf496	science	269	exclude	quota
b5e06472944561fd	science	270	retain	balanced-editorial-quota
f4c341cd22a1f239	science	271	exclude	quota
d17cb7bbd797012e	science	272	exclude	quota
43957a356597bba8	science	273	exclude	quota
c3089a6d8fd4b36c	science	274	exclude	quota
144f024f5330d7e1	science	275	retain	balanced-editorial-quota
268a870e98ce0f5f	science	276	exclude	quota
1b0e2057f2dba386	science	277	retain	balanced-editorial-quota
cee64aa8d28cff87	science	278	retain	balanced-editorial-quota
558a3f5b504b0c7b	science	279	exclude	quota
48054e537b30a5dc	science	280	exclude	quota
ae379bf7b3974a4f	science	281	exclude	quota
2f0a38d9e2c6a460	science	282	exclude	quota
b7393c7b1ef194b0	science	283	exclude	quota
9543b22bbdbbe70a	science	284	retain	balanced-editorial-quota
9f76da75b168984d	science	285	retain	balanced-editorial-quota
553baa037053d8fd	science	286	retain	balanced-editorial-quota
9e0cf4b198c57e86	science	287	retain	balanced-editorial-quota
bf7a27858b2de053	science	288	exclude	quota
9d1b958885081924	science	289	exclude	unsafe-character
dfb5b7d6a7e9a19f	science	290	exclude	quota
570da65cd972e3b7	science	291	retain	balanced-editorial-quota
4d22b400bb83fea1	science	292	exclude	quota
2af5cb20bf4bd4ce	science	293	retain	balanced-editorial-quota
13a22811815eba25	science	294	exclude	violence-or-death
2a0d50d648fe85b6	science	295	exclude	quota
39bae3dd834a8aa7	science	296	exclude	quota
f8947c5378baa5a2	science	297	retain	balanced-editorial-quota
3657a47a89c31f42	science	298	exclude	quota
63153e80686260b4	science	299	retain	balanced-editorial-quota
4405b062a6c2e703	science	300	exclude	quota
a1eabfd6218a3fe9	science	301	exclude	quota
ffeafc21ade12e58	science	302	exclude	quota
4fdaef35cb301880	science	303	exclude	sexual-or-identity-harm
51b1ebf493471c9b	science	304	exclude	quota
b00caf004cee15f7	science	305	retain	balanced-editorial-quota
dd69ba04b493848b	science	306	retain	balanced-editorial-quota
a0407de1e81cf7d8	science	307	exclude	quota
4360bf0c84f11cf9	science	308	exclude	violence-or-death
dd3efc82b8c94fe8	science	309	retain	balanced-editorial-quota
85c3d7982503740f	science	310	exclude	presentation-length
c6e8059978750090	science	311	retain	balanced-editorial-quota
5f88b288903d2b77	science	312	exclude	quota
3b8dda9ba6ae66ef	science	313	retain	balanced-editorial-quota
ecf5a88da9a329cf	science	314	retain	balanced-editorial-quota
a0ee384faf4bb9f3	science	315	exclude	presentation-length
ccdc02aa9bd35c76	science	316	exclude	quota
4ece1a81fe9c829f	science	317	exclude	quota
e6ad729c835f1266	science	318	retain	balanced-editorial-quota
7147a7b0250f21a7	science	319	retain	balanced-editorial-quota
751030623854d425	science	320	exclude	violence-or-death
4219f8cca84cd5eb	science	321	exclude	quota
c16bacd16a6f8c59	science	322	exclude	quota
9cab0aa8bc971679	science	323	exclude	quota
2ca0b276c0589e97	science	324	exclude	quota
ece9fc4da28e032e	science	325	retain	balanced-editorial-quota
6d9624c8b21b2e8c	science	326	exclude	quota
16fc88a8d7fb6f12	science	327	exclude	presentation-length
fd4ff8766cfd4726	science	328	exclude	quota
3948da9261d7259f	science	329	exclude	quota
deffa5c12dc6326f	science	330	retain	balanced-editorial-quota
327afd82030728d0	science	331	retain	balanced-editorial-quota
82f19dc8ad000346	science	332	retain	balanced-editorial-quota
54a1a694b212e57c	science	333	retain	balanced-editorial-quota
73a803c1db79ad38	science	334	exclude	quota
509b0fb11a6e6e89	science	335	exclude	quota
ef3c63c88a6b079d	science	336	exclude	quota
3aa50f1197fe62ae	science	337	retain	balanced-editorial-quota
ce74338c91972c1b	science	338	exclude	violence-or-death
e2b2426b4d9df032	science	339	retain	balanced-editorial-quota
25583880261da591	science	340	exclude	quota
6034cae9d805a35f	science	341	exclude	final-corpus-trim
cee73d1187125ea0	science	342	retain	balanced-editorial-quota
0da8c54419c9da3a	science	343	exclude	quota
227d8bd930a3c8be	science	344	exclude	presentation-length
44d254752e735652	science	345	exclude	quota
26d6f2c33ccf36f2	science	346	exclude	quota
ef5f7b789d4868c0	science	347	retain	balanced-editorial-quota
423022982c379058	science	348	exclude	quota
c9260b6621481faa	science	349	exclude	quota
cc6e5c593d50ba03	science	350	retain	balanced-editorial-quota
ea410dab5efdd9b2	science	351	exclude	quota
c46cbe0699fb1b91	science	352	exclude	presentation-length
92884e1c22bab5ee	science	353	exclude	violence-or-death
937441474d6fdb9e	science	354	retain	balanced-editorial-quota
94410e62bbf92c77	science	355	exclude	quota
8c48960bf3488566	science	356	retain	balanced-editorial-quota
1f3fc548c663a478	science	357	retain	balanced-editorial-quota
5831c50d34cf63f9	science	358	exclude	violence-or-death
364cfd41c11352bd	science	359	exclude	quota
83a64350b5ade557	science	360	exclude	quota
1bb296a05f3e5456	science	361	exclude	quota
3488611182c17a1e	science	362	retain	balanced-editorial-quota
c09e658d94416d51	science	363	retain	balanced-editorial-quota
c513a7f09801e68f	science	364	exclude	quota
3001511d441757c1	science	365	exclude	violence-or-death
98a02c35a604a695	science	366	retain	balanced-editorial-quota
53b4a49b11cd4a14	science	367	retain	balanced-editorial-quota
1956fd888e4ed7c9	science	368	retain	balanced-editorial-quota
e7ade20eb85fad1f	science	369	retain	balanced-editorial-quota
d1ef0e0e0055ac45	science	370	exclude	quota
e7cb9d8a953f38af	science	371	retain	balanced-editorial-quota
4bb3b985e3e7197d	science	372	exclude	quota
a52584b24dfec6f4	science	373	retain	balanced-editorial-quota
e090615f954ab2fb	science	374	retain	balanced-editorial-quota
0499907ace5df516	science	375	retain	balanced-editorial-quota
ab66a13026fa8360	science	376	exclude	unsafe-character
5246fdc0b611876d	science	377	exclude	quota
7e203b617691bbe4	science	378	exclude	quota
7c481d68802711a9	science	379	retain	balanced-editorial-quota
f64ff69305bf3219	science	380	exclude	quota
5bac34ab032ec0cc	science	381	retain	balanced-editorial-quota
dbc30b189d5d6466	science	382	retain	balanced-editorial-quota
fd5dca7f26e7a209	science	383	exclude	quota
2a1344c7a79eeb83	science	384	exclude	quota
36374c02177d3b35	science	385	exclude	quota
726c85cd7da6129c	science	386	exclude	quota
fd113207f00670fa	science	387	exclude	presentation-length
4c6ddbb05eb52865	science	388	retain	balanced-editorial-quota
db1c63f8244e9428	science	389	retain	balanced-editorial-quota
dfa0cc610b80ba82	science	390	retain	balanced-editorial-quota
8a38a4dea870de75	science	391	exclude	quota
45786d276356c80f	science	392	exclude	presentation-length
ef65bba257b0b977	science	393	exclude	quota
856923a02502c7b5	science	394	exclude	quota
8b33aaffc5fd6525	science	395	retain	balanced-editorial-quota
eceb6262830b5859	science	396	exclude	unsafe-character
ee9b9c58aaa0e319	science	397	retain	balanced-editorial-quota
62523ca91e0db1cd	science	398	retain	balanced-editorial-quota
2f9b08865a695726	science	399	retain	balanced-editorial-quota
04efa1762821fc95	science	400	exclude	quota
bce394650e55d0fa	science	401	retain	balanced-editorial-quota
9a725a6987ff5667	science	402	exclude	presentation-length
2400bf3c796f0876	science	403	exclude	quota
18399daed54367f8	science	404	exclude	quota
094f799f9695d233	science	405	exclude	quota
17294b83e395467f	science	406	exclude	quota
0e7b616c8f88f5c0	science	407	exclude	quota
c88741c28fa58eec	science	408	retain	balanced-editorial-quota
47824121e52c3a95	science	409	retain	balanced-editorial-quota
97eacb1c4646a8a0	science	410	exclude	quota
6cdd4870f9c1a534	science	411	exclude	quota
95360348cf43f70e	science	412	retain	balanced-editorial-quota
52cc5a562574ecb8	science	413	exclude	quota
cfca7d9ca6ea6f63	science	414	exclude	quota
490187871eed776c	science	415	retain	balanced-editorial-quota
70f91fedac3d00ca	science	416	exclude	quota
ba990734f99f0971	science	417	exclude	quota
b4936283937860a8	science	418	exclude	quota
d252a51723b93d71	science	419	retain	balanced-editorial-quota
06468357966d3479	science	420	retain	balanced-editorial-quota
b0650f541d8d4636	science	421	exclude	quota
725648d8403c5211	science	422	exclude	sexual-or-identity-harm
bc8a334f89dd258e	science	423	exclude	quota
f3d028c5fbca2936	science	424	exclude	violence-or-death
324781b42759800b	science	425	exclude	quota
5782fce50f83ebe0	science	426	retain	balanced-editorial-quota
06ac089b5973722a	science	427	exclude	violence-or-death
38c245bb7f18f229	science	428	retain	balanced-editorial-quota
1eb0630ae441b44c	science	429	exclude	quota
497c80c242510b57	science	430	exclude	quota
40da55bb7aa23873	science	431	exclude	presentation-length
8cbdf62e0b100e64	science	432	exclude	quota
1179cd909c81e3bd	science	433	exclude	presentation-length
554a359bbf821900	science	434	retain	balanced-editorial-quota
5d492070b7a70500	science	435	exclude	quota
00439db5de5da836	science	436	exclude	quota
db205dc7e087ce5d	science	437	exclude	quota
a686646d403ae26b	science	438	retain	balanced-editorial-quota
bb6848b0ca0cf171	science	439	exclude	quota
42cf1a894d3e5094	science	440	exclude	presentation-length
96ac00cbb902bc55	science	441	exclude	quota
c692b3bcf299bfba	science	442	exclude	quota
de574e3008d78f0b	science	443	exclude	violence-or-death
60c0ae242b0b884c	science	444	retain	balanced-editorial-quota
3b62ab7ffeea5d98	science	445	retain	balanced-editorial-quota
a5113f545c7664f0	science	446	retain	balanced-editorial-quota
ca32fb62f3c5167f	science	447	exclude	quota
85406f35479ac68c	science	448	retain	balanced-editorial-quota
406ad04c4a1abfce	science	449	retain	balanced-editorial-quota
243837e482ef567d	science	450	exclude	presentation-length
9d92195bd09f5854	science	451	retain	balanced-editorial-quota
ea2811aff85aaddf	science	452	exclude	quota
0a9b756ad42c71ca	science	453	exclude	quota
ff789cb1ddfaef6a	science	454	exclude	violence-or-death
c78468b10e4e329c	science	455	retain	balanced-editorial-quota
a50e54bf5e2c34dd	science	456	retain	balanced-editorial-quota
3abd950466ceabf4	science	457	exclude	presentation-length
d68a45ba77db01c3	science	458	exclude	quota
daa53d7f1fa878f7	science	459	retain	balanced-editorial-quota
61473b09a145e3af	science	460	retain	balanced-editorial-quota
f9f66b16c77988f0	science	461	retain	balanced-editorial-quota
65a6f0c7ce3bae60	science	462	exclude	quota
866a71a6b3fadb39	science	463	retain	balanced-editorial-quota
db8f3266ab104d1e	science	464	retain	balanced-editorial-quota
ee4ca916b56f34c1	science	465	exclude	quota
d932321861103577	science	466	retain	balanced-editorial-quota
e19d16ec499dc785	science	467	exclude	quota
c5f1c9646838566e	science	468	retain	balanced-editorial-quota
453531d274bf5b05	science	469	exclude	quota
4dc1192e29e2f922	science	470	exclude	quota
05b53fb2579deaae	science	471	retain	balanced-editorial-quota
6a4b665f52062ff9	science	472	retain	balanced-editorial-quota
21106adf8152a7b5	science	473	retain	balanced-editorial-quota
620348d4c358cb63	science	474	retain	balanced-editorial-quota
b89c3b768c3ef99b	science	475	exclude	quota
f834936709b55b53	science	476	retain	balanced-editorial-quota
946a088e07dec7b6	science	477	retain	balanced-editorial-quota
972b3af155d95395	science	478	retain	balanced-editorial-quota
a94f871815c5c3d6	science	479	retain	balanced-editorial-quota
239509bfef0048b2	science	480	retain	balanced-editorial-quota
58be38d9947b2d1d	science	481	exclude	quota
a8446825da3076ca	science	482	exclude	quota
66d92ec3b95ac15a	science	483	retain	balanced-editorial-quota
72d97a74f36ed898	science	484	exclude	quota
943ab29c1432f64e	science	485	retain	balanced-editorial-quota
d5e4adaaebe4927b	science	486	exclude	violence-or-death
25724936f81582be	science	487	exclude	violence-or-death
fe77371d98ca3b57	science	488	retain	balanced-editorial-quota
a20a4ddb283e7b96	science	489	exclude	unsafe-character
5ee7eb7cd4438924	science	490	exclude	quota
d93068260bd510a9	science	491	exclude	presentation-length
eb0bfc13b0d4074e	science	492	exclude	quota
6335a6a0babb6f8e	science	493	exclude	violence-or-death
195c3f46b8b7274d	science	494	retain	balanced-editorial-quota
528ef3ed883da117	science	495	retain	balanced-editorial-quota
c9eeeb58fb073e58	science	496	retain	balanced-editorial-quota
b6e88b4032a96c13	science	497	retain	balanced-editorial-quota
297033b0a2365ec5	science	498	retain	balanced-editorial-quota
05b1992d2bda215e	science	499	retain	balanced-editorial-quota
f8dfb540e921b642	science	500	retain	balanced-editorial-quota
fac3e7d84efd435a	science	501	exclude	quota
eeaab5583ef15bfd	science	502	exclude	quota
851fb2ff17ef536b	science	503	exclude	violence-or-death
478b021dc67f6996	science	504	retain	balanced-editorial-quota
667efbbe07e29ed7	science	505	retain	balanced-editorial-quota
db806b41e7950b84	science	506	retain	balanced-editorial-quota
6e8ec684ee44cd29	science	507	exclude	quota
bc15d8e1059b161d	science	508	exclude	unsafe-character
ad52ebd736f6de62	science	509	retain	balanced-editorial-quota
367695b79c6f8b8a	science	510	exclude	quota
bc21f1ee48d02c49	science	511	exclude	quota
c346c13c7d61ceed	science	512	exclude	quota
f8b5d6c7ae292633	science	513	exclude	quota
301bd5c6ae279967	science	514	exclude	quota
2b895ab0546c76b3	science	515	exclude	quota
d85be976c49e0040	science	516	exclude	quota
5f0006652e33276e	science	517	exclude	quota
2a46f89eb18a3646	science	518	exclude	quota
4e96c5241309f3da	science	519	retain	balanced-editorial-quota
1f3d5aad33bf7a6f	science	520	exclude	quota
5b4ba193090a8373	science	521	exclude	quota
d46f1f60dcb5a949	science	522	exclude	violence-or-death
d59580381d39b7b0	science	523	exclude	quota
fb5f2b122ae50f59	science	524	exclude	presentation-length
2f16552a56856601	science	525	exclude	quota
b6b119504a62e8d5	science	526	exclude	quota
5956ddc2e782945d	science	527	exclude	quota
b150aed84cd2931b	science	528	exclude	quota
f104b05d061beeda	science	529	retain	balanced-editorial-quota
35df354ba04b96f3	science	530	retain	balanced-editorial-quota
a37339360e29f12b	science	531	exclude	quota
ebc0a418537572ab	science	532	retain	balanced-editorial-quota
589d55798196a7f5	science	533	exclude	quota
96880fd9b7070e6e	science	534	retain	balanced-editorial-quota
c1d32d8db7e93954	science	535	retain	balanced-editorial-quota
a56c62510c23a0e8	science	536	exclude	violence-or-death
e86d2a85408966b5	science	537	retain	balanced-editorial-quota
d774e27a17781ea9	science	538	retain	balanced-editorial-quota
efc6199fb7f8b41e	science	539	exclude	violence-or-death
2cc120c2345184ab	science	540	exclude	quota
598ea380effe0538	science	541	retain	balanced-editorial-quota
55ac4f6d5b0ce725	science	542	retain	balanced-editorial-quota
a488bbf540a7170a	science	543	retain	balanced-editorial-quota
c40bcceb4b04ba98	science	544	exclude	presentation-length
55f4e4c5b2b4b79c	science	545	exclude	quota
cb5171a7c09a08a0	science	546	exclude	quota
251076a920956088	science	547	exclude	quota
d68b790b06dc1d34	science	548	exclude	violence-or-death
09f67f9a54bdcf59	science	549	exclude	presentation-length
4306d86be47877a8	science	550	retain	balanced-editorial-quota
234d1dea61d8240d	science	551	exclude	presentation-length
2e0fbe5bb8ca78e2	science	552	exclude	quota
633495c867ecae90	science	553	retain	balanced-editorial-quota
16f8e92b173d3caf	science	554	exclude	quota
fb0970c6eda8f001	science	555	exclude	quota
bf6b2eb4a95ea0ad	science	556	retain	balanced-editorial-quota
2e5fed46825247c9	science	557	exclude	quota
17418a2622c37cae	science	558	exclude	quota
7be59c477eeb15c4	science	559	retain	balanced-editorial-quota
1b6af0da24c4aa54	science	560	retain	balanced-editorial-quota
9feec2aabd54e7d5	science	561	retain	balanced-editorial-quota
fa673792599c906f	science	562	exclude	quota
366c4d7b9fad09b7	science	563	exclude	quota
1c1f6d598bf37629	science	564	retain	balanced-editorial-quota
7d706c694075bbe8	science	565	retain	balanced-editorial-quota
7f0c639038e0cabd	science	566	exclude	quota
edcf98e305f918d5	science	567	exclude	violence-or-death
376d9a4ea6159e79	science	568	retain	balanced-editorial-quota
fc6241a8d42235d3	science	569	exclude	presentation-length
ff60661ea67ee917	science	570	exclude	quota
1057608209f29267	science	571	retain	balanced-editorial-quota
58900b8bbc6e5401	science	572	exclude	presentation-length
6ba1ed49a090db0f	science	573	retain	balanced-editorial-quota
499e3480fc8d51ba	science	574	exclude	quota
8421a911433f9c77	science	575	retain	balanced-editorial-quota
3cd17c305fcb662e	science	576	exclude	quota
1adf6a4c33f0ee30	science	577	exclude	quota
12f6a96b8122cef2	science	578	retain	balanced-editorial-quota
58f1d4abfa82068a	science	579	exclude	quota
bb34ce575c51dc1d	science	580	exclude	quota
8431e877b85cb0c6	science	581	exclude	quota
a0aac751027c0c1d	science	582	exclude	quota
2bf1fabd19e52b40	science	583	exclude	quota
64e6423d4bb1aba8	science	584	exclude	quota
cf200f416c68c901	science	585	exclude	quota
552eadf535fb6ef9	science	586	exclude	quota
d57f7ae30ab40271	science	587	retain	balanced-editorial-quota
54dd8209937fb663	science	588	exclude	quota
5585de3df3e8597a	science	589	exclude	violence-or-death
2882821fe7d38f4e	science	590	retain	balanced-editorial-quota
b155147e646497fd	science	591	exclude	quota
2d0f1688c88b62de	science	592	exclude	quota
f672cb5cd2e7bfd4	science	593	exclude	quota
ceae510bd5bfaef6	science	594	exclude	quota
9a65020825006f15	science	595	exclude	quota
be151321c772db78	science	596	exclude	quota
5941af85dcf9f923	science	597	retain	balanced-editorial-quota
a071dc972b029e14	science	598	exclude	quota
87d364e818016a63	science	599	exclude	duplicate
0771af9f8f8b6cac	science	600	exclude	presentation-length
f2c2e12178a12ba9	science	601	retain	balanced-editorial-quota
75c702273235cce1	science	602	exclude	quota
fc3c8434c6deef3c	science	603	retain	balanced-editorial-quota
ed1214e41dd22ad9	science	604	exclude	violence-or-death
48ae4d08610b36b7	science	605	exclude	quota
47eb82ca0d53864c	science	606	retain	balanced-editorial-quota
9a6f1c8a8d323a4b	science	607	retain	balanced-editorial-quota
35687853d18d2575	science	608	retain	balanced-editorial-quota
4626e9b7e6c490da	science	609	retain	balanced-editorial-quota
81324f25a1c22840	science	610	retain	balanced-editorial-quota
9a43ab6d81bf3a8a	science	611	exclude	violence-or-death
e683bdb33389e88a	science	612	exclude	quota
77680f4985d2488f	science	613	exclude	quota
3eac1ddfc7d37887	science	614	exclude	quota
3f66528e9916d61b	science	615	exclude	quota
e6fa97bedeadf094	science	616	exclude	quota
f78f67daa2292873	science	617	exclude	quota
6904ff27c64de212	science	618	retain	balanced-editorial-quota
439e5541bf25130b	science	619	retain	balanced-editorial-quota
e1babb9ebba95b71	science	620	exclude	quota
ef90e52709043888	science	621	exclude	quota
d11d355506d31143	science	622	exclude	quota
c2d6957112645329	songs-poems	1	exclude	quota
62aef93f60df7f0a	songs-poems	2	exclude	quota
02d16c264de0b6d5	songs-poems	3	exclude	quota
c71014e502d16095	songs-poems	4	exclude	quota
53be8c4d398282d9	songs-poems	5	exclude	quota
21918f9d2d7381c7	songs-poems	6	exclude	quota
024b3ef47ba42dd8	songs-poems	7	exclude	unsafe-character
49c08e1668c3d11e	songs-poems	8	exclude	quota
d3d57b5e7d27839b	songs-poems	9	exclude	violence-or-death
2130df1cc065ed72	songs-poems	10	exclude	quota
aeb6c4412ed9fda4	songs-poems	11	exclude	quota
2fcd5d713e5f57b4	songs-poems	12	retain	balanced-editorial-quota
d1c3f178077721e9	songs-poems	13	exclude	duplicate
1bf6179d5ab9fb4e	songs-poems	14	retain	balanced-editorial-quota
747525415a1d17ff	songs-poems	15	exclude	quota
57d7543f3127ee48	songs-poems	16	exclude	quota
094d8fc08bd06214	songs-poems	17	exclude	quota
9c7ad267552f2b26	songs-poems	18	exclude	violence-or-death
de35f01b0b8a3f45	songs-poems	19	exclude	quota
27f18f49ead8b13b	songs-poems	20	exclude	violence-or-death
b42d47350e507623	songs-poems	21	exclude	quota
d6fb7d018ed42589	songs-poems	22	exclude	presentation-length
2e0479af76bd0273	songs-poems	23	exclude	presentation-length
ff039632025b1640	songs-poems	24	exclude	quota
8ac36886e46e2615	songs-poems	25	exclude	unsafe-character
b3008b914b87dc57	songs-poems	26	exclude	quota
88332eb38516fb41	songs-poems	27	retain	balanced-editorial-quota
6777a370afd037d6	songs-poems	28	exclude	violence-or-death
be45f24208723a5c	songs-poems	29	exclude	quota
d15961b6d7d35fd4	songs-poems	30	retain	balanced-editorial-quota
b87b347b93f3e70d	songs-poems	31	exclude	violence-or-death
18ed2620f6d54dbe	songs-poems	32	exclude	quota
8e45d4b7070616be	songs-poems	33	retain	balanced-editorial-quota
89bdb854c9adb0a2	songs-poems	34	exclude	quota
2ac1b9ec1b367779	songs-poems	35	exclude	violence-or-death
b06a3398c930b2b7	songs-poems	36	exclude	presentation-length
e01445a2916bf1f2	songs-poems	37	exclude	unsafe-character
8a772c024b9e8d69	songs-poems	38	exclude	quota
f6b113c2fdd4dcd9	songs-poems	39	exclude	quota
c7ffe168df0bb177	songs-poems	40	exclude	presentation-length
497e8f415f88c177	songs-poems	41	exclude	presentation-length
9a5a2ec358c6da9c	songs-poems	42	exclude	violence-or-death
d862981d779ef15b	songs-poems	43	exclude	violence-or-death
d7da7ecbeaba9ab0	songs-poems	44	exclude	quota
f5d7e264fb6afce0	songs-poems	45	exclude	quota
bb301bbcf6d470c2	songs-poems	46	exclude	quota
19a213dadf35cb41	songs-poems	47	retain	balanced-editorial-quota
e267cac5ad39d285	songs-poems	48	exclude	quota
96db4dc8a1e5e141	songs-poems	49	exclude	violence-or-death
86fd576dfbc741e9	songs-poems	50	exclude	quota
a61f196cda661af7	songs-poems	51	exclude	violence-or-death
83dcf97b6b01e53d	songs-poems	52	exclude	quota
94849582e036d96c	songs-poems	53	exclude	quota
2c55f9b1eca301ec	songs-poems	54	retain	balanced-editorial-quota
5f3d69a47cc0445b	songs-poems	55	retain	balanced-editorial-quota
ecfefe82d4c35848	songs-poems	56	exclude	violence-or-death
74f27a738553a010	songs-poems	57	exclude	violence-or-death
40e09fc177078b98	songs-poems	58	exclude	quota
181cb45f2efa1469	songs-poems	59	exclude	quota
e853c66aaddac62f	songs-poems	60	exclude	quota
d7c95bdc888b6714	songs-poems	61	exclude	quota
f05f52287996d9a2	songs-poems	62	retain	balanced-editorial-quota
4e4bbb1f345fce7a	songs-poems	63	exclude	violence-or-death
31ae3f991d89e7da	songs-poems	64	exclude	quota
ebc838c2c03708ef	songs-poems	65	exclude	quota
0f8d6d2c8de69d20	songs-poems	66	exclude	quota
51a1122ec5b2ab18	songs-poems	67	exclude	quota
2b8758d749736b32	songs-poems	68	exclude	final-corpus-trim
2e8e504c6f5b9914	songs-poems	69	retain	balanced-editorial-quota
9b56cc73d88ac1e6	songs-poems	70	exclude	unsafe-character
337771cf92417e13	songs-poems	71	retain	balanced-editorial-quota
61a3d09f1e39b887	songs-poems	72	exclude	duplicate
52389a630026ba6a	songs-poems	73	retain	balanced-editorial-quota
3957bb97abcd18af	songs-poems	74	exclude	violence-or-death
fe63edef5d7ff3ab	songs-poems	75	exclude	quota
be291817467cfdfc	songs-poems	76	exclude	quota
082c891ec90d85a9	songs-poems	77	exclude	quota
ca227f2420dda98b	songs-poems	78	retain	balanced-editorial-quota
1af9e0442debd1ef	songs-poems	79	exclude	violence-or-death
9306c3e1e7017016	songs-poems	80	exclude	violence-or-death
e9d2149be7ab3c32	songs-poems	81	exclude	violence-or-death
68aed9e5ab18c3a8	songs-poems	82	exclude	quota
c7578ff01d76bac7	songs-poems	83	exclude	quota
cfcb17f2a21fb672	songs-poems	84	exclude	quota
17d0d9d11d6f3818	songs-poems	85	exclude	quota
162dbe1d0126acc6	songs-poems	86	retain	balanced-editorial-quota
4dca11fb93ddadc8	songs-poems	87	exclude	quota
86fbf5a6a305c7fa	songs-poems	88	retain	balanced-editorial-quota
0f858798088a9ef7	songs-poems	89	exclude	quota
92510851db00aeb3	songs-poems	90	exclude	violence-or-death
d7017f28152a63ab	songs-poems	91	exclude	quota
6cbd955f0275bae2	songs-poems	92	retain	balanced-editorial-quota
5f4eac19653893ac	songs-poems	93	retain	balanced-editorial-quota
919c4797e6af4abd	songs-poems	94	exclude	quota
66d881b1d0b32e87	songs-poems	95	exclude	sexual-or-identity-harm
6a1a1a67197ba562	songs-poems	96	retain	balanced-editorial-quota
6f4feb13af42c52f	songs-poems	97	exclude	unsafe-character
b9b7a30526882ad9	songs-poems	98	exclude	duplicate
9f0eb5b74101b566	songs-poems	99	exclude	quota
06c96dfb73eb0ab8	songs-poems	100	retain	balanced-editorial-quota
976d690857649ecf	songs-poems	101	exclude	violence-or-death
9099e876493dd27b	songs-poems	102	exclude	violence-or-death
35c09d3389128c72	songs-poems	103	exclude	violence-or-death
e5666e6c6962e7dd	songs-poems	104	exclude	quota
d3acd243723d636f	songs-poems	105	exclude	quota
24a827a1f398fa82	songs-poems	106	exclude	quota
bfdc021cb533fe75	songs-poems	107	exclude	violence-or-death
43193dc979622225	songs-poems	108	exclude	quota
1c4dd02b5bea67ce	songs-poems	109	exclude	violence-or-death
7a6da3cb11ffad5b	songs-poems	110	exclude	unsafe-character
51fb7993aff05fa6	songs-poems	111	exclude	quota
d85ae4fc3a05d325	songs-poems	112	exclude	violence-or-death
721fbddc43dc40f3	songs-poems	113	exclude	quota
a0372e40abb2ff1b	songs-poems	114	exclude	quota
396abb6ec9024c99	songs-poems	115	exclude	violence-or-death
9275a433404d0589	songs-poems	116	exclude	quota
82e538e38273bb6e	songs-poems	117	retain	balanced-editorial-quota
3ae33f341c941a85	songs-poems	118	exclude	violence-or-death
88e1f6dff57860f7	songs-poems	119	exclude	quota
b7fc2a0288ee80fe	songs-poems	120	exclude	violence-or-death
2b92bf5edf9821eb	songs-poems	121	retain	balanced-editorial-quota
6b66d9c8a8c7d16a	songs-poems	122	exclude	violence-or-death
950e898fcc8fbb5f	songs-poems	123	exclude	quota
e01abd8505250fb7	songs-poems	124	exclude	quota
c22b5149893a9176	songs-poems	125	exclude	quota
4f50c27babd456d9	songs-poems	126	exclude	presentation-length
15bb0d96fd790b43	songs-poems	127	exclude	quota
90cca88210ffb8b0	songs-poems	128	exclude	violence-or-death
a58a766f3730883d	songs-poems	129	exclude	quota
695c33882101eec7	songs-poems	130	exclude	quota
850a79ad71114de1	songs-poems	131	retain	balanced-editorial-quota
93dcd9932e848f4f	songs-poems	132	exclude	unsafe-character
7c487a3c1c50e666	songs-poems	133	retain	balanced-editorial-quota
1b31d435f54e0b3a	songs-poems	134	exclude	quota
2a2699b6eea573ff	songs-poems	135	exclude	quota
db7ce918d75a18d8	songs-poems	136	exclude	quota
4ef649bbba0e7dec	songs-poems	137	exclude	presentation-length
318890e4a9f0f697	songs-poems	138	exclude	quota
e56110c3c6c69b4b	songs-poems	139	exclude	duplicate
96cd6d76d214e943	songs-poems	140	exclude	quota
c3ad1ae1be682913	songs-poems	141	exclude	violence-or-death
3bd2cef1a7739433	songs-poems	142	exclude	violence-or-death
b4cd4f476d950a3c	songs-poems	143	exclude	quota
3c7d61be7186e791	songs-poems	144	exclude	quota
cc51ebce58e098ee	songs-poems	145	exclude	quota
0ba8e79d7423ee89	songs-poems	146	exclude	quota
b50705090751f3eb	songs-poems	147	exclude	presentation-length
536848542491060f	songs-poems	148	exclude	violence-or-death
c116cb30cd8acae8	songs-poems	149	exclude	quota
99bf03a4b58d2d39	songs-poems	150	exclude	violence-or-death
0463579c903cc545	songs-poems	151	exclude	violence-or-death
1cf7ecdcf289bab5	songs-poems	152	retain	balanced-editorial-quota
7aa18a39c330831d	songs-poems	153	exclude	presentation-length
b4e6b127d7d8a205	songs-poems	154	exclude	quota
f2f10811c30d8316	songs-poems	155	exclude	violence-or-death
65f83a4d7b0f4b91	songs-poems	156	exclude	quota
9b8805652e55e355	songs-poems	157	exclude	violence-or-death
b25246b35ad75287	songs-poems	158	exclude	quota
70758b8bd47ad0b0	songs-poems	159	exclude	violence-or-death
bd4c7fb04f1fb899	songs-poems	160	exclude	violence-or-death
6fd7e10f7ddb269f	songs-poems	161	exclude	quota
271a36987104232c	songs-poems	162	exclude	violence-or-death
b6c474f01a92f362	songs-poems	163	exclude	quota
d942b13cfc43e80f	songs-poems	164	exclude	quota
04f1c24ad057c2f5	songs-poems	165	exclude	quota
11466764ea4d29b8	songs-poems	166	exclude	quota
2a8aa5a0a5dd6e3c	songs-poems	167	exclude	presentation-length
b2650bc89d72700c	songs-poems	168	retain	balanced-editorial-quota
ae9cf61be779adc2	songs-poems	169	exclude	violence-or-death
3a17e21f3922bfa5	songs-poems	170	exclude	violence-or-death
fbd58a6985612409	songs-poems	171	exclude	quota
2c6d7db7f9830a56	songs-poems	172	exclude	quota
ca9a1045b53fcb94	songs-poems	173	exclude	quota
fd8624113dbaaab7	songs-poems	174	exclude	presentation-length
1a561841f55019ee	songs-poems	175	exclude	violence-or-death
3588ea3f367c8ffd	songs-poems	176	exclude	violence-or-death
0843b0ca72927a51	songs-poems	177	exclude	violence-or-death
2615a0273a583b1a	songs-poems	178	exclude	quota
da8cf82b4e63e1ab	songs-poems	179	exclude	quota
3f028dbff9f5ac5f	songs-poems	180	exclude	violence-or-death
b6ac6de8b5d0ad67	songs-poems	181	exclude	sexual-or-identity-harm
a71a42209552e323	songs-poems	182	exclude	violence-or-death
fdf01f93bb775b31	songs-poems	183	exclude	quota
bb11da441ff1ec05	songs-poems	184	exclude	presentation-length
3f4e99936940ac93	songs-poems	185	exclude	quota
d1db6824362594c4	songs-poems	186	retain	balanced-editorial-quota
642c72b78b31281b	songs-poems	187	retain	balanced-editorial-quota
25ee89010035c8e0	songs-poems	188	exclude	quota
dcf84fa17b9aeff6	songs-poems	189	exclude	quota
2e7632284cfe3b34	songs-poems	190	exclude	quota
eb60ffd690479f45	songs-poems	191	exclude	quota
940e2e905264773a	songs-poems	192	exclude	unsafe-character
1ac654c9a3aeef1b	songs-poems	193	exclude	violence-or-death
d91f8c5060cac098	songs-poems	194	retain	balanced-editorial-quota
cafbef2e5db24545	songs-poems	195	retain	balanced-editorial-quota
3b3881907e3375bd	songs-poems	196	exclude	quota
ace908b5ca77b02b	songs-poems	197	exclude	quota
861e21705a39f1ab	songs-poems	198	retain	balanced-editorial-quota
27a17eec6bec3fe6	songs-poems	199	exclude	violence-or-death
ede7817f8e4f0ede	songs-poems	200	exclude	violence-or-death
160db569fc23a573	songs-poems	201	exclude	violence-or-death
90c8a9c50b5730d2	songs-poems	202	retain	balanced-editorial-quota
40fc396cc1ac458e	songs-poems	203	retain	balanced-editorial-quota
b043f75984496377	songs-poems	204	exclude	violence-or-death
ef06de53c424c9b9	songs-poems	205	exclude	quota
133999e80442abfe	songs-poems	206	exclude	quota
f3db9f6dceb592b4	songs-poems	207	exclude	quota
2ca8dd5e2c4bb831	songs-poems	208	retain	balanced-editorial-quota
9ce4a92f99b56d0e	songs-poems	209	exclude	quota
cd796a3d2e00aa60	songs-poems	210	exclude	quota
c8ea6e34813b5b7c	songs-poems	211	exclude	quota
c94712d956c64d00	songs-poems	212	exclude	violence-or-death
94e40874a31c8318	songs-poems	213	exclude	quota
e6115c05784d1233	songs-poems	214	exclude	quota
42de39eefb4ce2b8	songs-poems	215	exclude	quota
575039ee71833147	songs-poems	216	exclude	quota
5b68d8e06e82d33b	songs-poems	217	exclude	quota
062b238727190678	songs-poems	218	exclude	quota
febce5ebff905348	songs-poems	219	exclude	quota
f1da7e64d35c2df4	songs-poems	220	exclude	violence-or-death
c78d574a8043fbc0	songs-poems	221	exclude	violence-or-death
b6cc4cfa7c2c1b56	songs-poems	222	exclude	quota
030e2ea8765697f5	songs-poems	223	exclude	violence-or-death
6cd9b5162c7d4efd	songs-poems	224	exclude	violence-or-death
f4b729bf186cbfc8	songs-poems	225	exclude	violence-or-death
194e12093798c8ad	songs-poems	226	exclude	quota
236d4858ffb4bf00	songs-poems	227	exclude	quota
e2a4fae7c4c38100	songs-poems	228	exclude	quota
54a732e9164e941e	songs-poems	229	retain	balanced-editorial-quota
b4dd42c4052c7b4b	songs-poems	230	exclude	violence-or-death
315add5862ff88d9	songs-poems	231	exclude	violence-or-death
3c29992f47b828f6	songs-poems	232	exclude	quota
75ea865ff1ad5460	songs-poems	233	exclude	violence-or-death
ddc6bc5b556815c0	songs-poems	234	exclude	violence-or-death
fc0ada1fd72f6221	songs-poems	235	retain	balanced-editorial-quota
a93a7665b8fbec71	songs-poems	236	exclude	violence-or-death
e2ce1d0e1cb883a0	songs-poems	237	exclude	quota
041e066211b318bb	songs-poems	238	retain	balanced-editorial-quota
58e1f1f5e378e84e	songs-poems	239	exclude	violence-or-death
cdc0e4eceb20cd9a	songs-poems	240	exclude	quota
775fb17d40a9fb29	songs-poems	241	exclude	quota
52364c1224305a7a	songs-poems	242	exclude	unsafe-character
e82fa8bf93cfe406	songs-poems	243	exclude	presentation-length
18a580fc5220909f	songs-poems	244	exclude	quota
62e9e05c3c4ad4fb	songs-poems	245	exclude	violence-or-death
4f7ddcb3d18589bc	songs-poems	246	exclude	violence-or-death
307d9f366674107e	songs-poems	247	exclude	quota
b3fce6af523f030c	songs-poems	248	exclude	quota
fb5428e8f74bcc40	songs-poems	249	exclude	quota
cb015b978c48a80d	songs-poems	250	exclude	presentation-length
0195f9ab1d233832	songs-poems	251	exclude	violence-or-death
9d3ab790ca375f7e	songs-poems	252	exclude	violence-or-death
ffe65a608c33f16d	songs-poems	253	exclude	violence-or-death
df43619a2a3cf26a	songs-poems	254	exclude	violence-or-death
e3e397a65b570f4d	songs-poems	255	exclude	quota
a01dff92b2f75e34	songs-poems	256	exclude	violence-or-death
4a729af9f4fee089	songs-poems	257	exclude	violence-or-death
8498c9dc07c48b91	songs-poems	258	exclude	quota
1623313e89da0d58	songs-poems	259	exclude	quota
e9d2b91d2ee0883c	songs-poems	260	exclude	violence-or-death
c5edc98a340a028f	songs-poems	261	exclude	violence-or-death
e58c2f66adc25f7c	songs-poems	262	exclude	violence-or-death
d817c8838905b289	songs-poems	263	retain	balanced-editorial-quota
ad51943c91ffc06b	songs-poems	264	exclude	quota
31669c56ef87982a	songs-poems	265	exclude	quota
cc978f44197ed826	songs-poems	266	exclude	quota
f2ec09dd3736f72d	songs-poems	267	retain	balanced-editorial-quota
ab91ff3e041b8a19	songs-poems	268	exclude	quota
4b29fcd2a1915244	songs-poems	269	exclude	violence-or-death
805769220503bd92	songs-poems	270	exclude	quota
e2914ae3784ce652	songs-poems	271	exclude	quota
c707e9ff94368e42	songs-poems	272	exclude	presentation-length
7edfcdaccbda9052	songs-poems	273	retain	balanced-editorial-quota
082587106e54c4b5	songs-poems	274	exclude	quota
53196f8206e72e52	songs-poems	275	exclude	quota
6a8bb707d3043166	songs-poems	276	exclude	quota
b5c8c44e1a477db6	songs-poems	277	retain	balanced-editorial-quota
da3413d20c87470d	songs-poems	278	exclude	violence-or-death
6ef2df46ed198919	songs-poems	279	retain	balanced-editorial-quota
2529a44d7b73eff3	songs-poems	280	exclude	quota
c3fdddc7c0205597	songs-poems	281	exclude	quota
ffa5d36d68813500	songs-poems	282	exclude	violence-or-death
93088f0531c307de	songs-poems	283	exclude	presentation-length
f14dc483e3048849	songs-poems	284	exclude	violence-or-death
f973b274324635b5	songs-poems	285	exclude	quota
a582106d038064e5	songs-poems	286	retain	balanced-editorial-quota
05dcf92e0cb699f6	songs-poems	287	exclude	quota
80ae5036919442ad	songs-poems	288	exclude	quota
7d86727f6ceecf9f	songs-poems	289	exclude	violence-or-death
75623fc79a837f9c	songs-poems	290	exclude	quota
8a7b5bcbfaa7fbc8	songs-poems	291	exclude	quota
9d1bae9561303235	songs-poems	292	exclude	violence-or-death
613ea438c08bfe92	songs-poems	293	exclude	unsafe-character
bf601717e6f6eba1	songs-poems	294	exclude	quota
72ae22d1b3e43871	songs-poems	295	exclude	quota
20a59912b9c7f9ef	songs-poems	296	exclude	presentation-length
6899ff0e0336824b	songs-poems	297	exclude	quota
1d8c1c327162006d	songs-poems	298	exclude	quota
2100d3eacbeefc93	songs-poems	299	exclude	quota
db5f530bb570ba68	songs-poems	300	exclude	violence-or-death
01b0ec33e4db24ca	songs-poems	301	exclude	quota
9eb68c373669c9cb	songs-poems	302	exclude	quota
22eb2fdaa849e759	songs-poems	303	retain	balanced-editorial-quota
9ef717cbdfcefa45	songs-poems	304	exclude	quota
b9d752e0d8e8243b	songs-poems	305	exclude	violence-or-death
2fb6d1d157f0f32a	songs-poems	306	exclude	violence-or-death
e8592066d3eb1738	songs-poems	307	exclude	violence-or-death
0551873d39261b05	songs-poems	308	exclude	duplicate
e40231c2324f5b08	songs-poems	309	exclude	violence-or-death
e8a929c1dceb1bab	songs-poems	310	exclude	quota
5ce25d2d3b304f6d	songs-poems	311	exclude	quota
6af82bce435ee070	songs-poems	312	exclude	duplicate
5166cb1c52088a62	songs-poems	313	exclude	quota
0cbd691e899c2a43	songs-poems	314	exclude	quota
959d158c7473c203	songs-poems	315	exclude	quota
3dc61dc106bd445c	songs-poems	316	retain	balanced-editorial-quota
d1e05129a670216a	songs-poems	317	exclude	sexual-or-identity-harm
cf3eeddad7e4c0c8	songs-poems	318	exclude	quota
f8e8e4f6876a9afb	songs-poems	319	exclude	violence-or-death
21eb9c53ad595429	songs-poems	320	exclude	quota
f0124496e1137565	songs-poems	321	exclude	quota
7e83068400f49348	songs-poems	322	exclude	quota
f4aabb24a38f6ecc	songs-poems	323	exclude	quota
531afba622f74572	songs-poems	324	exclude	quota
099eee159c85f2a5	songs-poems	325	exclude	quota
29bf03b3463b8f73	songs-poems	326	exclude	quota
90cd7a617df843af	songs-poems	327	exclude	presentation-length
96a17677f2567f90	songs-poems	328	exclude	violence-or-death
af3dc83e24eae238	songs-poems	329	exclude	quota
a299e47e3c6c14e5	songs-poems	330	exclude	quota
83a986b56f8f3248	songs-poems	331	exclude	quota
448cb80e104eb74c	songs-poems	332	retain	balanced-editorial-quota
023ae006456a54f0	songs-poems	333	exclude	violence-or-death
133aac63e5eb7d2e	songs-poems	334	exclude	quota
9d8b9ebfd931555f	songs-poems	335	exclude	quota
cebde06817452907	songs-poems	336	exclude	quota
d12e71099bde664b	songs-poems	337	exclude	quota
e8a2ccffe4faa1e7	songs-poems	338	exclude	quota
792f21574f918b0e	songs-poems	339	retain	balanced-editorial-quota
6665c4ee99356cd1	songs-poems	340	exclude	quota
9bce3b4a02052447	songs-poems	341	exclude	quota
1f92cecdaf4147a9	songs-poems	342	exclude	violence-or-death
dd2c7178ff984f41	songs-poems	343	exclude	violence-or-death
3d5afac3accf3a65	songs-poems	344	exclude	quota
874f6a9a0efa5edd	songs-poems	345	exclude	violence-or-death
c87574ed911f947a	songs-poems	346	exclude	unsafe-character
d87e7eac335f8ff9	songs-poems	347	exclude	quota
ea913dec4efb8333	songs-poems	348	exclude	quota
e574b12781a23f13	songs-poems	349	retain	balanced-editorial-quota
bd6bff7823aa537a	songs-poems	350	exclude	violence-or-death
1043e2b013ebb635	songs-poems	351	exclude	quota
cc244492f746de47	songs-poems	352	exclude	violence-or-death
7819927d05ad3ddf	songs-poems	353	exclude	quota
fcfaeb35f4c352e0	songs-poems	354	exclude	quota
6c6921ea9d0a1c41	songs-poems	355	exclude	quota
e58b84cbc3c97164	songs-poems	356	retain	balanced-editorial-quota
4de5ce32c34e3429	songs-poems	357	exclude	presentation-length
554050e6b4dd5ee3	songs-poems	358	retain	balanced-editorial-quota
254d0956faedb53b	songs-poems	359	exclude	violence-or-death
cb430228100bc9e4	songs-poems	360	exclude	quota
9be073e77eb59373	songs-poems	361	exclude	violence-or-death
4eaf99fcef51fbe3	songs-poems	362	exclude	violence-or-death
bec0086911f7439f	songs-poems	363	exclude	quota
0c93befc361341de	songs-poems	364	exclude	quota
71ac48359f337294	songs-poems	365	exclude	quota
43657a94b08bbb1e	songs-poems	366	exclude	quota
96572d20d9d8f6ec	songs-poems	367	exclude	quota
dd07a6a1f6f76249	songs-poems	368	exclude	quota
8a22a43f2573ce12	songs-poems	369	exclude	violence-or-death
eaa1188322ff4f93	songs-poems	370	exclude	quota
3d001dad537be8c7	songs-poems	371	retain	balanced-editorial-quota
4ae703b2225bb053	songs-poems	372	exclude	quota
6e9f8e0465be4f4b	songs-poems	373	exclude	quota
4bea93e4d7067cdf	songs-poems	374	exclude	presentation-length
3fbaa73fc29473cb	songs-poems	375	exclude	quota
312731ab3c5a3cf0	songs-poems	376	exclude	violence-or-death
457128703733a9b9	songs-poems	377	exclude	violence-or-death
a3c1615f7d9010ac	songs-poems	378	exclude	violence-or-death
67650a5298a16f2e	songs-poems	379	retain	balanced-editorial-quota
24b07bf6044bbb54	songs-poems	380	exclude	quota
e66637dd0c6901b6	songs-poems	381	exclude	violence-or-death
87bf96e1a292dc2c	songs-poems	382	retain	balanced-editorial-quota
7230ffd7f061513c	songs-poems	383	exclude	quota
0268f6e9a7bfde5b	songs-poems	384	retain	balanced-editorial-quota
5eef0d5570b78d43	songs-poems	385	exclude	violence-or-death
723d8fc21edbcc38	songs-poems	386	exclude	quota
9e77bb0e4353a272	songs-poems	387	exclude	quota
57c3b9d0f2c37576	songs-poems	388	exclude	quota
8e096a52be2c4c39	songs-poems	389	exclude	quota
48ee2a4c48410ead	songs-poems	390	exclude	quota
9b8a33016e10c1b5	songs-poems	391	exclude	quota
3db28686a06f4ac6	songs-poems	392	exclude	violence-or-death
5487738edc4837fe	songs-poems	393	exclude	quota
72c38045eb3fe928	songs-poems	394	exclude	quota
7370fff12780d571	songs-poems	395	exclude	quota
6a015b89dcaedba6	songs-poems	396	exclude	quota
0a8e0aada3ee845d	songs-poems	397	retain	balanced-editorial-quota
d69ff6c79090c95b	songs-poems	398	exclude	violence-or-death
1d3b0ae644e6ba51	songs-poems	399	retain	balanced-editorial-quota
1fde89578af2d7b9	songs-poems	400	exclude	presentation-length
5b2cc1e1651bf472	songs-poems	401	retain	balanced-editorial-quota
11523e0e6ee5e1d8	songs-poems	402	exclude	presentation-length
8501174d438b4bdf	songs-poems	403	exclude	quota
c78a14609f88ad81	songs-poems	404	retain	balanced-editorial-quota
1c798d0993a6fd8a	songs-poems	405	exclude	sexual-or-identity-harm
d2bc36f9110692a1	songs-poems	406	retain	balanced-editorial-quota
9b9e253add2fd56a	songs-poems	407	exclude	quota
da79bd8a29441edb	songs-poems	408	exclude	quota
5ab695b15bb8a34e	songs-poems	409	exclude	quota
fd621ce1eadc0b74	songs-poems	410	exclude	quota
38982dac3e965971	songs-poems	411	retain	balanced-editorial-quota
710d0150b015a3ef	songs-poems	412	exclude	quota
9d61f3c45b7d3af5	songs-poems	413	retain	balanced-editorial-quota
88917861f46a42d3	songs-poems	414	exclude	quota
7a232a24fb0da8f1	songs-poems	415	exclude	violence-or-death
9b149ecd4d73d40e	songs-poems	416	exclude	quota
33fae1a75203c5c1	songs-poems	417	exclude	quota
7bc9033d06589ca5	songs-poems	418	exclude	presentation-length
00a772ca1be019c7	songs-poems	419	exclude	quota
784cc04f4d6b137d	songs-poems	420	exclude	presentation-length
d3e55368366a7bf3	songs-poems	421	exclude	quota
a8da8c4ec86aac92	songs-poems	422	exclude	quota
6e5d4447172a18c5	songs-poems	423	exclude	violence-or-death
3b682c9c25b5eab0	songs-poems	424	exclude	quota
c077fc785d77fe61	songs-poems	425	exclude	quota
60b47d499d64dc13	songs-poems	426	exclude	quota
d6cec22c9d4a87d1	songs-poems	427	exclude	quota
1bfc6d466ed568fa	songs-poems	428	exclude	quota
73af9f27a940f6bc	songs-poems	429	exclude	duplicate
1a7226d5d5877f13	songs-poems	430	exclude	quota
26d8218d1c333b85	songs-poems	431	exclude	quota
c97e4a582025267b	songs-poems	432	exclude	presentation-length
5c3068e15730b4f7	songs-poems	433	exclude	quota
97872124104241c2	songs-poems	434	exclude	quota
44a2c4aca9e47e89	songs-poems	435	exclude	violence-or-death
9782a7c367ffce17	songs-poems	436	exclude	quota
9c0471ba3694fd4d	songs-poems	437	exclude	quota
e324ba517a9b7dae	songs-poems	438	exclude	quota
73f642c19d90e147	songs-poems	439	exclude	violence-or-death
c917ee1b4a6e0a36	songs-poems	440	exclude	quota
b964ed1c83132686	songs-poems	441	exclude	quota
a946d6d701014eae	songs-poems	442	exclude	quota
3403092963ef1710	songs-poems	443	exclude	violence-or-death
cfb4c1117ef67945	songs-poems	444	exclude	violence-or-death
70528e9fe3625e07	songs-poems	445	exclude	violence-or-death
9fa89abcb2892746	songs-poems	446	exclude	quota
8be3cc2b1254af82	songs-poems	447	exclude	violence-or-death
52beca7389e622c1	songs-poems	448	exclude	violence-or-death
5728f9a1b2c56bec	songs-poems	449	exclude	quota
fa525f3d1fd65830	songs-poems	450	retain	balanced-editorial-quota
e1ba5f2bee5ab271	songs-poems	451	exclude	quota
770d4a7572b516ea	songs-poems	452	exclude	quota
87f02ec4e936a9ad	songs-poems	453	exclude	violence-or-death
208a72c0f6b175eb	songs-poems	454	exclude	violence-or-death
42809a1109d22065	songs-poems	455	exclude	quota
8704fdbee463d61a	songs-poems	456	exclude	violence-or-death
08bae2b97aa323c0	songs-poems	457	exclude	quota
5e19d54d8a4b5690	songs-poems	458	exclude	quota
bc725fbcdf42b138	songs-poems	459	exclude	violence-or-death
d37e130269e0557e	songs-poems	460	exclude	violence-or-death
ad1a6cdc80e660b7	songs-poems	461	exclude	quota
7b62646e60f6c8d8	songs-poems	462	exclude	quota
dd158ccf90fb449f	songs-poems	463	exclude	quota
2697b2987b1d2fa2	songs-poems	464	exclude	presentation-length
b5344c5a7689b18c	songs-poems	465	exclude	violence-or-death
c57a0b921e11133a	songs-poems	466	exclude	quota
f86928f74de3bc98	songs-poems	467	retain	balanced-editorial-quota
e3d5d45a02b81157	songs-poems	468	retain	balanced-editorial-quota
afec75c7623d4da6	songs-poems	469	exclude	violence-or-death
8713ca81bf418b67	songs-poems	470	exclude	quota
82842486c2f0f746	songs-poems	471	exclude	quota
357cf742aed26992	songs-poems	472	exclude	quota
8c3a87eabab83d8c	songs-poems	473	exclude	violence-or-death
6aa015fb9e7f3645	songs-poems	474	exclude	quota
f66e477500507bb1	songs-poems	475	exclude	quota
bfceb307309a5289	songs-poems	476	exclude	quota
79f4fd2dcf724329	songs-poems	477	exclude	quota
9533577253f17430	songs-poems	478	exclude	violence-or-death
7748603d902b4efb	songs-poems	479	exclude	final-corpus-trim
f767228f9a45245e	songs-poems	480	exclude	quota
37aded462af414e6	songs-poems	481	exclude	quota
a4d7969f43b5e9b9	songs-poems	482	exclude	quota
73c32b99ad3208bb	songs-poems	483	retain	balanced-editorial-quota
e9ab4b66575a3d9a	songs-poems	484	retain	balanced-editorial-quota
3a3565a892e9f509	songs-poems	485	exclude	violence-or-death
158c15bdaa75582c	songs-poems	486	exclude	violence-or-death
556ff7f51a14a522	songs-poems	487	exclude	quota
727b96740047143e	songs-poems	488	exclude	violence-or-death
57d46e7ac12883a7	songs-poems	489	retain	balanced-editorial-quota
3569dbb6028d0ae5	songs-poems	490	exclude	quota
180376ae28f3f309	songs-poems	491	exclude	violence-or-death
f6bed4e5bf17aa9c	songs-poems	492	exclude	violence-or-death
74f93959b9ae5de1	songs-poems	493	exclude	presentation-length
d1ab71909ef006ff	songs-poems	494	exclude	quota
ac5aff40162ddcf7	songs-poems	495	retain	balanced-editorial-quota
a490da6760ae7ca3	songs-poems	496	exclude	violence-or-death
9d4f5cf6b9ee4b1b	songs-poems	497	retain	balanced-editorial-quota
1fcd85a861f5a633	songs-poems	498	exclude	quota
8cff46161fb863c0	songs-poems	499	exclude	quota
cb1212a501b1ec0a	songs-poems	500	exclude	violence-or-death
66b4c427e2faf3a8	songs-poems	501	retain	balanced-editorial-quota
7a5d3d28b2272546	songs-poems	502	exclude	violence-or-death
29ea10d45f7643e3	songs-poems	503	exclude	violence-or-death
1de9c4800d0d1fdb	songs-poems	504	exclude	quota
00e4d848a73fec1f	songs-poems	505	exclude	violence-or-death
5e44635fcb6c29f8	songs-poems	506	retain	balanced-editorial-quota
e3412893dd0806ee	songs-poems	507	exclude	quota
38b9a7805047b55a	songs-poems	508	exclude	quota
7d0a965424e987aa	songs-poems	509	retain	balanced-editorial-quota
0f565a643a71db0f	songs-poems	510	exclude	quota
91cfe54ff2f580c4	songs-poems	511	retain	balanced-editorial-quota
8195fd3c930a05b1	songs-poems	512	retain	balanced-editorial-quota
6b801f2382e53bd3	songs-poems	513	retain	balanced-editorial-quota
ba7c70571b7111e1	songs-poems	514	exclude	quota
40d9fc9ab982f51b	songs-poems	515	exclude	violence-or-death
50e6f56b16982c49	songs-poems	516	exclude	quota
723b5ccb9f9e2aca	songs-poems	517	retain	balanced-editorial-quota
8536dc912fe38905	songs-poems	518	exclude	quota
bb1160f261e4fb6d	songs-poems	519	exclude	violence-or-death
6682a1a3195ac59e	songs-poems	520	exclude	quota
963f3f1d31d430b0	songs-poems	521	exclude	quota
e68dd5eeec4ecf22	songs-poems	522	exclude	quota
19093302f11f6c65	songs-poems	523	exclude	quota
5a8eeb36f814b527	songs-poems	524	exclude	quota
de1f20d57dcff3c1	songs-poems	525	retain	balanced-editorial-quota
04e75622af2ef6cb	songs-poems	526	exclude	quota
b27f6ed3fd69e848	songs-poems	527	exclude	sexual-or-identity-harm
9e55c42357095895	songs-poems	528	exclude	unsafe-character
b9c318997021daa3	songs-poems	529	exclude	quota
aba5a264a78e44b4	songs-poems	530	exclude	gender-stereotype
95324b0f290d6bc4	songs-poems	531	exclude	violence-or-death
f8c7dba2a1fab6d3	songs-poems	532	exclude	quota
48bb0db3eff56fca	songs-poems	533	exclude	quota
0018129a9df7917c	songs-poems	534	exclude	presentation-length
4feef6a6e50e6810	songs-poems	535	retain	balanced-editorial-quota
f063707e40f25c10	songs-poems	536	exclude	quota
d2ee724a1bbbfa18	songs-poems	537	exclude	quota
9536b2f0db1fbb4c	songs-poems	538	exclude	quota
d0f8f902a230fba5	songs-poems	539	exclude	quota
f5896a018ef587df	songs-poems	540	exclude	violence-or-death
c142eb9fa7474259	songs-poems	541	exclude	quota
163630d76308511a	songs-poems	542	retain	balanced-editorial-quota
9cbe24b95bff46bd	songs-poems	543	exclude	quota
2ef6993c874c5e21	songs-poems	544	exclude	quota
9331c35d2b61b9d4	songs-poems	545	exclude	quota
e86eb77bae243ea0	songs-poems	546	exclude	quota
28a05b553390c303	songs-poems	547	exclude	violence-or-death
68b6865e436df177	songs-poems	548	exclude	quota
a69b56c3b492c2f9	songs-poems	549	exclude	quota
4f301cff1a5e99d7	songs-poems	550	exclude	quota
53919317d4378a83	songs-poems	551	exclude	quota
dd8ed109b076def9	songs-poems	552	retain	balanced-editorial-quota
a07dfdb34cb53f7c	songs-poems	553	exclude	quota
0259f6febeceb2b1	songs-poems	554	exclude	violence-or-death
57cc53611a9ea931	songs-poems	555	retain	balanced-editorial-quota
1faa5683ca23cb7f	songs-poems	556	exclude	sexual-or-identity-harm
b6fe7f02dafb88e8	songs-poems	557	exclude	quota
70b8f0795ebdc702	songs-poems	558	exclude	quota
8a7627152820b084	songs-poems	559	exclude	quota
f8ec852bf5e74e82	songs-poems	560	exclude	violence-or-death
27c5b3dfe1a714f6	songs-poems	561	exclude	violence-or-death
32012bdfcdb90730	songs-poems	562	exclude	duplicate
b111f8d393be6780	songs-poems	563	exclude	quota
41680640fefe9842	songs-poems	564	exclude	quota
2272ba8826f836ea	songs-poems	565	exclude	quota
d2aeb4e9665ef88f	songs-poems	566	exclude	violence-or-death
9263acc2dfa2ff3a	songs-poems	567	exclude	violence-or-death
230293fbd637283a	songs-poems	568	exclude	quota
3233bb2942b2e425	songs-poems	569	exclude	quota
6390f07e3c799afa	songs-poems	570	exclude	quota
6a7bb2805b8c9be8	songs-poems	571	exclude	presentation-length
95c3f5abf2ecd252	songs-poems	572	exclude	quota
d8dbdda97b49782f	songs-poems	573	exclude	quota
d9ec292be797e569	songs-poems	574	exclude	quota
2181c79a2c8d2089	songs-poems	575	exclude	violence-or-death
cea7ed73f10fb6b6	songs-poems	576	exclude	violence-or-death
42cfe8deb2c7b88b	songs-poems	577	exclude	quota
5beba7925a0f4b62	songs-poems	578	exclude	violence-or-death
dbd24e45ab8d7194	songs-poems	579	exclude	quota
c5516b9e719f2e8f	songs-poems	580	exclude	quota
9b11ef9d98a12aec	songs-poems	581	retain	balanced-editorial-quota
1e205731cc3fc338	songs-poems	582	exclude	quota
1fed1e96a793ac7b	songs-poems	583	exclude	quota
148eaa5425db75ac	songs-poems	584	exclude	quota
124be8754e232286	songs-poems	585	exclude	quota
adb590ad424be206	songs-poems	586	exclude	sexual-or-identity-harm
f2e433e2ba45c2e2	songs-poems	587	exclude	quota
20544e64d7497e0c	songs-poems	588	exclude	quota
12a981bafd7ab9d2	songs-poems	589	exclude	violence-or-death
4769f68468e0d513	songs-poems	590	exclude	presentation-length
5f201bc0297241cf	songs-poems	591	exclude	violence-or-death
def3bdc22aa39e56	songs-poems	592	exclude	violence-or-death
b474e6567bc440f8	songs-poems	593	exclude	quota
11885b3da0f25f21	songs-poems	594	exclude	violence-or-death
ddbb2fbcda1735a3	songs-poems	595	exclude	quota
86e33458c8ae48ad	songs-poems	596	exclude	quota
8b5e4ca6a6111d87	songs-poems	597	exclude	duplicate
b34ae4b8d3279993	songs-poems	598	exclude	violence-or-death
688227623ad21312	songs-poems	599	retain	balanced-editorial-quota
1b87770e9de218fb	songs-poems	600	exclude	quota
ba7d6af38320255c	songs-poems	601	exclude	violence-or-death
8c1c70e915efe200	songs-poems	602	exclude	presentation-length
12f716d92622cf48	songs-poems	603	exclude	duplicate
72c43cd24c49db77	songs-poems	604	exclude	duplicate
fa526a0f1bac9ab5	songs-poems	605	exclude	violence-or-death
8dbc1b1ebfac9a7c	songs-poems	606	exclude	quota
41389dad7b4f1c8b	songs-poems	607	retain	balanced-editorial-quota
ebae2c20a636849f	songs-poems	608	exclude	sexual-or-identity-harm
1af1866cbe886c83	songs-poems	609	exclude	quota
2c554551a6193141	songs-poems	610	exclude	quota
da01bee2219d0e49	songs-poems	611	exclude	violence-or-death
7f83cdb21ccd85bf	songs-poems	612	exclude	quota
d5f88dfc757bbb83	songs-poems	613	exclude	violence-or-death
efe4905c6f3daf7f	songs-poems	614	exclude	violence-or-death
9bcbf67a0bc50153	songs-poems	615	exclude	presentation-length
012576d06d470910	songs-poems	616	exclude	quota
4c2b98b7ef99e044	songs-poems	617	exclude	violence-or-death
798b7dba68a4f1eb	songs-poems	618	exclude	quota
a2ad8f84caabac70	songs-poems	619	exclude	presentation-length
d01dab6d10542bef	songs-poems	620	exclude	quota
5c900c84f9275166	songs-poems	621	exclude	quota
e78d8da676acb922	songs-poems	622	exclude	quota
9da07a0db458c2c2	songs-poems	623	exclude	violence-or-death
79ffa90a4f338753	songs-poems	624	exclude	quota
e0041883b7fedac0	songs-poems	625	exclude	quota
90ad405decc4122e	songs-poems	626	exclude	violence-or-death
34a01753577291b5	songs-poems	627	retain	balanced-editorial-quota
648fa1267f8d0fb4	songs-poems	628	exclude	presentation-length
fe83763d13c7a589	songs-poems	629	exclude	quota
8d4b25fe79801a74	songs-poems	630	exclude	quota
54596b783693ec8c	songs-poems	631	exclude	quota
4c8d4f9f8150e54e	songs-poems	632	exclude	violence-or-death
e0b8b46da0681c8f	songs-poems	633	exclude	violence-or-death
8b9c78949805954b	songs-poems	634	exclude	quota
a9ef537f971e9a1a	songs-poems	635	exclude	quota
e88c582aab126b49	songs-poems	636	exclude	sexual-or-identity-harm
8146bdeb7ada00ef	songs-poems	637	retain	balanced-editorial-quota
3d75af0c420db3da	songs-poems	638	exclude	quota
b95a5e0daa3d78c7	songs-poems	639	exclude	quota
133dcf43b90ac8a4	songs-poems	640	exclude	quota
660ef4b5bd92ee66	songs-poems	641	exclude	quota
1e6b60f34e288770	songs-poems	642	retain	balanced-editorial-quota
bd957b214a686a98	songs-poems	643	exclude	violence-or-death
1d8dd727e5d0c760	songs-poems	644	exclude	quota
c59cf6373b80ddd9	songs-poems	645	exclude	quota
68b709c81afbe54a	songs-poems	646	exclude	violence-or-death
cefcc585b458eece	songs-poems	647	exclude	violence-or-death
52a54c7ec069490b	songs-poems	648	exclude	quota
b4af4ca790381bd0	songs-poems	649	exclude	violence-or-death
af7ea63b0bb730a9	songs-poems	650	exclude	violence-or-death
77e5b53fcbb85061	songs-poems	651	retain	balanced-editorial-quota
04c90e2f5f6c9760	songs-poems	652	exclude	presentation-length
be0f0dff7c312ae8	songs-poems	653	retain	balanced-editorial-quota
38dd75fa23a46b20	songs-poems	654	exclude	quota
945e40993916291a	songs-poems	655	exclude	quota
541e5ce8b8c504b6	songs-poems	656	exclude	quota
60c22a2986f8f860	songs-poems	657	exclude	quota
1d8ec15401bb5a57	songs-poems	658	exclude	quota
565e38701ded7972	songs-poems	659	retain	balanced-editorial-quota
a50cb8a4a9cda70b	songs-poems	660	exclude	violence-or-death
f01ebf93fa9033d8	songs-poems	661	exclude	quota
798f9ce1247a2ee8	songs-poems	662	exclude	violence-or-death
181460f5d78cb6d6	songs-poems	663	retain	balanced-editorial-quota
d64961b706dffb9b	songs-poems	664	exclude	violence-or-death
8319fbf33aa24bb1	songs-poems	665	retain	balanced-editorial-quota
668d6f76e389b4d9	songs-poems	666	exclude	violence-or-death
74d6f6c9a4fb2ed0	songs-poems	667	retain	balanced-editorial-quota
12cf512ea5a027ec	songs-poems	668	exclude	quota
3629d65e21de417a	songs-poems	669	exclude	quota
5c81f01eee868434	songs-poems	670	exclude	quota
bc6e3d1477082c26	songs-poems	671	exclude	quota
1454ed32c7614d0e	songs-poems	672	exclude	violence-or-death
f41cfaa554b143f2	songs-poems	673	exclude	quota
e06eb3d2f4695b41	songs-poems	674	exclude	violence-or-death
cce124b82b1e184f	songs-poems	675	exclude	quota
3e71d231db6be409	songs-poems	676	exclude	quota
ccce0de68d53a32b	songs-poems	677	exclude	quota
5620a0a647bbe608	songs-poems	678	exclude	presentation-length
074a2292335cfab5	songs-poems	679	exclude	quota
3ed9dffebfaae9c0	songs-poems	680	exclude	quota
6954b29ed2f49b71	songs-poems	681	exclude	quota
75b3643b97b3371d	songs-poems	682	exclude	quota
9521ae0190bfbbbc	songs-poems	683	exclude	presentation-length
a071dc972b029e14	songs-poems	684	exclude	duplicate
ebaea725fe29eba2	songs-poems	685	exclude	quota
3ffece7362680016	songs-poems	686	exclude	quota
8f518672ab2edafb	songs-poems	687	retain	balanced-editorial-quota
64bedf468458a3ed	songs-poems	688	retain	balanced-editorial-quota
e52137bd8a6f3442	songs-poems	689	exclude	quota
9471928ee71cb73d	songs-poems	690	exclude	quota
9d902b135302ddb8	songs-poems	691	exclude	presentation-length
13d20b99cc9e26f2	songs-poems	692	exclude	quota
9e27901bcd326e67	songs-poems	693	exclude	quota
eaa6c027acae5a1f	songs-poems	694	exclude	quota
1cfe31560c3b96f2	songs-poems	695	exclude	quota
4d9684612ec322b4	songs-poems	696	retain	balanced-editorial-quota
ea2488546d42688b	songs-poems	697	exclude	presentation-length
13e101b11a08d20a	songs-poems	698	exclude	violence-or-death
a8a33185bbce4e6a	songs-poems	699	exclude	quota
d6ee9bee7157236a	songs-poems	700	exclude	quota
00f80249fbea6403	songs-poems	701	exclude	quota
73020882e494a8b5	songs-poems	702	exclude	violence-or-death
de0744a01607ccbd	songs-poems	703	exclude	quota
5cd79336486db37f	songs-poems	704	exclude	quota
e04bbb393a104ee5	songs-poems	705	exclude	presentation-length
dfd82b64c2a15ae6	songs-poems	706	exclude	violence-or-death
9e03c23d6f08ec84	songs-poems	707	exclude	presentation-length
8cd53adb0bff4588	songs-poems	708	exclude	quota
18b5fc08d3b20a55	songs-poems	709	exclude	quota
f69d897e7d4fe621	songs-poems	710	exclude	quota
e00f0ec4b2d2ed08	songs-poems	711	exclude	quota
4d3a7c0ecf38ae28	songs-poems	712	retain	balanced-editorial-quota
00cd18bab96300b0	songs-poems	713	exclude	quota
7c7005b20ebb8bbb	songs-poems	714	exclude	final-corpus-trim
83920e406c5e126a	songs-poems	715	exclude	quota
435d217e1d477228	songs-poems	716	exclude	quota
2298ddbc17601735	songs-poems	717	retain	balanced-editorial-quota
452d22ed1cc5a19c	songs-poems	718	exclude	quota
1be0862804d61e92	songs-poems	719	exclude	quota
5e85531d37890978	sports	1	exclude	quota
4690a3f992a61b29	sports	2	exclude	quota
4cdd8caccd2e045e	sports	3	exclude	quota
a0462c488b76f13f	sports	4	exclude	violence-or-death
42298e6d4664b321	sports	5	retain	balanced-editorial-quota
25838a6dde57c941	sports	6	exclude	quota
22af99bbff1c152b	sports	7	exclude	quota
9bf88c0f336fd412	sports	8	exclude	quota
82ac30cb9d277830	sports	9	exclude	violence-or-death
4905ac5831da7213	sports	10	exclude	violence-or-death
79feed61d6ffc92e	sports	11	exclude	quota
0d05888fdf9505c1	sports	12	exclude	quota
ba859a4b966bd4db	sports	13	exclude	body-size-weight-or-diet-humor
ff8ea64cdab6da55	sports	14	exclude	violence-or-death
976cd2592ebe1e3a	sports	15	exclude	quota
5fdc59e43c6fb3f2	sports	16	exclude	quota
bf555704b97ab197	sports	17	exclude	quota
c1b0e796f77da2b7	sports	18	exclude	violence-or-death
db5919cf2dfc33fa	sports	19	exclude	violence-or-death
721b01fb29c3eefa	sports	20	exclude	quota
04060edc091cd7dd	sports	21	exclude	presentation-length
2f04815a5fd667ae	sports	22	exclude	violence-or-death
335635edf1596251	sports	23	exclude	quota
7b218f4d59910493	sports	24	retain	balanced-editorial-quota
075b11dce614c792	sports	25	exclude	quota
6d3b60a4e01f94b1	sports	26	retain	balanced-editorial-quota
62e3728e9dba9327	sports	27	retain	balanced-editorial-quota
99462ca81fa23f13	sports	28	exclude	quota
0a3dd0146966d63a	sports	29	exclude	presentation-length
af3d939cb3c5790c	sports	30	retain	balanced-editorial-quota
2690fd905841e286	sports	31	retain	balanced-editorial-quota
e8db0cad378eeac1	sports	32	exclude	violence-or-death
e34956e3a38f4aff	sports	33	exclude	quota
45f6b6e7e3b79211	sports	34	exclude	quota
ac0f2c56af018c0d	sports	35	retain	balanced-editorial-quota
6def822f5ade6d40	sports	36	retain	balanced-editorial-quota
e7aa90b4ab5fc8f8	sports	37	exclude	presentation-length
43de8fb9d18c020a	sports	38	retain	balanced-editorial-quota
5bd4485bb76133f7	sports	39	exclude	quota
7d8885bd8551b045	sports	40	exclude	quota
6368e4cf138f2a8b	sports	41	exclude	quota
bbee3815694f79b9	sports	42	exclude	presentation-length
b19754f788812232	sports	43	retain	balanced-editorial-quota
bf6c84d2250d5d9e	sports	44	exclude	quota
e619d4174e373f09	sports	45	retain	balanced-editorial-quota
1f1f902b7f7060c7	sports	46	exclude	quota
d3cedf0166c5c4c1	sports	47	exclude	violence-or-death
312e52ea336e1bdf	sports	48	exclude	quota
656828da4e7831d8	sports	49	exclude	quota
b8b56dd7cbe6acdf	sports	50	exclude	quota
8961fe3c45677fdd	sports	51	retain	balanced-editorial-quota
a24e14cab3f6ac79	sports	52	retain	balanced-editorial-quota
e9737eefa8c058aa	sports	53	exclude	violence-or-death
0fcc9b9b2689c064	sports	54	exclude	quota
3002f7c737539a08	sports	55	exclude	violence-or-death
d9c44f57ef419069	sports	56	exclude	quota
e0bc33bba452286f	sports	57	retain	balanced-editorial-quota
7059859bd5597762	sports	58	retain	balanced-editorial-quota
2e43bcf0348155ce	sports	59	exclude	quota
29bdba5fd4fdf01a	sports	60	exclude	quota
8fd80f9779dc9dde	sports	61	exclude	presentation-length
5c6b9540bfd7fd4f	sports	62	exclude	quota
08f10319f193f4cd	sports	63	exclude	quota
6e0f58ae5beed629	sports	64	exclude	quota
a664c36b8a6d0f81	sports	65	exclude	quota
9702a266c62dc922	sports	66	exclude	quota
9073980afbf3564e	sports	67	retain	balanced-editorial-quota
2a8f73856eed044c	sports	68	retain	balanced-editorial-quota
ec22746359c4acb3	sports	69	exclude	quota
25b9bb914f0280f1	sports	70	retain	balanced-editorial-quota
05527c6c4e11d3fb	sports	71	exclude	violence-or-death
cbae9eab3aeaaa05	sports	72	retain	balanced-editorial-quota
fb998f4e70b88b4a	sports	73	exclude	quota
7d8fa14ccb32d7c3	sports	74	exclude	quota
8f10c723c4e36fa6	sports	75	exclude	quota
c3b1763140cae839	sports	76	exclude	quota
26a41bde10801eac	sports	77	retain	balanced-editorial-quota
450202b8112158ae	sports	78	retain	balanced-editorial-quota
48845cbd17d28a73	sports	79	exclude	violence-or-death
ec471d69fa1bf324	sports	80	exclude	violence-or-death
047e634444dcc675	sports	81	retain	balanced-editorial-quota
34cf9b20e077b520	sports	82	exclude	quota
b7f3104c74dd2997	sports	83	retain	balanced-editorial-quota
3b50966cb3ba1c6d	sports	84	exclude	quota
9842479e630c84c9	sports	85	exclude	quota
8766cc46bedf5f1d	sports	86	exclude	quota
23483c5bb9bf25d6	sports	87	exclude	quota
cc71d4dc012f2b0b	sports	88	exclude	gender-stereotype
d6e3bff741773fcd	sports	89	retain	balanced-editorial-quota
4633807af9ac3168	sports	90	retain	balanced-editorial-quota
fe4ecb678c7bca79	sports	91	exclude	quota
6b2b2a267902d6ba	sports	92	retain	balanced-editorial-quota
9824a8384b6125ba	sports	93	exclude	quota
8ce09b34806b87bf	sports	94	exclude	quota
8abdbb2084bdd10b	sports	95	exclude	quota
8e5eba39d5c458e6	sports	96	retain	balanced-editorial-quota
86574e221640c097	sports	97	exclude	quota
5b05da5cc07a7bd3	sports	98	exclude	violence-or-death
4cb415e2a53e9a5b	sports	99	retain	balanced-editorial-quota
4f43148f92e18a4d	sports	100	exclude	quota
15eb711a5d15750d	sports	101	retain	balanced-editorial-quota
0c18956ca27a8892	sports	102	retain	balanced-editorial-quota
5ab260e6fe425679	sports	103	exclude	presentation-length
2c8ebd8a7ef81479	sports	104	exclude	presentation-length
ced173ea3958ae89	sports	105	exclude	violence-or-death
ed6a2a1cc50ae343	sports	106	retain	balanced-editorial-quota
53bfa3bc179d7c91	sports	107	exclude	quota
2d54e0b56a5f2af2	sports	108	exclude	quota
d6303be74f796bdb	sports	109	exclude	quota
31ad1844575a8088	sports	110	exclude	quota
4ba7f5df4c181332	sports	111	exclude	quota
5f3ca8cce6d6eb53	sports	112	exclude	quota
8d0fceb065d3f8f0	sports	113	exclude	quota
c4c986248e89419d	sports	114	exclude	quota
e1af6a09bcd53625	sports	115	exclude	quota
5f35a83b3cb53ccf	sports	116	exclude	quota
854b362ae2ec16cb	sports	117	exclude	quota
564ae5787602b44b	sports	118	retain	balanced-editorial-quota
9995578b0b7046da	sports	119	exclude	violence-or-death
b3b22785941c2b74	sports	120	exclude	quota
d12c2320e084e20e	sports	121	retain	balanced-editorial-quota
c7b435c25068685d	sports	122	exclude	violence-or-death
58868cf120c3f174	sports	123	exclude	violence-or-death
54b4ed83527f9322	sports	124	exclude	quota
9666d756137d4b01	sports	125	exclude	quota
1b01ca6a51e09b18	sports	126	exclude	violence-or-death
34eb9040139a4256	sports	127	retain	balanced-editorial-quota
63d60900936c49fe	sports	128	exclude	quota
289ebcbafb423939	sports	129	exclude	violence-or-death
08e1ba5fe51a48ee	sports	130	retain	balanced-editorial-quota
da347cb4281b9e4a	sports	131	retain	balanced-editorial-quota
52151a15d3580c76	sports	132	exclude	quota
331e53711fd84715	sports	133	exclude	quota
fd0bf378b7b2a054	sports	134	retain	balanced-editorial-quota
469b7cd1f45ffa79	sports	135	exclude	quota
2fc465a72e6220fc	sports	136	exclude	quota
ef09162d68e0e968	sports	137	exclude	violence-or-death
c79e9197b92e5369	sports	138	exclude	quota
54631538461e9633	sports	139	retain	balanced-editorial-quota
e3c7a341bf91eae1	sports	140	exclude	quota
8494992e7e1afeb4	sports	141	exclude	quota
e62dbc69052353c8	sports	142	exclude	quota
ca2d2209584822ab	sports	143	exclude	quota
e2bd29922f44ed05	sports	144	exclude	quota
869fc8ce5ce56f16	sports	145	retain	balanced-editorial-quota
ef5378cfe8a00253	sports	146	exclude	quota
2e23162bedc36f03	sports	147	exclude	quota
382b5b81d54632d2	startrek	1	exclude	violence-or-death
24a43e665b1733e1	startrek	2	exclude	quota
56bfe2e4de80ae79	startrek	3	exclude	quota
d60741c2512b19f1	startrek	4	retain	balanced-editorial-quota
0f6d67091715ab96	startrek	5	exclude	quota
d6ecca660836303a	startrek	6	retain	balanced-editorial-quota
e1617b3add861eff	startrek	7	exclude	quota
813ccd457a975256	startrek	8	exclude	violence-or-death
bf18baa1cebf91f8	startrek	9	retain	balanced-editorial-quota
55f820cf16376f66	startrek	10	retain	balanced-editorial-quota
7a43a6fac2bca057	startrek	11	retain	balanced-editorial-quota
c7da9d170e62fe9b	startrek	12	retain	balanced-editorial-quota
27567a885297b08e	startrek	13	exclude	quota
3b813b663971f9c8	startrek	14	exclude	violence-or-death
08d17c624063b1ee	startrek	15	retain	balanced-editorial-quota
97272dc1b6ac7ca8	startrek	16	exclude	presentation-length
22f786e9ed742ea0	startrek	17	retain	balanced-editorial-quota
49a3811c99858086	startrek	18	retain	balanced-editorial-quota
e9e8b70dfd13c03e	startrek	19	exclude	quota
637d59b805c1950d	startrek	20	exclude	quota
25bc88a0c20d4d71	startrek	21	retain	balanced-editorial-quota
7362e3f7176a5c48	startrek	22	exclude	violence-or-death
ac4f82270ff34740	startrek	23	retain	balanced-editorial-quota
921a28c1061e22ed	startrek	24	retain	balanced-editorial-quota
1f8cf612ad40e2b3	startrek	25	exclude	quota
302e64b61387e4b3	startrek	26	retain	balanced-editorial-quota
701e838421811537	startrek	27	retain	balanced-editorial-quota
7a44cb45d8289a53	startrek	28	retain	balanced-editorial-quota
34b894de7b2e0169	startrek	29	exclude	quota
1620c79fec7357fd	startrek	30	exclude	quota
18ce9159281a25a3	startrek	31	retain	balanced-editorial-quota
3a9dbbed715475da	startrek	32	exclude	violence-or-death
64bbe2acb8aa89aa	startrek	33	exclude	violence-or-death
1a9fa0d7124c7c12	startrek	34	retain	balanced-editorial-quota
fc025cecd081a02c	startrek	35	exclude	quota
4d844512ea63b187	startrek	36	exclude	quota
5b9b7bf66a053a85	startrek	37	exclude	violence-or-death
2178269c19246df9	startrek	38	exclude	quota
053623d0e8059957	startrek	39	exclude	sexual-or-identity-harm
62f58fe94a16e06c	startrek	40	retain	balanced-editorial-quota
a7efd19742a71886	startrek	41	retain	balanced-editorial-quota
f7b1e66e08e4c26d	startrek	42	exclude	quota
f182c5b736301ea6	startrek	43	retain	balanced-editorial-quota
94723e290f501398	startrek	44	exclude	quota
0600db61f7503972	startrek	45	exclude	quota
d080a96c4866f74e	startrek	46	exclude	quota
cc7b65ca34c0c4be	startrek	47	exclude	quota
3b548e7059e9b6ba	startrek	48	exclude	quota
2cd78ef653fd6de0	startrek	49	exclude	violence-or-death
c31682289072eba8	startrek	50	exclude	final-corpus-trim
b1233218e4c07ad7	startrek	51	retain	balanced-editorial-quota
290f943c167e2bc0	startrek	52	retain	balanced-editorial-quota
f0e0acb3b16c7f24	startrek	53	exclude	quota
86c5335365c3d0f3	startrek	54	retain	balanced-editorial-quota
c651aa4f18360209	startrek	55	exclude	violence-or-death
e211424fd3fa77a3	startrek	56	exclude	quota
967eff832e458628	startrek	57	retain	balanced-editorial-quota
0a43a1982e896fa5	startrek	58	retain	balanced-editorial-quota
2a437b5d1f4a7cb9	startrek	59	exclude	quota
9f8afd0c1aaf3fa1	startrek	60	retain	balanced-editorial-quota
f2b633669e006d31	startrek	61	exclude	quota
cd4c8b0c2a1fd6b8	startrek	62	exclude	violence-or-death
6fc048538b682e2c	startrek	63	exclude	violence-or-death
23d2822e3902c1d7	startrek	64	exclude	presentation-length
c256b4e8809e7560	startrek	65	exclude	quota
59954ae4ced970a6	startrek	66	retain	balanced-editorial-quota
28ebd0c2fc9cbddd	startrek	67	retain	balanced-editorial-quota
ec6ce08ad7fd50be	startrek	68	exclude	violence-or-death
5aa31d4ce00c9f5a	startrek	69	exclude	quota
3926a908f3619c81	startrek	70	exclude	violence-or-death
596152b34b82167b	startrek	71	retain	balanced-editorial-quota
f50b8c5d21ceec05	startrek	72	exclude	quota
29f89df292cfb6e6	startrek	73	exclude	violence-or-death
7270b73518fb1dec	startrek	74	exclude	quota
96987bb4f96fcf75	startrek	75	retain	balanced-editorial-quota
afc03ca9ff8fe8f4	startrek	76	retain	balanced-editorial-quota
ddb9405d4ad5710d	startrek	77	exclude	quota
31eb9752a859b1b6	startrek	78	exclude	quota
5f190c91a9d5f323	startrek	79	exclude	quota
3218315785e4a675	startrek	80	retain	balanced-editorial-quota
435bb8260ab85c73	startrek	81	exclude	quota
ead5ced47925b5ce	startrek	82	exclude	quota
230a18ac8b208c38	startrek	83	retain	balanced-editorial-quota
fd58d9347f47c216	startrek	84	retain	balanced-editorial-quota
96caa7996b806244	startrek	85	exclude	violence-or-death
092a2d32d893a5c6	startrek	86	retain	balanced-editorial-quota
9c4393f4b3b3864c	startrek	87	exclude	violence-or-death
3ac96ea3b57763ed	startrek	88	exclude	violence-or-death
6e3959ce7855a2d3	startrek	89	exclude	violence-or-death
1844a68d00ef7efd	startrek	90	retain	balanced-editorial-quota
b9f8a20b5c0f21de	startrek	91	exclude	violence-or-death
e9d6957964e131e8	startrek	92	exclude	quota
80e2a71b388d1ffb	startrek	93	exclude	quota
4c6e71542de9b5ac	startrek	94	exclude	violence-or-death
8e7c51dbb87d7c43	startrek	95	exclude	violence-or-death
4420e18ad668bbe1	startrek	96	exclude	quota
d1a117a879c40e87	startrek	97	exclude	quota
584638e3e8868665	startrek	98	retain	balanced-editorial-quota
71bed9f0c401e367	startrek	99	exclude	quota
92de64ec5a0cc5b6	startrek	100	retain	balanced-editorial-quota
1be843ccb0ee4e2f	startrek	101	exclude	quota
7932cf10cee1494d	startrek	102	exclude	quota
6596b688f0c75afd	startrek	103	exclude	quota
d2c3eb56691e59a8	startrek	104	exclude	quota
5927e9e02698f4bf	startrek	105	retain	balanced-editorial-quota
86b0b7600a7fb546	startrek	106	exclude	quota
4b58999c455ba36e	startrek	107	exclude	violence-or-death
cbbaede5047f3d4c	startrek	108	exclude	quota
91144e2ec724fb12	startrek	109	retain	balanced-editorial-quota
1bc57d9f4279384b	startrek	110	exclude	violence-or-death
9b13f2ad5c4f45e2	startrek	111	exclude	violence-or-death
a615bc49d86a166f	startrek	112	exclude	violence-or-death
bd4f9c49262166f0	startrek	113	exclude	quota
4d77cb79ecf18b70	startrek	114	retain	balanced-editorial-quota
87a4188b3729f2e8	startrek	115	exclude	quota
aae3dccef42beef5	startrek	116	retain	balanced-editorial-quota
816136e7ad3f3c69	startrek	117	exclude	quota
a6479ff731ce6310	startrek	118	exclude	quota
8cd4a9a0eb38e4be	startrek	119	retain	balanced-editorial-quota
04ba8a3e48576d64	startrek	120	exclude	violence-or-death
6ea04c77de37a36d	startrek	121	exclude	violence-or-death
a48284e0fe1cce00	startrek	122	exclude	quota
b8a75e53f4b25065	startrek	123	retain	balanced-editorial-quota
e647a1aa192bb734	startrek	124	exclude	quota
87cd67097281ea5d	startrek	125	retain	balanced-editorial-quota
18386d00cd562a1c	startrek	126	exclude	violence-or-death
3440d5db3562d718	startrek	127	exclude	quota
b62be94cacd0d159	startrek	128	retain	balanced-editorial-quota
423b0aef13f444fb	startrek	129	exclude	quota
1bef620f9fa17457	startrek	130	exclude	gender-stereotype
a2cba4e919717d9c	startrek	131	exclude	quota
345f58d6e9d26967	startrek	132	exclude	violence-or-death
c2485a61aa4c808c	startrek	133	exclude	quota
f5eac9b9766b5795	startrek	134	retain	balanced-editorial-quota
a090c5b0fae6d101	startrek	135	exclude	quota
e1ffc0d99e849542	startrek	136	exclude	violence-or-death
e2fb737bef63a2d0	startrek	137	exclude	violence-or-death
dca58b4ab28ab5e5	startrek	138	exclude	presentation-length
4236d00dbfc253ca	startrek	139	retain	balanced-editorial-quota
cee93ff94a1cf416	startrek	140	exclude	quota
424ac1ff12996ac0	startrek	141	exclude	quota
6ff47888ee9a4a18	startrek	142	exclude	quota
79d7d1683f23163e	startrek	143	retain	balanced-editorial-quota
458073764ef09cad	startrek	144	exclude	violence-or-death
56a14b8550755cc2	startrek	145	exclude	violence-or-death
7cfb486e75138698	startrek	146	exclude	quota
ba678179305e870d	startrek	147	exclude	quota
35b8f68ad2517f36	startrek	148	exclude	quota
12fde3595a0f56c1	startrek	149	exclude	violence-or-death
a65cc670e5bb4e7c	startrek	150	retain	balanced-editorial-quota
30f5aa80444bb988	startrek	151	retain	balanced-editorial-quota
ecd788be319ea14d	startrek	152	exclude	violence-or-death
850d606f8dd4c653	startrek	153	exclude	violence-or-death
a251baa7a3180304	startrek	154	exclude	quota
26a5018b4e6b5fcb	startrek	155	exclude	quota
fb22d164172974d9	startrek	156	exclude	violence-or-death
371512334dd3e323	startrek	157	retain	balanced-editorial-quota
9908554badc094b0	startrek	158	exclude	quota
bd4d90c7e59057d1	startrek	159	exclude	quota
ff1b08dd2e15c6b9	startrek	160	exclude	quota
39c64aea796d4e17	startrek	161	exclude	violence-or-death
7365b757b14dc516	startrek	162	exclude	quota
73119fd36bb3291c	startrek	163	retain	balanced-editorial-quota
e4812cd7d4568743	startrek	164	exclude	violence-or-death
c5c29f53cc10d26f	startrek	165	exclude	quota
09f8241faf6ec81d	startrek	166	exclude	quota
65337ceb7de9630d	startrek	167	retain	balanced-editorial-quota
fa14e9f36347c940	startrek	168	exclude	violence-or-death
404e77cc41dabef8	startrek	169	retain	balanced-editorial-quota
fc7a065c2ffeb454	startrek	170	retain	balanced-editorial-quota
312134408c2935c3	startrek	171	retain	balanced-editorial-quota
e872ef012cea6e1e	startrek	172	exclude	violence-or-death
333cebf61c7e4fa7	startrek	173	retain	balanced-editorial-quota
d3a0b1a45c89079b	startrek	174	exclude	quota
f52e6e53ef62c130	startrek	175	retain	balanced-editorial-quota
c952d66fa956068c	startrek	176	exclude	quota
c235e5dfdc922691	startrek	177	retain	balanced-editorial-quota
13b540493f732ec5	startrek	178	exclude	violence-or-death
0fe87f5ec4c9a901	startrek	179	exclude	quota
c2c426b6c148343f	startrek	180	exclude	quota
a3f4a9b3bef37b97	startrek	181	exclude	violence-or-death
4e33039c9df907f9	startrek	182	exclude	quota
ac2983ace66c90ad	startrek	183	exclude	quota
522d2019a8ee10c9	startrek	184	exclude	quota
68c6de98a466ac81	startrek	185	exclude	violence-or-death
18d83104a5ea67fe	startrek	186	exclude	violence-or-death
c84e300bf8946f08	startrek	187	exclude	violence-or-death
83f54054118ed6d2	startrek	188	retain	balanced-editorial-quota
d5e7472f5465e97f	startrek	189	retain	balanced-editorial-quota
1217c494c0dc01e0	startrek	190	exclude	violence-or-death
df8ffe187f673656	startrek	191	exclude	quota
b5a15ce1cc0d2681	startrek	192	exclude	quota
6741443f3ad28e02	startrek	193	exclude	violence-or-death
cb117dfe1206aa7d	startrek	194	exclude	violence-or-death
e73156be26732196	startrek	195	retain	balanced-editorial-quota
1abb858d3ae507f9	startrek	196	exclude	quota
a99877bb353b1a01	startrek	197	retain	balanced-editorial-quota
6b601dfd0f503f19	startrek	198	exclude	quota
a72bb21232ccb522	startrek	199	exclude	quota
00f64e84f00b399f	startrek	200	exclude	violence-or-death
926ffc3ba7feb9a8	startrek	201	exclude	quota
973be46c599b160d	startrek	202	exclude	quota
f2361d134d9aa504	startrek	203	exclude	violence-or-death
3456541dbde4c4f3	startrek	204	retain	balanced-editorial-quota
f6c9da9831c89c43	startrek	205	retain	balanced-editorial-quota
280bd034ec651913	startrek	206	exclude	quota
a6cddb5db658781a	startrek	207	exclude	quota
f46bad1b42581403	startrek	208	exclude	gender-stereotype
7c5267f8689b4841	startrek	209	exclude	quota
9eb3aede05556d3a	startrek	210	exclude	violence-or-death
a30421331ace463e	startrek	211	exclude	violence-or-death
06f951ebadb8b8f5	startrek	212	exclude	violence-or-death
596a74b89a5d1dff	startrek	213	exclude	quota
b934b9cc793cb814	startrek	214	retain	balanced-editorial-quota
c7891920ae838e66	startrek	215	exclude	violence-or-death
c8c4f523a4844839	startrek	216	exclude	quota
b4ad8c7888f2a601	startrek	217	retain	balanced-editorial-quota
e082f72c3769a083	startrek	218	exclude	quota
9de3c5c702328be2	startrek	219	exclude	violence-or-death
cb38f05d21d72028	startrek	220	exclude	quota
ac1ab83f1463d726	startrek	221	exclude	quota
d546e37a66214116	startrek	222	exclude	violence-or-death
9744b88c29e1c171	startrek	223	exclude	violence-or-death
fc94b8ac8af157d8	startrek	224	retain	balanced-editorial-quota
bd7e9120b937e5e0	startrek	225	exclude	quota
d4eee8ea8179b768	translate-me	1	exclude	ethnic-stereotype
2bdc8bb3ba41cb00	translate-me	2	retain	balanced-editorial-quota
882db92e65822d5d	translate-me	3	retain	balanced-editorial-quota
4e9f929c7010105f	translate-me	4	exclude	presentation-length
c2596bfd29fe7534	translate-me	5	retain	balanced-editorial-quota
0d97c5d1682dd4ef	translate-me	6	retain	balanced-editorial-quota
a050d44e546b8bf3	translate-me	7	retain	balanced-editorial-quota
1f5e5e5ef5c4dc60	translate-me	8	exclude	presentation-length
e5c21e597f982150	translate-me	9	retain	balanced-editorial-quota
e51f052c229131bc	translate-me	10	exclude	presentation-length
dcf384df1156ef67	translate-me	11	retain	balanced-editorial-quota
09b5bc8b4db9b605	translate-me	12	exclude	presentation-length
bd01f3bb1627938c	translate-me	13	exclude	presentation-length
2af3d6e3d36e6b77	translate-me	14	exclude	presentation-length
e0cb59c27124b973	translate-me	15	exclude	presentation-length
e2f5cbbd100218a0	translate-me	16	retain	balanced-editorial-quota
9c1eb2094e2eb83f	translate-me	17	exclude	presentation-length
3890e6db18c46528	translate-me	18	retain	balanced-editorial-quota
6204b4f124afdb82	translate-me	19	retain	balanced-editorial-quota
a3d5fdfe42cf48c6	wisdom	1	exclude	violence-or-death
840f70e5d9cc5954	wisdom	2	retain	balanced-editorial-quota
9f053edb9f4e0227	wisdom	3	exclude	quota
21c30a534b89aa93	wisdom	4	retain	balanced-editorial-quota
ea751d8409dc92d8	wisdom	5	exclude	violence-or-death
9669cd4cf9e514da	wisdom	6	exclude	quota
31bdf0bb1bd7294b	wisdom	7	retain	balanced-editorial-quota
def7d64f029dcb37	wisdom	8	retain	balanced-editorial-quota
aadfa5fa77153a15	wisdom	9	exclude	quota
0d7be782959c3498	wisdom	10	exclude	quota
a60a793463a88526	wisdom	11	exclude	quota
7228ab70af9b35f2	wisdom	12	exclude	violence-or-death
eaf1d2e0ecbefe7f	wisdom	13	exclude	quota
d96ce21cbcb4736d	wisdom	14	retain	balanced-editorial-quota
93edcb67c277fb10	wisdom	15	exclude	quota
c33dd3ac4eaf872a	wisdom	16	exclude	violence-or-death
cac6a18308a4c12d	wisdom	17	exclude	quota
88332eb38516fb41	wisdom	18	exclude	duplicate
b6fba90ff6e3f5b1	wisdom	19	exclude	quota
1a3846d8477f1eeb	wisdom	20	exclude	quota
12ac5a011b0f1781	wisdom	21	retain	balanced-editorial-quota
9af592941aeef93b	wisdom	22	exclude	violence-or-death
f09e8361b465d205	wisdom	23	exclude	quota
3170fcbce4a6b4b1	wisdom	24	retain	balanced-editorial-quota
c7648e8e9a2a390e	wisdom	25	exclude	quota
42d6878d69b953a0	wisdom	26	exclude	quota
f86297d0409a908a	wisdom	27	exclude	quota
655417bb5ad392a2	wisdom	28	exclude	violence-or-death
e81337b593f904ba	wisdom	29	retain	balanced-editorial-quota
9f03cac206bff111	wisdom	30	exclude	quota
c0c2992d348d1bcf	wisdom	31	exclude	quota
2f52d50fb063878c	wisdom	32	retain	balanced-editorial-quota
f53a1b4eb332170e	wisdom	33	retain	balanced-editorial-quota
3732003e0b06a995	wisdom	34	retain	balanced-editorial-quota
bcb396490b9ac9fe	wisdom	35	exclude	quota
1560ad85466e644e	wisdom	36	retain	balanced-editorial-quota
9d7328ab4351a2c9	wisdom	37	exclude	quota
c38210f1eb047ec6	wisdom	38	exclude	violence-or-death
d7884a7a7f006fce	wisdom	39	exclude	sexual-or-identity-harm
2afd175bb4e19a44	wisdom	40	exclude	quota
d59b10b4c9acf386	wisdom	41	retain	balanced-editorial-quota
4cc31e6dd368ec4b	wisdom	42	exclude	quota
b8762f4520e2d92a	wisdom	43	exclude	quota
e99482e028bcc481	wisdom	44	exclude	quota
4a9eabae494ace8f	wisdom	45	exclude	quota
3c2003fdbaea569d	wisdom	46	exclude	violence-or-death
66aba2a09ec305ed	wisdom	47	exclude	violence-or-death
8344291c62f15abf	wisdom	48	exclude	violence-or-death
cfb510890046007a	wisdom	49	exclude	violence-or-death
482228a23da8931a	wisdom	50	exclude	violence-or-death
e61e9a2e1f0fae26	wisdom	51	exclude	violence-or-death
9489df2a0b943a87	wisdom	52	exclude	violence-or-death
4dcb04d661647b92	wisdom	53	retain	balanced-editorial-quota
e0c512a63f27148b	wisdom	54	exclude	quota
c031ed9f0a3933e7	wisdom	55	exclude	quota
037f4012d085330f	wisdom	56	exclude	quota
6ee5ae3e0140e6b8	wisdom	57	exclude	quota
51265fc663dccaca	wisdom	58	retain	balanced-editorial-quota
89842c00c54acdc3	wisdom	59	exclude	violence-or-death
2e5f550fe23f10f5	wisdom	60	exclude	violence-or-death
3ab510846691bb69	wisdom	61	retain	balanced-editorial-quota
812245375602c529	wisdom	62	retain	balanced-editorial-quota
a37a65364704f769	wisdom	63	exclude	unsafe-character
159e9e64524ae8b6	wisdom	64	retain	balanced-editorial-quota
695ec876b4918b14	wisdom	65	retain	balanced-editorial-quota
73ab2ccc46375636	wisdom	66	retain	balanced-editorial-quota
4313609d7fd35f72	wisdom	67	exclude	quota
319c26c5b977ac58	wisdom	68	retain	balanced-editorial-quota
487825fef56e6177	wisdom	69	retain	balanced-editorial-quota
2e905f45b94c4453	wisdom	70	exclude	final-corpus-trim
043806f831595fcd	wisdom	71	retain	balanced-editorial-quota
968736b684f3e067	wisdom	72	retain	balanced-editorial-quota
8158518f03ab7590	wisdom	73	retain	balanced-editorial-quota
10ca07cdd7803c9e	wisdom	74	exclude	quota
8220cbe1de1f1649	wisdom	75	exclude	quota
e4c2e3d733ca630a	wisdom	76	retain	balanced-editorial-quota
6ac2da1b06690526	wisdom	77	retain	balanced-editorial-quota
97eac16825c2cf40	wisdom	78	exclude	violence-or-death
8927eef9a069d6ba	wisdom	79	exclude	violence-or-death
5a8418dcde18441a	wisdom	80	retain	balanced-editorial-quota
a8db60967e9d8b54	wisdom	81	exclude	quota
d5b54027427454cd	wisdom	82	exclude	violence-or-death
6f9bf1013c934f6f	wisdom	83	exclude	final-corpus-trim
40f7a29a471097ed	wisdom	84	exclude	violence-or-death
12b28c550f199f06	wisdom	85	exclude	quota
f30694376088c5b6	wisdom	86	retain	balanced-editorial-quota
a95f9c04bd3a7214	wisdom	87	retain	balanced-editorial-quota
679740874fdfc6c1	wisdom	88	exclude	quota
2fe93693095d21cd	wisdom	89	exclude	violence-or-death
c35d1404c5c201ad	wisdom	90	retain	balanced-editorial-quota
8c2607dc32f4d2f4	wisdom	91	exclude	quota
76ddcc02b1cb6c38	wisdom	92	exclude	quota
f7b2ef0a206292a7	wisdom	93	retain	balanced-editorial-quota
45b4b6c745ecfdbb	wisdom	94	exclude	quota
c630e41445e9662d	wisdom	95	retain	balanced-editorial-quota
ad0f097b7ef5e5a0	wisdom	96	exclude	quota
89c66ff547e48447	wisdom	97	retain	balanced-editorial-quota
4e185a9d0fd5405e	wisdom	98	exclude	quota
48c964141dc7b6d3	wisdom	99	exclude	quota
0f5e1e7703273cf0	wisdom	100	retain	balanced-editorial-quota
4a7b304cea167e8b	wisdom	101	exclude	quota
4ff9460ea13937b4	wisdom	102	exclude	quota
e4ede43fdf4ba684	wisdom	103	exclude	final-corpus-trim
6d0c48f56c3ebc6f	wisdom	104	retain	balanced-editorial-quota
50c2acdc8a0895dd	wisdom	105	exclude	quota
dee6a1f047dc7b2e	wisdom	106	exclude	violence-or-death
884b86bd7341a449	wisdom	107	exclude	quota
d90f66453971f841	wisdom	108	retain	balanced-editorial-quota
980d5044fd9faaf7	wisdom	109	retain	balanced-editorial-quota
14740822a28b268d	wisdom	110	retain	balanced-editorial-quota
dbfa410c3b8bbee4	wisdom	111	retain	balanced-editorial-quota
ff44b0d395d4a09d	wisdom	112	exclude	quota
c8150dee7fb9f7b5	wisdom	113	retain	balanced-editorial-quota
b036f89286699633	wisdom	114	exclude	violence-or-death
1050478316f73912	wisdom	115	exclude	presentation-length
0a99179d7b72fa4c	wisdom	116	retain	balanced-editorial-quota
52948520156fd1f3	wisdom	117	exclude	quota
8528e627a64ce8eb	wisdom	118	exclude	sexual-or-identity-harm
b35afb5fd85b696b	wisdom	119	exclude	quota
93b87cd35ea49d71	wisdom	120	retain	balanced-editorial-quota
aa0f1725b7539fdc	wisdom	121	retain	balanced-editorial-quota
4fcaa9c57fb5b62e	wisdom	122	retain	balanced-editorial-quota
f1b5168b70490820	wisdom	123	exclude	quota
1bf45409a5970b2c	wisdom	124	retain	balanced-editorial-quota
d61e705080aac376	wisdom	125	retain	balanced-editorial-quota
c5bb7f1bb8ffaad8	wisdom	126	retain	balanced-editorial-quota
5ca59a99dd609422	wisdom	127	exclude	quota
401f38107dc07ad6	wisdom	128	exclude	violence-or-death
ab3ac867854c457b	wisdom	129	exclude	final-corpus-trim
af4cd03a404bd163	wisdom	130	exclude	final-corpus-trim
cdb61a32274e9060	wisdom	131	exclude	quota
1ebf22fb4dafa1a3	wisdom	132	exclude	quota
9c108ec6310263b4	wisdom	133	exclude	quota
81ae0c3afaff0fe7	wisdom	134	exclude	quota
a18c2eabcabc7930	wisdom	135	exclude	quota
95e04f5a07ba20b6	wisdom	136	retain	balanced-editorial-quota
b304c27678d88e83	wisdom	137	exclude	quota
955f795c902bd8ea	wisdom	138	exclude	quota
842d18da4d403748	wisdom	139	retain	balanced-editorial-quota
c2981c63872c7f01	wisdom	140	retain	balanced-editorial-quota
7925973ac569141e	wisdom	141	retain	balanced-editorial-quota
340b9fb245148e00	wisdom	142	retain	balanced-editorial-quota
2bb168a312fe8e6e	wisdom	143	exclude	violence-or-death
aec52c446d5ac49f	wisdom	144	exclude	quota
56c6e97fc6255c93	wisdom	145	exclude	quota
87ca2d42a0edfdbe	wisdom	146	retain	balanced-editorial-quota
aeb7e069d32edc0c	wisdom	147	retain	balanced-editorial-quota
f268028cc11ace9d	wisdom	148	retain	balanced-editorial-quota
75b06de20496e213	wisdom	149	exclude	violence-or-death
bbc1f33df9cbd033	wisdom	150	exclude	quota
c0b4c9eabcad0de8	wisdom	151	retain	balanced-editorial-quota
6a82404274dbaffa	wisdom	152	retain	balanced-editorial-quota
7d07cbaa05ec676e	wisdom	153	retain	balanced-editorial-quota
3e59a4579e1972c6	wisdom	154	exclude	quota
05398dd0c81a2dbc	wisdom	155	exclude	presentation-length
1ef567fb58a9aa2b	wisdom	156	retain	balanced-editorial-quota
a510f5516d21a066	wisdom	157	exclude	violence-or-death
00f311b6a7580bcf	wisdom	158	retain	balanced-editorial-quota
15a6ae5f63062366	wisdom	159	exclude	violence-or-death
2c76db2a667ee936	wisdom	160	exclude	quota
c16c40ed6333f801	wisdom	161	exclude	quota
759afd97e642673c	wisdom	162	exclude	quota
2307f866fa0456d7	wisdom	163	retain	balanced-editorial-quota
419688509df9fec2	wisdom	164	exclude	quota
b362f61bbc532586	wisdom	165	retain	balanced-editorial-quota
93b8d8ba8d44bae1	wisdom	166	exclude	violence-or-death
338f78086b0cde95	wisdom	167	retain	balanced-editorial-quota
e23c4c1658019a3b	wisdom	168	exclude	final-corpus-trim
405071bb8ab5bda5	wisdom	169	exclude	quota
ac62bc27b41ad4e8	wisdom	170	retain	balanced-editorial-quota
53ec465ec3e8940d	wisdom	171	retain	balanced-editorial-quota
ce7c7152e3c1bf6e	wisdom	172	retain	balanced-editorial-quota
eed0a24b55631b76	wisdom	173	exclude	quota
60ae0fc7391ee529	wisdom	174	retain	balanced-editorial-quota
ebd1f0dee402764b	wisdom	175	retain	balanced-editorial-quota
0a14438e8bb14c7f	wisdom	176	retain	balanced-editorial-quota
73f8cc0c13b9ce82	wisdom	177	exclude	violence-or-death
9076209c006967d8	wisdom	178	retain	balanced-editorial-quota
1ad45b1c1af7c6df	wisdom	179	exclude	quota
495517dbd4f64c64	wisdom	180	exclude	quota
6cc65809ad6c2018	wisdom	181	exclude	violence-or-death
429268979828e9f8	wisdom	182	exclude	quota
76ae490995a0380d	wisdom	183	retain	balanced-editorial-quota
9a4fc5e85d71697f	wisdom	184	retain	balanced-editorial-quota
f112256d85cf259a	wisdom	185	retain	balanced-editorial-quota
1aad4dea9319d055	wisdom	186	exclude	violence-or-death
b8ac08a5c9109a6a	wisdom	187	retain	balanced-editorial-quota
d2edc6af60fe2549	wisdom	188	exclude	quota
0e0a90f5d119de58	wisdom	189	retain	balanced-editorial-quota
7fc286be45bd4908	wisdom	190	exclude	quota
d95831f82a45c208	wisdom	191	retain	balanced-editorial-quota
d9db0ae91d3464e8	wisdom	192	retain	balanced-editorial-quota
66458102cef32876	wisdom	193	retain	balanced-editorial-quota
4bfdebab295603d9	wisdom	194	exclude	quota
4805fc97d86e44d5	wisdom	195	exclude	quota
bcfc9c67a1191b90	wisdom	196	retain	balanced-editorial-quota
5e9acd7ceed66e58	wisdom	197	retain	balanced-editorial-quota
3024aa2965e394da	wisdom	198	exclude	final-corpus-trim
e383d1872db85733	wisdom	199	exclude	quota
3279630eb92b1669	wisdom	200	retain	balanced-editorial-quota
006eb7076da86078	wisdom	201	exclude	quota
ae2000959dc01d6e	wisdom	202	retain	balanced-editorial-quota
e343ac86960c7d97	wisdom	203	retain	balanced-editorial-quota
e4366ec05562d917	wisdom	204	exclude	quota
d38f8bf08de8a328	wisdom	205	retain	balanced-editorial-quota
8572c8b0141b0a90	wisdom	206	exclude	quota
e1d55503b37a7cf6	wisdom	207	exclude	quota
dd37d0544d97a0f1	wisdom	208	exclude	quota
8914d1cc4839964d	wisdom	209	retain	balanced-editorial-quota
299c4406c348be21	wisdom	210	retain	balanced-editorial-quota
1cd32bcadb006148	wisdom	211	exclude	quota
e7f1a01d862cf4b5	wisdom	212	exclude	quota
fea3d3f33f678f1e	wisdom	213	retain	balanced-editorial-quota
56dda1630e1c769f	wisdom	214	retain	balanced-editorial-quota
26e01d7c7b425ad5	wisdom	215	retain	balanced-editorial-quota
b50bec5390be7c33	wisdom	216	exclude	quota
41a0ce3dfb9e7ba5	wisdom	217	exclude	violence-or-death
cbf6372a5b0bccbc	wisdom	218	exclude	quota
1c020b137ac43eb9	wisdom	219	retain	balanced-editorial-quota
0d1040d1a052994a	wisdom	220	retain	balanced-editorial-quota
85eeac02ec6ce263	wisdom	221	exclude	violence-or-death
14b96dfb8b7f4235	wisdom	222	exclude	quota
028ef057eb1cd65c	wisdom	223	exclude	quota
6dc79af1fe9791e4	wisdom	224	retain	balanced-editorial-quota
6c34be20cb3bca15	wisdom	225	retain	balanced-editorial-quota
f93b43f6786a2be4	wisdom	226	exclude	quota
96b79fa548295e1d	wisdom	227	retain	balanced-editorial-quota
b79beee6258f980f	wisdom	228	exclude	quota
18b9866c7757ce53	wisdom	229	retain	balanced-editorial-quota
619b9c76f0abcd5c	wisdom	230	exclude	violence-or-death
0fa376f31a2fcdbe	wisdom	231	exclude	presentation-length
5e868e1346b0f1b3	wisdom	232	retain	balanced-editorial-quota
fc91747e6a9d2a2c	wisdom	233	exclude	quota
65385a95612be2fc	wisdom	234	exclude	quota
8c47fbc7dad5cabb	wisdom	235	retain	balanced-editorial-quota
4833011ebd068750	wisdom	236	retain	balanced-editorial-quota
83d7b8b1f732cf44	wisdom	237	exclude	quota
d6dabfdf4f4996d1	wisdom	238	exclude	quota
4d43102e08d7018e	wisdom	239	retain	balanced-editorial-quota
f91b6a84eb124c49	wisdom	240	exclude	quota
ee56b67ddf3e9ea6	wisdom	241	exclude	quota
2eadf597b9765723	wisdom	242	retain	balanced-editorial-quota
e3b07e7def73bef4	wisdom	243	exclude	violence-or-death
dfa86f25e35b1dc2	wisdom	244	retain	balanced-editorial-quota
8b6037c2709e222a	wisdom	245	retain	balanced-editorial-quota
ed2f14d23f763ac5	wisdom	246	retain	balanced-editorial-quota
803f962799272a5e	wisdom	247	exclude	quota
7fee1ad5dff7a4f2	wisdom	248	retain	balanced-editorial-quota
39b65482dbb5a02c	wisdom	249	retain	balanced-editorial-quota
389864ac8bf9c21e	wisdom	250	retain	balanced-editorial-quota
08357cf660e5dfd2	wisdom	251	retain	balanced-editorial-quota
10ed01fe7d64d86a	wisdom	252	exclude	quota
7fab795e5839533c	wisdom	253	retain	balanced-editorial-quota
7c57280e72f09438	wisdom	254	exclude	duplicate
ea2ab2ac942adaa5	wisdom	255	exclude	quota
ff1e00709e644516	wisdom	256	exclude	quota
fc62fc6224836b65	wisdom	257	retain	balanced-editorial-quota
fc19485bdc3739d8	wisdom	258	exclude	violence-or-death
346073d0dd4caf27	wisdom	259	retain	balanced-editorial-quota
54956fd613654957	wisdom	260	exclude	quota
259cbfd400435c94	wisdom	261	exclude	violence-or-death
993c010c6fcebaa7	wisdom	262	exclude	quota
2360a0b8aebd51a4	wisdom	263	retain	balanced-editorial-quota
c1463c5a9028da99	wisdom	264	retain	balanced-editorial-quota
d4cb4146dd5cd633	wisdom	265	exclude	quota
01c43a4fe3b633b6	wisdom	266	retain	balanced-editorial-quota
d892ee2709da3b96	wisdom	267	retain	balanced-editorial-quota
b76cd095126a2a65	wisdom	268	retain	balanced-editorial-quota
760f5289f4ff11ec	wisdom	269	retain	balanced-editorial-quota
437418bb8bd89db0	wisdom	270	exclude	quota
e0d092612292503d	wisdom	271	retain	balanced-editorial-quota
314e0c55856e8629	wisdom	272	retain	balanced-editorial-quota
18812a69bfe5a186	wisdom	273	exclude	quota
d378479b72c1bb59	wisdom	274	exclude	quota
abbbb0b3c9a4a499	wisdom	275	retain	balanced-editorial-quota
23dc85fff2ac66d2	wisdom	276	exclude	quota
fe5ba88d401e0c90	wisdom	277	retain	balanced-editorial-quota
df3d64b8c8278509	wisdom	278	exclude	quota
941be353b4ec694c	wisdom	279	retain	balanced-editorial-quota
2bc4b001a39161b6	wisdom	280	exclude	quota
46d367db8c7bf983	wisdom	281	retain	balanced-editorial-quota
4716b8f71fd09272	wisdom	282	retain	balanced-editorial-quota
2f182a3d4224fe03	wisdom	283	exclude	quota
2d3c7e49a74a256b	wisdom	284	exclude	quota
18b715a6b3a6f24c	wisdom	285	exclude	quota
2f32dcc6b49132bf	wisdom	286	retain	balanced-editorial-quota
47e3cf13fe004235	wisdom	287	exclude	quota
d1ab71909ef006ff	wisdom	288	exclude	duplicate
243681398ae577a4	wisdom	289	exclude	quota
70ad70207e7a24c0	wisdom	290	exclude	violence-or-death
974135e070771864	wisdom	291	retain	balanced-editorial-quota
7240477ce0b6b818	wisdom	292	exclude	quota
4fa566c4e78fb9e7	wisdom	293	exclude	quota
5701108c9bc71e8e	wisdom	294	exclude	quota
aec712ca2c5864a7	wisdom	295	exclude	quota
eaf8a1a6bb9bcad9	wisdom	296	exclude	quota
99c4d17155fa9de7	wisdom	297	retain	balanced-editorial-quota
7a32ce189061e016	wisdom	298	retain	balanced-editorial-quota
8dbdc2fc484dd88b	wisdom	299	exclude	presentation-length
9541f5c9d4286b0c	wisdom	300	exclude	violence-or-death
ed9e6eb1c2a00669	wisdom	301	exclude	quota
818252f332278d59	wisdom	302	retain	balanced-editorial-quota
1b202ad35e13f196	wisdom	303	exclude	violence-or-death
422d56664db58211	wisdom	304	exclude	quota
c29cfb4dcc9e9ba5	wisdom	305	retain	balanced-editorial-quota
f8d87187c05b236d	wisdom	306	exclude	quota
6a6c4e49d0693e80	wisdom	307	exclude	quota
5144ff79a3517eea	wisdom	308	exclude	quota
c0bc7706c443a264	wisdom	309	retain	balanced-editorial-quota
47cf7090e23b3c15	wisdom	310	retain	balanced-editorial-quota
7ea68c6fc578773e	wisdom	311	retain	balanced-editorial-quota
793881ec62c34190	wisdom	312	exclude	final-corpus-trim
78341ac7e2ac9ad9	wisdom	313	exclude	quota
d9d4088600e62b32	wisdom	314	exclude	quota
85a9da6ac188439f	wisdom	315	retain	balanced-editorial-quota
5fbdd49cf91f3b0c	wisdom	316	exclude	quota
3a4eb1f68b18bdce	wisdom	317	retain	balanced-editorial-quota
58d49cfe27aca32e	wisdom	318	exclude	violence-or-death
f805622f3f52ec7a	wisdom	319	exclude	quota
ef560fbcc0447c9c	wisdom	320	exclude	quota
ac63e3bca953964b	wisdom	321	retain	balanced-editorial-quota
fc9ec1189dadca91	wisdom	322	retain	balanced-editorial-quota
f8148f53fd8cdf7d	wisdom	323	exclude	quota
233b36cae80da0c9	wisdom	324	exclude	quota
82584da5f87ac76c	wisdom	325	exclude	quota
6f3f2a7bf6dcb2db	wisdom	326	retain	balanced-editorial-quota
178bee6f3ac6cc60	wisdom	327	retain	balanced-editorial-quota
7126bf4cb752142f	wisdom	328	exclude	quota
9812170ea1143cc0	wisdom	329	exclude	quota
51187d3e8916f947	wisdom	330	retain	balanced-editorial-quota
caaa8a3b1551cb06	wisdom	331	retain	balanced-editorial-quota
0a0976560b93218b	wisdom	332	exclude	quota
79a0beb8819739ea	wisdom	333	retain	balanced-editorial-quota
770bbae63c68b4e8	wisdom	334	exclude	violence-or-death
cad654c7424093c2	wisdom	335	exclude	quota
ce4e4bafd5e66428	wisdom	336	exclude	quota
a9553157883378e1	wisdom	337	exclude	quota
df19cedae4e7f3af	wisdom	338	retain	balanced-editorial-quota
d7d2249a262cb35f	wisdom	339	retain	balanced-editorial-quota
1260963a935795a7	wisdom	340	retain	balanced-editorial-quota
5943f32144f3aa3a	wisdom	341	exclude	violence-or-death
a98192f35e643bb7	wisdom	342	exclude	quota
95aec4745c2d90dc	wisdom	343	retain	balanced-editorial-quota
a9ef55c25415e891	wisdom	344	retain	balanced-editorial-quota
eed90f6e39286506	wisdom	345	exclude	quota
6bb25fca1e3f936d	wisdom	346	exclude	quota
1018d96a3b9eed71	wisdom	347	exclude	quota
b87837d43e38de99	wisdom	348	exclude	quota
7a1ad56c4331a2d5	wisdom	349	exclude	quota
39db1c09ced4b46c	wisdom	350	exclude	quota
8e9e0fa6c5bb85d8	wisdom	351	retain	balanced-editorial-quota
cd277ae741729533	wisdom	352	exclude	quota
ca91fedf3c437636	wisdom	353	exclude	quota
f1467dc905878baa	wisdom	354	exclude	quota
e1bceaafa86d9565	wisdom	355	exclude	quota
7ddf0d6d279d156e	wisdom	356	exclude	quota
0e3d8b0fc60140fd	wisdom	357	exclude	violence-or-death
c5ca2c8bdf605a3c	wisdom	358	exclude	quota
1f5d60e38ab400c1	wisdom	359	exclude	final-corpus-trim
564ecd9942a0300c	wisdom	360	exclude	violence-or-death
77941cdf2f78dd61	wisdom	361	retain	balanced-editorial-quota
7ec6b15a391f14fa	wisdom	362	exclude	final-corpus-trim
565e38701ded7972	wisdom	363	exclude	duplicate
dfe8aa3c34fde345	wisdom	364	retain	balanced-editorial-quota
f76a693121b99b5b	wisdom	365	retain	balanced-editorial-quota
c14e93278cda31be	wisdom	366	exclude	quota
244f9ff495a015d8	wisdom	367	exclude	quota
e5b7389e3bd781d9	wisdom	368	retain	balanced-editorial-quota
913ef1364ff9b741	wisdom	369	exclude	violence-or-death
6a69ed102c994822	wisdom	370	exclude	violence-or-death
31de84c0daf7a027	wisdom	371	exclude	quota
125cfd15c3d08999	wisdom	372	exclude	quota
b1d95478b867b2a8	wisdom	373	retain	balanced-editorial-quota
1f6af48d144b2501	wisdom	374	retain	balanced-editorial-quota
6025a23ed03d3965	wisdom	375	retain	balanced-editorial-quota
36ac5b1c757c32d1	wisdom	376	retain	balanced-editorial-quota
c9d9bac589f703ae	wisdom	377	exclude	quota
af151555722203ef	wisdom	378	retain	balanced-editorial-quota
b552617cb53a5b3b	wisdom	379	exclude	quota
8d44785b3b39e66f	wisdom	380	exclude	quota
4ad6323241d4b256	wisdom	381	retain	balanced-editorial-quota
6fad509c20bcd6dc	wisdom	382	retain	balanced-editorial-quota
7bdc48ea2b8434ea	wisdom	383	exclude	violence-or-death
d7121d161d9e158e	wisdom	384	exclude	quota
abddf18d5d5a01a1	wisdom	385	retain	balanced-editorial-quota
605f46cee301faa9	wisdom	386	exclude	quota
db1900671c871f65	wisdom	387	retain	balanced-editorial-quota
f7f8f80335c2c684	wisdom	388	exclude	quota
e8015a73d11ef38c	wisdom	389	retain	balanced-editorial-quota
9c89d47e86032786	wisdom	390	retain	balanced-editorial-quota
688836a0474a0344	wisdom	391	retain	balanced-editorial-quota
253077fd21715fd8	wisdom	392	retain	balanced-editorial-quota
a6455a1d1599c093	wisdom	393	exclude	violence-or-death
0b4d27bd8d5d38fa	wisdom	394	retain	balanced-editorial-quota
4bddd2cc5e41cdc7	wisdom	395	exclude	quota
4bd9e4305b96e620	wisdom	396	retain	balanced-editorial-quota
eb7321ca915c4817	wisdom	397	exclude	violence-or-death
6affcf0b776f58ac	wisdom	398	retain	balanced-editorial-quota
f180d6d8c22886fa	wisdom	399	retain	balanced-editorial-quota
5299bafcc401e415	wisdom	400	exclude	quota
5434c4b6449c49cc	wisdom	401	retain	balanced-editorial-quota
a68dd4bb5cac7648	wisdom	402	exclude	quota
968667345e99764e	work	1	exclude	quota
27e90c065c061fe5	work	2	exclude	presentation-length
6bc3dcec25c4864e	work	3	exclude	quota
114037914bc6d115	work	4	exclude	quota
4a47f85c96c47f94	work	5	exclude	quota
226e997d6fadfe2b	work	6	exclude	quota
b9a848e681d485cf	work	7	exclude	quota
e9543619cd1edffc	work	8	retain	balanced-editorial-quota
58ff719b85c5971e	work	9	exclude	violence-or-death
cdef6432d7072b48	work	10	exclude	quota
4245a4c5c8af8904	work	11	exclude	quota
d26ab3aad03befcd	work	12	retain	balanced-editorial-quota
393e89ba07d6f76c	work	13	exclude	quota
92dd208f67db6f4e	work	14	exclude	presentation-length
9cd25353e486851f	work	15	exclude	violence-or-death
7fcb6f1d4ddde714	work	16	exclude	quota
32edb0cb6b6f39e7	work	17	retain	balanced-editorial-quota
eba6b271bb436f93	work	18	retain	balanced-editorial-quota
22e55c69b94b3e80	work	19	exclude	quota
2651937c3b1ab8c5	work	20	retain	balanced-editorial-quota
efeac59b119ef59c	work	21	exclude	quota
c5c5b392cf5f8ee7	work	22	exclude	quota
35ad964c4f63094c	work	23	exclude	quota
79ddaeef8b2160b3	work	24	retain	balanced-editorial-quota
d0b32f66ceb6b60f	work	25	retain	balanced-editorial-quota
40a588ff5b48d4bf	work	26	exclude	quota
b4717c7d4c1c912f	work	27	exclude	presentation-length
c218a6ccb2edecc2	work	28	exclude	quota
029e5a26e6da6a62	work	29	exclude	quota
7f33fc0b1badaff1	work	30	exclude	presentation-length
dab4ae60d10b324a	work	31	exclude	quota
bcd4684cedfa7950	work	32	exclude	quota
f44422df9bf05e00	work	33	exclude	quota
93fb7c27909bec1f	work	34	retain	balanced-editorial-quota
4d7f754ffa21b3d0	work	35	retain	balanced-editorial-quota
fff6b3d8235fe82e	work	36	retain	balanced-editorial-quota
c61a9bc0b864bb77	work	37	retain	balanced-editorial-quota
6714d639debfffb1	work	38	exclude	quota
0fe096cd9e3acaa2	work	39	exclude	presentation-length
c838bfa4f101c5c2	work	40	exclude	quota
3ec82f01c9a94eed	work	41	retain	balanced-editorial-quota
137c23009b7d34d6	work	42	exclude	quota
27beced6cb94502a	work	43	exclude	quota
228b5b33b1b75640	work	44	exclude	quota
88bf602255242747	work	45	exclude	quota
dba5dd3ebbefe083	work	46	exclude	quota
112a4481fde511a9	work	47	retain	balanced-editorial-quota
edf4ebcbba043eea	work	48	exclude	quota
e8ea9f175f9b6632	work	49	retain	balanced-editorial-quota
671c1b5852c79579	work	50	exclude	unsafe-character
c0edd8a313c23e15	work	51	exclude	quota
092a1cf4d1e299ad	work	52	retain	balanced-editorial-quota
4fa029ac9ef0670b	work	53	retain	balanced-editorial-quota
32a1a210e8646864	work	54	exclude	presentation-length
82b48cfc3a5a6cc0	work	55	exclude	quota
c16d3345a522bfe7	work	56	exclude	presentation-length
028dbc5b9068bc45	work	57	exclude	quota
81691aa22d78d21b	work	58	exclude	presentation-length
3c12fedcbace54f4	work	59	exclude	quota
86eafffd18d70559	work	60	exclude	quota
79b867ccaa5a54f9	work	61	retain	balanced-editorial-quota
935bf44536a8c4b9	work	62	exclude	quota
05ddcd96f48152a3	work	63	retain	balanced-editorial-quota
891ae11e613b5eeb	work	64	exclude	presentation-length
933a01645eb2eeba	work	65	exclude	presentation-length
93c4b529eebead01	work	66	exclude	quota
1f5e248354d81a02	work	67	retain	balanced-editorial-quota
54c32b0311f587d4	work	68	retain	balanced-editorial-quota
0741ecc6491f6695	work	69	exclude	quota
2ab8337a10ba1848	work	70	exclude	presentation-length
f351a00002d0ea54	work	71	exclude	presentation-length
f219ebbfe58f3a38	work	72	retain	balanced-editorial-quota
c1b66c2ffa070c06	work	73	exclude	quota
cbd9316fb8467c4c	work	74	exclude	quota
52c0c7a3d4f18339	work	75	exclude	unsafe-character
8d646653ed90a706	work	76	exclude	quota
1fd6bbd93ec913eb	work	77	exclude	quota
ce93fb3b59bcabda	work	78	retain	balanced-editorial-quota
1df5c18a6e6d0dc5	work	79	exclude	quota
951578b82d692405	work	80	exclude	quota
5da2acc3d7d5cfa8	work	81	retain	balanced-editorial-quota
e48a0f33b5f35b5a	work	82	exclude	unsafe-character
1720e205b1dea8fa	work	83	exclude	quota
f6ddf38c6c65d774	work	84	retain	balanced-editorial-quota
7c96fb46b20b3dae	work	85	retain	balanced-editorial-quota
be11b91b50f083b1	work	86	retain	balanced-editorial-quota
f3bd67847d98a6af	work	87	exclude	quota
0e8fc1edb6d0a8f6	work	88	exclude	quota
102bd8e3158e5281	work	89	retain	balanced-editorial-quota
ae390752200b285b	work	90	retain	balanced-editorial-quota
e637b6766519dfea	work	91	exclude	quota
ee59c09aef683634	work	92	retain	balanced-editorial-quota
09c84345f232d50e	work	93	retain	balanced-editorial-quota
14c46a7c54585dc1	work	94	retain	balanced-editorial-quota
a0cf0fbc893f4535	work	95	retain	balanced-editorial-quota
a36bae8fac501bd7	work	96	exclude	quota
12d00ddbd4e81141	work	97	retain	balanced-editorial-quota
10fa5d25383859ce	work	98	exclude	violence-or-death
971adfb0bd2ffa1c	work	99	retain	balanced-editorial-quota
015501c82e4f38db	work	100	retain	balanced-editorial-quota
a8dafaf2c3da7b79	work	101	exclude	quota
23974e2dc9cfabf2	work	102	exclude	presentation-length
fe9cc7ed8600f1bf	work	103	exclude	quota
ff041ab6f5638f7b	work	104	exclude	quota
d9a1d18eead9ea84	work	105	exclude	quota
7090784379d41d4a	work	106	exclude	violence-or-death
8cd0ae90f39a2b52	work	107	exclude	quota
22fff5f6dcae0785	work	108	exclude	presentation-length
4f3f1e8b6c58762c	work	109	retain	balanced-editorial-quota
85aec588c7b1463a	work	110	exclude	quota
5b2c95d75ebce1a0	work	111	exclude	quota
471acb75f8e6d059	work	112	retain	balanced-editorial-quota
3046c686a524a432	work	113	exclude	quota
0551db74340ccb70	work	114	exclude	quota
c4a5916fb9a7a809	work	115	retain	balanced-editorial-quota
c69d86a04f640363	work	116	exclude	duplicate
e4a6e17382fd9d6e	work	117	exclude	quota
0a72804ebab95947	work	118	exclude	quota
90eb5569599a04cc	work	119	exclude	quota
4b192f011b1f3b8b	work	120	exclude	quota
6caa7577b42afbad	work	121	exclude	quota
f40d3cec455eb431	work	122	exclude	quota
00893772ffd82e0e	work	123	exclude	violence-or-death
12925afb5895b34e	work	124	retain	balanced-editorial-quota
7c118891c1c67161	work	125	exclude	quota
9637dda21f68cadc	work	126	retain	balanced-editorial-quota
b522e8cd7d3e6fd4	work	127	exclude	quota
94eb4aefed6d8e33	work	128	retain	balanced-editorial-quota
5e04b6aa2cf13961	work	129	retain	balanced-editorial-quota
0a39371692e848a9	work	130	exclude	quota
20952eba23e7d88d	work	131	exclude	quota
1d52079aa6104ab9	work	132	exclude	quota
69c8821acc2a5460	work	133	exclude	presentation-length
2086de25718be25b	work	134	exclude	quota
62164c5fc9e14333	work	135	exclude	quota
bbe7d2f3e7db0127	work	136	exclude	quota
75c6b553b072fca9	work	137	retain	balanced-editorial-quota
cc9717deb4aa0e3e	work	138	retain	balanced-editorial-quota
c9c5c0d2d55b6831	work	139	exclude	quota
2407d7438cbd4050	work	140	exclude	quota
235995bc7c04a6d4	work	141	exclude	quota
d580024185cee60e	work	142	retain	balanced-editorial-quota
9a0dcf9be90a88fb	work	143	retain	balanced-editorial-quota
05581958138e3721	work	144	exclude	quota
6cb8814a45a5b3d7	work	145	retain	balanced-editorial-quota
69f725ed752b259f	work	146	exclude	violence-or-death
2257f72764bb5aee	work	147	exclude	quota
8b7c4d93b7795386	work	148	retain	balanced-editorial-quota
fcb4c8ced6c3e40a	work	149	exclude	violence-or-death
abf795ab5224ec3f	work	150	exclude	quota
813c81f2f85a8329	work	151	exclude	quota
e9c3d75467b84bdf	work	152	exclude	quota
bc7a733d23a3773e	work	153	exclude	quota
6e84943bf0e163f9	work	154	exclude	quota
6fd51b9df1c9a215	work	155	exclude	quota
d10f3d1508025663	work	156	retain	balanced-editorial-quota
1121e3027a7ebdd9	work	157	retain	balanced-editorial-quota
bfd3970575dd677d	work	158	exclude	quota
40e992a08181a09c	work	159	exclude	quota
cc18b5ee750ddd19	work	160	exclude	quota
ecd187fa0c3c1945	work	161	exclude	quota
59d2682db6f42a65	work	162	retain	balanced-editorial-quota
34c9d8a416076753	work	163	retain	balanced-editorial-quota
e2fc796366ca814f	work	164	exclude	violence-or-death
ddbb5e6a308c8625	work	165	exclude	quota
d8d8c69a406c6e13	work	166	retain	balanced-editorial-quota
8d20630e663b3f9a	work	167	exclude	quota
69a3a42d1654734f	work	168	exclude	quota
c1acc416c995c685	work	169	exclude	quota
4d24b400434f5896	work	170	retain	balanced-editorial-quota
50f42f372ba62898	work	171	exclude	quota
de7cf10117fd72f4	work	172	retain	balanced-editorial-quota
c867ee78ae68917d	work	173	exclude	quota
6d2a9222d99f9d2b	work	174	retain	balanced-editorial-quota
d207945f6dbb4c52	work	175	exclude	final-corpus-trim
b4d37e4db31f8fca	work	176	exclude	quota
ce01d39d45f4765d	work	177	retain	balanced-editorial-quota
81861bfc11632378	work	178	exclude	quota
024305e81008182b	work	179	retain	balanced-editorial-quota
15a9f0ba2a4f8460	work	180	exclude	quota
17b04767a0fa38bc	work	181	retain	balanced-editorial-quota
f1715916789cb80f	work	182	exclude	quota
15053c9efb64ac9d	work	183	exclude	violence-or-death
9530feba56388533	work	184	exclude	quota
e57ae457bd57ceb9	work	185	exclude	quota
d5296ce30ecf6bce	work	186	retain	balanced-editorial-quota
68700dc793162bf6	work	187	retain	balanced-editorial-quota
b5a08509daf1bd5c	work	188	retain	balanced-editorial-quota
1f9619fcc439cb39	work	189	retain	balanced-editorial-quota
d8f9d36fb66d4cb5	work	190	retain	balanced-editorial-quota
fd834d1b06711367	work	191	exclude	quota
f50a62c36dce3f14	work	192	retain	balanced-editorial-quota
e2f425b1f32ce05c	work	193	retain	balanced-editorial-quota
371b37493db4223c	work	194	retain	balanced-editorial-quota
4ee22ae5ef693554	work	195	retain	balanced-editorial-quota
9a99a3e64f745371	work	196	exclude	quota
38e8403280c3be46	work	197	exclude	quota
f48c4d23d6dbefca	work	198	exclude	quota
933188309874f2b4	work	199	retain	balanced-editorial-quota
2cb178ba4ffd784b	work	200	exclude	quota
02db6de4f1c7bdbe	work	201	exclude	presentation-length
b4b22500bf4c6be4	work	202	exclude	quota
76b0d3ed47199569	work	203	exclude	quota
7ae02b665a80ce7b	work	204	retain	balanced-editorial-quota
8eaf927e836b5a0c	work	205	exclude	quota
23b6bf014b09a864	work	206	exclude	violence-or-death
0c45f56ccc4fad33	work	207	exclude	violence-or-death
1df4684b5ee3a69c	work	208	exclude	quota
7996a85ec2a4b8c6	work	209	retain	balanced-editorial-quota
aa7172d48892f6c7	work	210	exclude	quota
a1c14d024b9cfe8c	work	211	exclude	quota
665245136c205f58	work	212	exclude	final-corpus-trim
a20ae0ef6cce2444	work	213	exclude	quota
700462589a474364	work	214	retain	balanced-editorial-quota
8c002db78c6ccdcc	work	215	exclude	violence-or-death
670ffb38a6a624e3	work	216	retain	balanced-editorial-quota
7d2cd49372162ba5	work	217	retain	balanced-editorial-quota
59730809e6d50299	work	218	exclude	quota
cec2520134d011db	work	219	exclude	quota
5391210844e93f4c	work	220	exclude	quota
2d580fe669892d1e	work	221	exclude	quota
7956c3ed64bce16c	work	222	exclude	violence-or-death
680ae4d376072e82	work	223	exclude	quota
5560a330eb5b10f9	work	224	exclude	quota
1d571eeda57eef08	work	225	exclude	quota
d282338c41e3b8a4	work	226	retain	balanced-editorial-quota
2b8b8a4fd3198a1c	work	227	exclude	quota
1d99f14aaca08c59	work	228	exclude	violence-or-death
901a98c01a734cb6	work	229	retain	balanced-editorial-quota
cc37f89c8403abd2	work	230	exclude	quota
db82f36fa7faffaa	work	231	exclude	quota
689d68cbb2d97a3f	work	232	retain	balanced-editorial-quota
e726f78dfdede3a9	work	233	exclude	quota
4866d0a24ac64d4a	work	234	exclude	quota
e8adab1fb5cd8493	work	235	retain	balanced-editorial-quota
f1e31085e0fecc6a	work	236	retain	balanced-editorial-quota
8e6fd38ab11bf693	work	237	exclude	violence-or-death
3e122e6d39b4cc97	work	238	exclude	quota
d2093b402d329e5e	work	239	exclude	quota
f76af26eaa4fd229	work	240	exclude	quota
a46ba3d563d02260	work	241	retain	balanced-editorial-quota
71eeca6c2250471b	work	242	exclude	quota
6752f029d3902b73	work	243	exclude	quota
5581ab4a0fe949b4	work	244	exclude	quota
5658bac6f2b5948f	work	245	retain	balanced-editorial-quota
c6f642ca7d51a9cd	work	246	exclude	quota
02a79586e4085014	work	247	retain	balanced-editorial-quota
177d166efb544196	work	248	exclude	quota
f2a9ab61bc49a827	work	249	exclude	quota
14e6e6c80d4d4b16	work	250	exclude	presentation-length
68ae7deb0830b11b	work	251	exclude	quota
274d1b7a9fe646b9	work	252	exclude	quota
cd06666ff04de5ee	work	253	retain	balanced-editorial-quota
18a6ca222fee08fb	work	254	exclude	quota
d297128bfa10aca3	work	255	exclude	quota
e4c8167697b82e9e	work	256	retain	balanced-editorial-quota
a99bcd5f3c516d15	work	257	exclude	quota
ad19359cb18f84a3	work	258	exclude	quota
a210392fa4167461	work	259	exclude	quota
ffa956aa3021686e	work	260	exclude	violence-or-death
36b220f7dbd4cd0f	work	261	exclude	violence-or-death
3d68baec44bb70ca	work	262	exclude	quota
004c95bfb49fe4d2	work	263	exclude	quota
d1ca851638868459	work	264	exclude	quota
2fb6001d9036f2d3	work	265	exclude	quota
16216168245079ed	work	266	retain	balanced-editorial-quota
83912e9518df8130	work	267	exclude	presentation-length
2c20634c42eb4797	work	268	retain	balanced-editorial-quota
4d738594d29b41a1	work	269	exclude	quota
b54f579e2ef0a579	work	270	exclude	quota
a5e2f279604dd998	work	271	retain	balanced-editorial-quota
4c291c3ed68935b4	work	272	retain	balanced-editorial-quota
d373aa8025c27834	work	273	retain	balanced-editorial-quota
327f63b8458b5958	work	274	exclude	quota
92ad2a589cbb92c5	work	275	retain	balanced-editorial-quota
c8dee91225f138b0	work	276	exclude	quota
eec4103af5d50922	work	277	retain	balanced-editorial-quota
ebfcc128541d22b9	work	278	retain	balanced-editorial-quota
8b9074847dddb1eb	work	279	exclude	violence-or-death
f1f101f84aa38c4f	work	280	exclude	quota
8ff60c614700581a	work	281	exclude	quota
fd0d38334a439deb	work	282	retain	balanced-editorial-quota
b7cd5c508bc17fde	work	283	retain	balanced-editorial-quota
95bd435fbd416941	work	284	exclude	quota
f1cc89c2987de20c	work	285	retain	balanced-editorial-quota
70535aa83a8cbf53	work	286	exclude	quota
212d6b7a4d7e670e	work	287	exclude	quota
3ccb20a5de2a8491	work	288	exclude	quota
7ac5780fb6f8454b	work	289	exclude	quota
7591e1215cc9e767	work	290	retain	balanced-editorial-quota
4531f86b584a33e7	work	291	retain	balanced-editorial-quota
e60168e8d7b59183	work	292	exclude	quota
91eb956c73afd465	work	293	exclude	quota
62a7a031c94df5e4	work	294	exclude	presentation-length
46cc46087c350936	work	295	exclude	quota
985893c4d0a0d3e5	work	296	exclude	quota
81327b7082a4fe4e	work	297	exclude	quota
d736fef03d313a5d	work	298	exclude	quota
c9f27bfbfc2e914a	work	299	retain	balanced-editorial-quota
c6efb6509b9c2e5f	work	300	exclude	quota
92137b40c316b9cf	work	301	retain	balanced-editorial-quota
b836cf9f402aa7a3	work	302	exclude	quota
13f841af03ec114c	work	303	exclude	quota
668116baa49d0662	work	304	exclude	quota
39c8a5e3bddee2e2	work	305	exclude	quota
931750be24488664	work	306	exclude	quota
6201a432980c78a2	work	307	exclude	quota
9b42b48fb219924c	work	308	retain	balanced-editorial-quota
205abc02aa9153c5	work	309	retain	balanced-editorial-quota
891832c249f1045c	work	310	exclude	quota
b3ad7d2eba28610e	work	311	exclude	quota
d212d9d9b40657e5	work	312	exclude	quota
6d0e0c92bc61e665	work	313	exclude	quota
d6878ecc5be65223	work	314	exclude	quota
6e02e869cd5d63c3	work	315	exclude	quota
ff87ed57615cf343	work	316	exclude	ethnic-stereotype
a3b72811da52a202	work	317	exclude	quota
dfd88e7723a2f809	work	318	retain	balanced-editorial-quota
ced6084f6e500295	work	319	retain	balanced-editorial-quota
8255f3e44f3b7238	work	320	exclude	violence-or-death
af73777391e7a334	work	321	exclude	quota
5cbd7d234f3a8d20	work	322	exclude	quota
aa15ef8cc0aa9948	work	323	exclude	violence-or-death
ebb2357163454302	work	324	retain	balanced-editorial-quota
b1fba20a5227c340	work	325	exclude	presentation-length
0d70c6c027f33d7f	work	326	retain	balanced-editorial-quota
49716eb7d2ad24aa	work	327	retain	balanced-editorial-quota
06b1549e1fd36878	work	328	retain	balanced-editorial-quota
de78d4e3b8c78a2f	work	329	exclude	duplicate
407a8181eeccc3ad	work	330	exclude	quota
f0bbdf51340c139b	work	331	retain	balanced-editorial-quota
e6a614f96ad851f5	work	332	retain	balanced-editorial-quota
69fa87fd42e167b8	work	333	retain	balanced-editorial-quota
c5eaf6c19f9ee443	work	334	exclude	quota
c91da4ea0e5d4350	work	335	exclude	quota
0e80c0cb46be3d11	work	336	retain	balanced-editorial-quota
e913bded9c11e566	work	337	exclude	quota
39f44cd271658ccb	work	338	exclude	quota
20d8b1bcfba02de0	work	339	retain	balanced-editorial-quota
a7ca20aba6d9942d	work	340	exclude	violence-or-death
9e704f928d8e15bf	work	341	exclude	violence-or-death
8f7c7489fda207c5	work	342	exclude	quota
b0d08570740e3f08	work	343	exclude	quota
7d2bdb2bc8626b85	work	344	exclude	quota
7bddc57744ca113d	work	345	exclude	quota
d477be64346daffa	work	346	exclude	violence-or-death
64bbfd9abe2ec7fe	work	347	retain	balanced-editorial-quota
8fb66fb6f05a8142	work	348	retain	balanced-editorial-quota
e364e528384c4f9d	work	349	retain	balanced-editorial-quota
fb1e9e1471180c52	work	350	exclude	quota
6b3c6311f110745c	work	351	retain	balanced-editorial-quota
f31c84a19c3163e0	work	352	exclude	quota
fe3d9a2c7e49f138	work	353	exclude	quota
a134f7804e244f03	work	354	exclude	quota
26d2516365c19849	work	355	retain	balanced-editorial-quota
1f7f96608ac654f8	work	356	retain	balanced-editorial-quota
bdfb3e741bfdd596	work	357	retain	balanced-editorial-quota
55652d618254dc71	work	358	exclude	quota
fa18d1ac32fe9fad	work	359	retain	balanced-editorial-quota
d9401f06c5401a25	work	360	exclude	violence-or-death
052baf1e91f4db42	work	361	exclude	quota
b807817687507944	work	362	exclude	quota
596a8acf1090e62a	work	363	exclude	quota
fe1fcf50183110af	work	364	exclude	presentation-length
397b525bd23e20e8	work	365	exclude	quota
1062ac68b8c1d3e5	work	366	exclude	quota
d1110f0de5123462	work	367	exclude	quota
8eedf65bac098b95	work	368	retain	balanced-editorial-quota
dc7ba59b55959457	work	369	exclude	quota
77d0bc64d0f31283	work	370	retain	balanced-editorial-quota
48f091f21e5f91c6	work	371	exclude	quota
b3becd0514152c85	work	372	retain	balanced-editorial-quota
53e1bd3892ea244d	work	373	retain	balanced-editorial-quota
40de2cfb2e3a668b	work	374	retain	balanced-editorial-quota
849b4929b8a3f702	work	375	retain	balanced-editorial-quota
2c30843bfe7dd790	work	376	retain	balanced-editorial-quota
7e17b280a60a7961	work	377	retain	balanced-editorial-quota
caa7c04256a1bb7f	work	378	retain	balanced-editorial-quota
2b1e3157229d468c	work	379	exclude	quota
e4619e1ec4ebcbbf	work	380	exclude	quota
026a093fc8777c35	work	381	exclude	quota
95c9ee3c41b14529	work	382	retain	balanced-editorial-quota
a7b854a693515b3c	work	383	retain	balanced-editorial-quota
738960a73fc0901a	work	384	retain	balanced-editorial-quota
8e44451a28b7bb1d	work	385	exclude	quota
6e71696a7ad36018	work	386	exclude	quota
c9c794b25922567d	work	387	exclude	quota
12238beb79d07fa8	work	388	retain	balanced-editorial-quota
2e2f44a3ddff3592	work	389	exclude	quota
10c572fd162c4f87	work	390	retain	balanced-editorial-quota
41d044e9a3b32cf9	work	391	exclude	quota
8660c55f3eea4779	work	392	exclude	quota
7594bc1f1f1c3c20	work	393	exclude	violence-or-death
922b4deca9d57b4a	work	394	exclude	violence-or-death
69a4c232c6f2de93	work	395	exclude	quota
4bbb469b11d19180	work	396	exclude	quota
8933c0966520d30e	work	397	exclude	quota
b827b26d1860e32c	work	398	exclude	quota
70a7e1bc4f3ea111	work	399	exclude	presentation-length
b3a41fdd6c65e0ed	work	400	exclude	quota
e95fe3d719eadd23	work	401	retain	balanced-editorial-quota
bdb251bf727beeaa	work	402	retain	balanced-editorial-quota
6709e39367c3eca7	work	403	retain	balanced-editorial-quota
9ddb44f640d7f984	work	404	exclude	quota
f18afe6449e2f08d	work	405	retain	balanced-editorial-quota
f595bbb2756155a1	work	406	exclude	quota
56de47e690b75a07	work	407	exclude	quota
f3cceacf4a385eb3	work	408	retain	balanced-editorial-quota
a542af257dab721c	work	409	exclude	quota
6521eb10036a4897	work	410	exclude	quota
acb6d26ea1a11b13	work	411	exclude	quota
68ef8ef0ae9336f8	work	412	retain	balanced-editorial-quota
9a165493d4af61c1	work	413	exclude	quota
dc544ffb6b2867d9	work	414	exclude	quota
265130822c479919	work	415	exclude	quota
cc3ff27fbd344893	work	416	exclude	quota
8117f6cba674272e	work	417	retain	balanced-editorial-quota
91231a576c0e48b3	work	418	retain	balanced-editorial-quota
0c205c97d4452162	work	419	retain	balanced-editorial-quota
fa6fbf134f1da4cb	work	420	exclude	presentation-length
8b098fda3a900bfb	work	421	retain	balanced-editorial-quota
393a6493c41b09b4	work	422	retain	balanced-editorial-quota
d02287a31f019697	work	423	exclude	quota
c9b3befd6ca26991	work	424	retain	balanced-editorial-quota
3303a6a38ab39d08	work	425	exclude	quota
cfd5612f09b23236	work	426	exclude	quota
ac22fca942df237e	work	427	exclude	quota
74d75f858cf8e613	work	428	retain	balanced-editorial-quota
77ab3645a3ff4c8e	work	429	retain	balanced-editorial-quota
9468871f4d3ae72f	work	430	exclude	quota
02efc9665310733f	work	431	exclude	quota
c24a15541a63fd56	work	432	exclude	quota
529107e84675930f	work	433	exclude	quota
0f2b005002be3f15	work	434	retain	balanced-editorial-quota
59a4b98885685631	work	435	exclude	quota
8a5779e638bd8919	work	436	retain	balanced-editorial-quota
1aeac8fff8851fe1	work	437	retain	balanced-editorial-quota
28ef0d727201395c	work	438	exclude	violence-or-death
68aa68129e44b2c6	work	439	exclude	sexual-or-identity-harm
eca7daa9d7dbedc9	work	440	retain	balanced-editorial-quota
2dd818d8d85e7b8b	work	441	exclude	quota
0192c2f4943d3ae3	work	442	exclude	quota
cdab0d6d5355c938	work	443	retain	balanced-editorial-quota
f7b10182264dfa0a	work	444	exclude	violence-or-death
a9540fbaf70e8167	work	445	retain	balanced-editorial-quota
c7b28aa21dba4d84	work	446	exclude	quota
c18b4466bada5336	work	447	retain	balanced-editorial-quota
f00367fc001eb925	work	448	exclude	quota
8b819ef67468651d	work	449	exclude	presentation-length
8dcf86b1068f354d	work	450	retain	balanced-editorial-quota
48c8b4eeedd82df7	work	451	exclude	quota
579aceac65459e12	work	452	exclude	violence-or-death
621986722f73a65f	work	453	retain	balanced-editorial-quota
8816ae7eff5d3d25	work	454	retain	balanced-editorial-quota
2c4d7ebfacb32fc4	work	455	retain	balanced-editorial-quota
7160ca4e059bde37	work	456	exclude	quota
547c564fb447f58c	work	457	retain	balanced-editorial-quota
7423d1a041893ef0	work	458	exclude	quota
042369939c263bba	work	459	exclude	quota
b250762594e7a6fa	work	460	retain	balanced-editorial-quota
1399b13b7928c8bd	work	461	retain	balanced-editorial-quota
05882ee16eb06b78	work	462	exclude	quota
dd96a4bf71a85c21	work	463	exclude	quota
a64650a3ea573870	work	464	exclude	quota
9671519797df304e	work	465	exclude	quota
4998684d436ceaf1	work	466	retain	balanced-editorial-quota
3266ad1855a03f76	work	467	exclude	quota
d1672c756e237151	work	468	retain	balanced-editorial-quota
dd4597c29e4604a9	work	469	retain	balanced-editorial-quota
1ad3a845a4158f02	work	470	retain	balanced-editorial-quota
4a02a76dcb35849d	work	471	exclude	quota
cbc8e7952b3b8ddb	work	472	exclude	quota
c3c81244817dabc7	work	473	exclude	quota
dbdd56ef7fdd5cf1	work	474	exclude	quota
1357359383e2fc70	work	475	exclude	violence-or-death
560aa4438d10f155	work	476	exclude	quota
f1f7eef38c7544e2	work	477	exclude	quota
6831ffdb6bdb18d0	work	478	exclude	violence-or-death
d1b59698c6983d9c	work	479	exclude	quota
e355586eb1637ff5	work	480	exclude	quota
443ab204b8e2657a	work	481	exclude	quota
3d6cf2b426005a1c	work	482	exclude	quota
b54518318d68bb03	work	483	exclude	quota
a2c2dc6f3ca3b5f6	work	484	exclude	quota
91a0b4151a1fb1b0	work	485	retain	balanced-editorial-quota
8c2aa11516238908	work	486	exclude	quota
32ea6d92b4ad49b9	work	487	exclude	quota
330ad8cc820ecb71	work	488	exclude	quota
7675ddc71b5bc5f7	work	489	exclude	violence-or-death
74939bd26c6ee7f5	work	490	retain	balanced-editorial-quota
996a40e073f65f53	work	491	retain	balanced-editorial-quota
0b63dc8857d04acc	work	492	retain	balanced-editorial-quota
88994b8b47eac045	work	493	exclude	quota
7e5d4d6323584c76	work	494	retain	balanced-editorial-quota
aa6833efd0e55f5e	work	495	retain	balanced-editorial-quota
44f85d5be5f86ea6	work	496	exclude	quota
ca6660cdc0f82679	work	497	retain	balanced-editorial-quota
73a1e32b3f69dab3	work	498	exclude	quota
f3a6c5133f95c7b2	work	499	exclude	quota
5cf211385b62886a	work	500	exclude	quota
f24f399a725af8f6	work	501	retain	balanced-editorial-quota
bc40d62b109479cd	work	502	exclude	quota
840552ec0bb29509	work	503	retain	balanced-editorial-quota
179587b9dc2c2e76	work	504	exclude	violence-or-death
a6b71d055d719025	work	505	exclude	quota
56ac078c85f40c55	work	506	exclude	presentation-length
fbe423ea93c92268	work	507	exclude	quota
6a7a9237e8ee1924	work	508	exclude	quota
82ac8098b86bd764	work	509	exclude	quota
242f748fb89bac4a	work	510	exclude	violence-or-death
90718ad32b1034a5	work	511	exclude	quota
90731eb10694e37f	work	512	exclude	quota
417e9b8bbe7fa104	work	513	retain	balanced-editorial-quota
3dd6a5c1b468b8bb	work	514	retain	balanced-editorial-quota
3828988e952f6112	work	515	exclude	quota
3c4d733c3d3dafc8	work	516	retain	balanced-editorial-quota
e13b5363869435e2	work	517	exclude	quota
701cfbc6a7045ccb	work	518	exclude	quota
0d87ea43e8183d09	work	519	retain	balanced-editorial-quota
37afd2db14d42309	work	520	exclude	quota
a9f144bf1976a754	work	521	exclude	quota
e4faaca3456e82aa	work	522	exclude	duplicate
c93ce10d50622575	work	523	exclude	quota
4d3061284189d78f	work	524	exclude	presentation-length
88016d05a8fe5334	work	525	exclude	quota
5d55bfe033f7ae0b	work	526	exclude	quota
e9d140f52f8d8a15	work	527	exclude	quota
106d1d294fe1650a	work	528	exclude	presentation-length
1296e5a16910ac44	work	529	exclude	quota
b0f10901d2c6d4e5	work	530	retain	balanced-editorial-quota
8d0da2a914fda8bb	work	531	exclude	violence-or-death
5d2e11cc7b74b618	work	532	exclude	quota
086c31595df33887	work	533	exclude	quota
f78810111933d186	work	534	retain	balanced-editorial-quota
cbdf3f4255f02c0a	work	535	exclude	quota
49be4bffe7011260	work	536	exclude	quota
46bdba7aeb0738af	work	537	exclude	quota
efaece32b0df0e03	work	538	exclude	quota
1bddff22af3b30d8	work	539	exclude	quota
25a42cf13f2de076	work	540	retain	balanced-editorial-quota
0c5362fbb5187d21	work	541	exclude	quota
0534fdca626d4bbd	work	542	retain	balanced-editorial-quota
026d4799432f1796	work	543	retain	balanced-editorial-quota
89c941967fda47e0	work	544	retain	balanced-editorial-quota
b24f6fd35434e025	work	545	exclude	quota
018b74eecc420765	work	546	exclude	quota
77392d619cd25de6	work	547	retain	balanced-editorial-quota
40c99e3634110232	work	548	exclude	presentation-length
e570a1f1e252dfa6	work	549	exclude	violence-or-death
5b8a90812428c155	work	550	exclude	presentation-length
c0d343573e3cb3c1	work	551	exclude	quota
e9199879746257c2	work	552	exclude	quota
b0e5aa6d233e3d57	work	553	exclude	quota
723ec0e56cf95ddb	work	554	exclude	quota
c8fa01075ca1aa2e	work	555	exclude	presentation-length
1d1d44434f1418c6	work	556	exclude	quota
907e084160d499c6	work	557	exclude	violence-or-death
76ea703a4320e56b	work	558	retain	balanced-editorial-quota
3d579d6edf8ac947	work	559	exclude	quota
3cb40d73c3d9fa8f	work	560	exclude	quota
8681dd674b8813e9	work	561	retain	balanced-editorial-quota
e78bc154b82f3ff1	work	562	exclude	quota
2f6b5b3a32f0e66d	work	563	exclude	quota
a1dc98c910f1da35	work	564	exclude	presentation-length
1fca2950f34641cb	work	565	exclude	quota
e74bb841aa8da8dd	work	566	exclude	violence-or-death
c7f9f0ba209c777e	work	567	exclude	quota
c535c2fd0253b03f	work	568	exclude	quota
83c43361bb7b5a74	work	569	exclude	presentation-length
7bc0c6f4dfb77cc4	work	570	retain	balanced-editorial-quota
b7cfe2ae80d2be45	work	571	exclude	quota
33db76689612d8aa	work	572	retain	balanced-editorial-quota
4d57679ba3ba38e1	work	573	retain	balanced-editorial-quota
cc2b8bbd303bc15e	work	574	retain	balanced-editorial-quota
1ceaf9b4f351be7f	work	575	exclude	presentation-length
e656f7a8af4b37bf	work	576	exclude	presentation-length
c501564a107fced9	work	577	exclude	quota
662d6d2db4d1015f	work	578	exclude	presentation-length
a66f9fe8ed4f6ade	work	579	exclude	presentation-length
d2000ba3b2647eca	work	580	retain	balanced-editorial-quota
397e66f953a37294	work	581	retain	balanced-editorial-quota
a1c9545dab154e3a	work	582	exclude	quota
bb24498017a258ea	work	583	exclude	violence-or-death
341893dd66db7c25	work	584	exclude	quota
9954b63b660d31c0	work	585	retain	balanced-editorial-quota
3288e54fd9ab6792	work	586	retain	balanced-editorial-quota
3a25855a01361d75	work	587	exclude	quota
c5afd01ef0610f2d	work	588	exclude	quota
07751c4c305021ed	work	589	exclude	quota
c5e5d2f7b3053093	work	590	exclude	quota
95c7328e28a95409	work	591	exclude	quota
963575302725feac	work	592	exclude	quota
aaeb39af07d8d88e	work	593	retain	balanced-editorial-quota
88fc839b68f3c65d	work	594	exclude	quota
fca66e61374b0016	work	595	retain	balanced-editorial-quota
80a955b6cddb33fd	work	596	retain	balanced-editorial-quota
ef052bd958f824a9	work	597	retain	balanced-editorial-quota
e82b6566f54e231e	work	598	exclude	quota
a5e2d48d82071043	work	599	retain	balanced-editorial-quota
c5a2d772b7e28ec2	work	600	exclude	quota
44c7416e5cfb0a7a	work	601	exclude	quota
d8ed1d55ee2e3886	work	602	exclude	quota
06f8b8d928ddc090	work	603	retain	balanced-editorial-quota
8d43e8ceb5c9d627	work	604	retain	balanced-editorial-quota
6c83fe5a93862f62	work	605	exclude	quota
4e6a326029a750d0	work	606	exclude	violence-or-death
4f78833eb45fc0be	work	607	exclude	quota
fff0ba1b5b4fb7cb	work	608	exclude	quota
05cabfbfd90e3db8	work	609	exclude	quota
3a69a58058e7db2f	work	610	exclude	quota
5fbadb7836929e28	work	611	exclude	quota
245b047a6496e2dc	work	612	exclude	quota
23139c3326c65d8a	work	613	retain	balanced-editorial-quota
3b2e57f1961ba085	work	614	retain	balanced-editorial-quota
c20446d1b3a2a40e	work	615	exclude	presentation-length
0536c4f567ae3c8a	work	616	exclude	quota
31a123e19dc8c5a1	work	617	exclude	presentation-length
8847011666b6de0c	work	618	exclude	presentation-length
a7ae46b82be1597e	work	619	exclude	quota
af0a0cd58f1dde0f	work	620	exclude	violence-or-death
eb6a284f08e8b88c	work	621	exclude	quota
6d455f8b3895d8fc	work	622	exclude	presentation-length
c3b305835ac006f4	work	623	retain	balanced-editorial-quota
4d9727bcf31de5f5	work	624	retain	balanced-editorial-quota
87065264a7a24e9c	work	625	exclude	quota
c3b9f22c85584961	work	626	exclude	quota
532d4f2ec240b6a8	work	627	exclude	quota
a22a044f126dd7f8	work	628	retain	balanced-editorial-quota
4c188859f517a182	work	629	exclude	quota
c3bd186256785b1d	work	630	exclude	violence-or-death
5fa8dc2c3c351065	zippy	1	exclude	source-policy
8f32cee3ffc38d5c	zippy	2	exclude	source-policy
78b3173ed4bd0fec	zippy	3	exclude	source-policy
bb90f7ae7468149c	zippy	4	exclude	source-policy
f1cfed8fff4bc1ea	zippy	5	exclude	source-policy
2f87da0ef8ef4aa5	zippy	6	exclude	source-policy
31e6b0831dff1894	zippy	7	exclude	source-policy
778d6ee1556aed10	zippy	8	exclude	source-policy
3971b681665dea13	zippy	9	exclude	source-policy
fc061e8b508f901c	zippy	10	exclude	source-policy
85f79cbcbc30a1ef	zippy	11	exclude	source-policy
1de50f88c32e70f5	zippy	12	exclude	source-policy
fd2d2e340f26f188	zippy	13	exclude	source-policy
de3a9629762b0a85	zippy	14	exclude	source-policy
04bd41a77ebf7a03	zippy	15	exclude	source-policy
94dce7c8b5ea52bc	zippy	16	exclude	source-policy
b91b962db82a5f31	zippy	17	exclude	source-policy
101d16efb5456bf2	zippy	18	exclude	source-policy
c07a799cfff0f7bd	zippy	19	exclude	source-policy
582121de7e416993	zippy	20	exclude	source-policy
8a62656e9dd444be	zippy	21	exclude	source-policy
08e6629ae700a424	zippy	22	exclude	source-policy
10d0c59bc74fcb89	zippy	23	exclude	source-policy
2a0346d0565c5bd1	zippy	24	exclude	source-policy
f087e51e7a6e343c	zippy	25	exclude	source-policy
49780106a8f78cc5	zippy	26	exclude	source-policy
7e1bb94663bc3a3a	zippy	27	exclude	source-policy
78f5541d179b857e	zippy	28	exclude	source-policy
703f3fa6ab3ea790	zippy	29	exclude	source-policy
83b64e3c2ff2ff20	zippy	30	exclude	source-policy
24abc994724bf1a3	zippy	31	exclude	source-policy
fb04dd40571156d5	zippy	32	exclude	source-policy
7d77d08dd655c8cc	zippy	33	exclude	source-policy
480b1db2e8ec0279	zippy	34	exclude	source-policy
ea56bcc469f56283	zippy	35	exclude	source-policy
08794cd9049e8e1a	zippy	36	exclude	source-policy
8dd26bf661181ddd	zippy	37	exclude	source-policy
0d1a64ab5775c78a	zippy	38	exclude	source-policy
e92f37fef63fd4ae	zippy	39	exclude	source-policy
67156e1e2da5d55e	zippy	40	exclude	source-policy
4360ee314a110b2d	zippy	41	exclude	source-policy
486b8f66c02d3af9	zippy	42	exclude	source-policy
1faa2d315e8daede	zippy	43	exclude	source-policy
4da520a70a123dce	zippy	44	exclude	source-policy
cfc5fac7c0d89749	zippy	45	exclude	source-policy
541e67a1db37df59	zippy	46	exclude	source-policy
8a8bde282f280152	zippy	47	exclude	source-policy
051ea52feaf2e284	zippy	48	exclude	source-policy
855f00ff4a6de655	zippy	49	exclude	source-policy
446149681c143aa1	zippy	50	exclude	source-policy
d02154c6e3fdd882	zippy	51	exclude	source-policy
9dd10ff1b7ee60d2	zippy	52	exclude	source-policy
2d73dc45c3911841	zippy	53	exclude	source-policy
31bb4680fc7a4a16	zippy	54	exclude	source-policy
487f9bac69f909d8	zippy	55	exclude	source-policy
f973611d507e3e04	zippy	56	exclude	source-policy
4ac07f3801cefe33	zippy	57	exclude	source-policy
0c762c51d96fced6	zippy	58	exclude	source-policy
56a54aab54ef79ef	zippy	59	exclude	source-policy
dc1e44353663754d	zippy	60	exclude	source-policy
c21d70feb1ac0cd2	zippy	61	exclude	source-policy
bc3839bc9141bd98	zippy	62	exclude	source-policy
8a2fe66ff12e9706	zippy	63	exclude	source-policy
23c610adfed3e3f6	zippy	64	exclude	source-policy
36079dd0dd3bb7c9	zippy	65	exclude	source-policy
758be7517cbcae60	zippy	66	exclude	source-policy
7d5a50466c8501bc	zippy	67	exclude	source-policy
79e7afc8e7083547	zippy	68	exclude	source-policy
53c57768e9e8e52d	zippy	69	exclude	source-policy
8b92a2fe61fd7ea3	zippy	70	exclude	source-policy
3bd3a6a97483044f	zippy	71	exclude	source-policy
4357547d45304d92	zippy	72	exclude	source-policy
a39a603151162886	zippy	73	exclude	source-policy
0e3e04f86f326f03	zippy	74	exclude	source-policy
66c9839bf40e13e0	zippy	75	exclude	source-policy
324e1492e77e4dfb	zippy	76	exclude	source-policy
c0e3eb392bd10bc3	zippy	77	exclude	source-policy
d6a09f7f81e4f6b8	zippy	78	exclude	source-policy
67161d3d13bc50ee	zippy	79	exclude	source-policy
b1b9a51f1bb458e7	zippy	80	exclude	source-policy
7600533dfbd86ca1	zippy	81	exclude	source-policy
bb59810fc75ae93d	zippy	82	exclude	source-policy
ad2c631cd322da42	zippy	83	exclude	source-policy
bd457b2a546d87c6	zippy	84	exclude	source-policy
4d4756aee9b35f2f	zippy	85	exclude	source-policy
5bf0c2f0b1cabbb2	zippy	86	exclude	source-policy
5fa0854c344de67e	zippy	87	exclude	source-policy
14bee72d2bf4baf6	zippy	88	exclude	source-policy
515269fb53f11a65	zippy	89	exclude	source-policy
505623ca677132c2	zippy	90	exclude	source-policy
17729fcc9e5db76e	zippy	91	exclude	source-policy
094cace53c4ab385	zippy	92	exclude	source-policy
ac152d04c6c979fa	zippy	93	exclude	source-policy
4d08b96c2b9c046a	zippy	94	exclude	source-policy
dca8ae6f0b5ad364	zippy	95	exclude	source-policy
44b903a5eae992a4	zippy	96	exclude	source-policy
ada2fd927eca8558	zippy	97	exclude	source-policy
29312b9906473ec7	zippy	98	exclude	source-policy
61e47c230ccab4bc	zippy	99	exclude	source-policy
2ca888988d6037a2	zippy	100	exclude	source-policy
9ac8eb6b93835b6c	zippy	101	exclude	source-policy
5d1f3851f705e60f	zippy	102	exclude	source-policy
7b228cb8da63b279	zippy	103	exclude	source-policy
43cb4b570f23bb1c	zippy	104	exclude	source-policy
46f7183fa9931696	zippy	105	exclude	source-policy
aced09a7ad814c89	zippy	106	exclude	source-policy
e693f8120ab0f868	zippy	107	exclude	source-policy
2585c6e566043c97	zippy	108	exclude	source-policy
10b7b86209457882	zippy	109	exclude	source-policy
581b3745d676eb55	zippy	110	exclude	source-policy
21ca176eaddd2946	zippy	111	exclude	source-policy
a685ff36a69c520e	zippy	112	exclude	source-policy
da343487c3d3d04b	zippy	113	exclude	source-policy
d939bb9c99a3c724	zippy	114	exclude	source-policy
6871e7471178d6db	zippy	115	exclude	source-policy
cad98e421d38cc31	zippy	116	exclude	source-policy
aa43822b483ec9f5	zippy	117	exclude	source-policy
33823c77bdbd3396	zippy	118	exclude	source-policy
617fadef407239d6	zippy	119	exclude	source-policy
f5f863d2fac42d0d	zippy	120	exclude	source-policy
3acab95e1b5a4906	zippy	121	exclude	source-policy
8fd5e2293d3366f9	zippy	122	exclude	source-policy
7f77ec8a018a9e03	zippy	123	exclude	source-policy
f8ede1b0f45928f3	zippy	124	exclude	source-policy
8d0b7825663bb182	zippy	125	exclude	source-policy
495297ade62ad9e1	zippy	126	exclude	source-policy
6e8af9d4de6a5cc8	zippy	127	exclude	source-policy
c3d15d9761e5b252	zippy	128	exclude	source-policy
e79475bd16c5e898	zippy	129	exclude	source-policy
241a6dd99484bff4	zippy	130	exclude	source-policy
eaf67056cf7659c7	zippy	131	exclude	source-policy
dbe1776423d59588	zippy	132	exclude	source-policy
988768d7908b0355	zippy	133	exclude	source-policy
90c6eaa8c8e4525f	zippy	134	exclude	source-policy
08531791172e3095	zippy	135	exclude	source-policy
c1d8921d5db61063	zippy	136	exclude	source-policy
5a71ef439e26a288	zippy	137	exclude	source-policy
59733469017ba071	zippy	138	exclude	source-policy
498d874fb72071a4	zippy	139	exclude	source-policy
9417c486d007b4d1	zippy	140	exclude	source-policy
1a2909640ca9a6a0	zippy	141	exclude	source-policy
cf020cf0a294e6ee	zippy	142	exclude	source-policy
6d3caa8484bf665f	zippy	143	exclude	source-policy
832808b6d8021aa4	zippy	144	exclude	source-policy
482f176712569715	zippy	145	exclude	source-policy
c971d919d796af2b	zippy	146	exclude	source-policy
05de2a4e878575ba	zippy	147	exclude	source-policy
9390e8a233d9f95c	zippy	148	exclude	source-policy
aecafa411e359bf3	zippy	149	exclude	source-policy
4563a1a87bbfeda9	zippy	150	exclude	source-policy
91725b4fa8f4bb0b	zippy	151	exclude	source-policy
0815dabcda661cb6	zippy	152	exclude	source-policy
e71e60f91ffbd2ed	zippy	153	exclude	source-policy
986f8fb2a74af499	zippy	154	exclude	source-policy
52db196388d0380c	zippy	155	exclude	source-policy
cefc07113f174561	zippy	156	exclude	source-policy
ec71571c5bd78b9d	zippy	157	exclude	source-policy
c738b6383ebb8e59	zippy	158	exclude	source-policy
7a415ebc16167d09	zippy	159	exclude	source-policy
df27c8dfb7e7abfe	zippy	160	exclude	source-policy
6c19b47af1c5a4c2	zippy	161	exclude	source-policy
df6538097ad8d98a	zippy	162	exclude	source-policy
16b250f7424a8e45	zippy	163	exclude	source-policy
ea5bc75076d87fd7	zippy	164	exclude	source-policy
b1932b8070492f1e	zippy	165	exclude	source-policy
12cf93b2abe4d76a	zippy	166	exclude	source-policy
8f9399269c18ba4b	zippy	167	exclude	source-policy
7cf1eaed34405568	zippy	168	exclude	source-policy
3a8a29e1e18afe38	zippy	169	exclude	source-policy
e7ff7ee2e6da10b7	zippy	170	exclude	source-policy
903ea5f754ea941e	zippy	171	exclude	source-policy
51f3a391250d4969	zippy	172	exclude	source-policy
d4d326be790188b6	zippy	173	exclude	source-policy
8368a38219094123	zippy	174	exclude	source-policy
f268028cc11ace9d	zippy	175	exclude	source-policy
401680fdc2ce7aa8	zippy	176	exclude	source-policy
a011c821aec6fd6f	zippy	177	exclude	source-policy
944ee6cdbab76912	zippy	178	exclude	source-policy
06ee669b158e491e	zippy	179	exclude	source-policy
c4b4f3cde34408b5	zippy	180	exclude	source-policy
9fc03e71dcdf84a2	zippy	181	exclude	source-policy
77ad496c28c9c08a	zippy	182	exclude	source-policy
c735f8773a877a30	zippy	183	exclude	source-policy
430ed3dd3cdedbf6	zippy	184	exclude	source-policy
cd6ec210c416578a	zippy	185	exclude	source-policy
648aad63d07bec48	zippy	186	exclude	source-policy
8787d64dbb712af8	zippy	187	exclude	source-policy
974585c74b765622	zippy	188	exclude	source-policy
3069277d241f120a	zippy	189	exclude	source-policy
1860b47898299273	zippy	190	exclude	source-policy
050d4389bf04df43	zippy	191	exclude	source-policy
90e2851d52882b2c	zippy	192	exclude	source-policy
30ab89e83ba06b1a	zippy	193	exclude	source-policy
9c48730a3551379d	zippy	194	exclude	source-policy
f6dc2c010ba6de94	zippy	195	exclude	source-policy
5234ede3c5e66de4	zippy	196	exclude	source-policy
73d9cc08db243159	zippy	197	exclude	source-policy
37998b34a22042cb	zippy	198	exclude	source-policy
485b69b26403be61	zippy	199	exclude	source-policy
6a95ca699f329103	zippy	200	exclude	source-policy
a3d069aedc07494f	zippy	201	exclude	source-policy
aa81d6c332133abf	zippy	202	exclude	source-policy
0da6caad6d630615	zippy	203	exclude	source-policy
b005634746082045	zippy	204	exclude	source-policy
4cb0560c2f003824	zippy	205	exclude	source-policy
566c91f1831d6850	zippy	206	exclude	source-policy
35a762d96c33509a	zippy	207	exclude	source-policy
d5cd3699e40d137b	zippy	208	exclude	source-policy
a9c0dd67e5f733b4	zippy	209	exclude	source-policy
7e83c3cfa40e47f3	zippy	210	exclude	source-policy
278e0fc79fae4967	zippy	211	exclude	source-policy
7074fb99a711f338	zippy	212	exclude	source-policy
d398e5a2f5ffe261	zippy	213	exclude	source-policy
b0ff602501fd898a	zippy	214	exclude	source-policy
8e03002d8a7ae229	zippy	215	exclude	source-policy
8b93ecb90602beb5	zippy	216	exclude	source-policy
521c24b062477a5e	zippy	217	exclude	source-policy
32b55052ee86bd56	zippy	218	exclude	source-policy
28c5eee3d13b3e04	zippy	219	exclude	source-policy
db2d5972cc6aad8a	zippy	220	exclude	source-policy
1c67f752361a09b6	zippy	221	exclude	source-policy
96285e4d76698847	zippy	222	exclude	source-policy
2f7a6663a78476a7	zippy	223	exclude	source-policy
2f4d6abe9ec6fd67	zippy	224	exclude	source-policy
44c0b542e1964e50	zippy	225	exclude	source-policy
465c1f1c90733d6e	zippy	226	exclude	source-policy
9ddf0385bd36c394	zippy	227	exclude	source-policy
a08077439c651ee7	zippy	228	exclude	source-policy
9a2de94597de7fc6	zippy	229	exclude	source-policy
3e330534ebe4e650	zippy	230	exclude	source-policy
7d93cc0842ff707f	zippy	231	exclude	source-policy
81dd6578305c1ac7	zippy	232	exclude	source-policy
476ec87b04eef465	zippy	233	exclude	source-policy
e289a5aeaeeb3c1d	zippy	234	exclude	source-policy
111c595e853f4b12	zippy	235	exclude	source-policy
06818dc757c90732	zippy	236	exclude	source-policy
0b62282a2d525680	zippy	237	exclude	source-policy
eec1b062ea10b35f	zippy	238	exclude	source-policy
0600928abf00183f	zippy	239	exclude	source-policy
cda0dba84200ef90	zippy	240	exclude	source-policy
55f184cb6da5fabd	zippy	241	exclude	source-policy
8a9d4e819d841f6e	zippy	242	exclude	source-policy
798e76912f37d2fb	zippy	243	exclude	source-policy
676fa090cbdee86e	zippy	244	exclude	source-policy
07db3a1371c2badb	zippy	245	exclude	source-policy
48e453b0bd907c77	zippy	246	exclude	source-policy
345c32d416efd058	zippy	247	exclude	source-policy
ce5d170079219c2c	zippy	248	exclude	source-policy
e7d13422c861c224	zippy	249	exclude	source-policy
790ac369bb176ce1	zippy	250	exclude	source-policy
a8e5cf16c04bf29c	zippy	251	exclude	source-policy
cf549971e5dd6c52	zippy	252	exclude	source-policy
8241f6cccef2834a	zippy	253	exclude	source-policy
65ac9919160b8f5e	zippy	254	exclude	source-policy
66e57e4f437c760c	zippy	255	exclude	source-policy
48d69a9b1856fed0	zippy	256	exclude	source-policy
6f9f4347d4695b80	zippy	257	exclude	source-policy
70342f2057ec8386	zippy	258	exclude	source-policy
097647fa8a48d877	zippy	259	exclude	source-policy
06564fba10ec2726	zippy	260	exclude	source-policy
08b4927140614467	zippy	261	exclude	source-policy
03bcfe22910027ae	zippy	262	exclude	source-policy
9e5b94ea6b050069	zippy	263	exclude	source-policy
7b39edeaff00f877	zippy	264	exclude	source-policy
2a589b6cccb63274	zippy	265	exclude	source-policy
fa308c994b46909c	zippy	266	exclude	source-policy
ca72fc2e79b0bc34	zippy	267	exclude	source-policy
52ed87087063a36f	zippy	268	exclude	source-policy
0662a2948d8795f9	zippy	269	exclude	source-policy
6558f411fc7480ec	zippy	270	exclude	source-policy
ec5626054769cfc1	zippy	271	exclude	source-policy
93b4fadc033fb558	zippy	272	exclude	source-policy
b3645b08f4dbb9d8	zippy	273	exclude	source-policy
513b4af5e4ca9515	zippy	274	exclude	source-policy
b252208a6be6cab4	zippy	275	exclude	source-policy
992a0b5af16f44ad	zippy	276	exclude	source-policy
9445fd22c8a7c06d	zippy	277	exclude	source-policy
c58cb8d4e34f73b8	zippy	278	exclude	source-policy
e84d5e6e0a5fee8a	zippy	279	exclude	source-policy
f705104b5ee730a2	zippy	280	exclude	source-policy
2192f21f6b6a5b22	zippy	281	exclude	source-policy
fdddeb749856d9af	zippy	282	exclude	source-policy
16d80938fc127518	zippy	283	exclude	source-policy
6cf055600252c088	zippy	284	exclude	source-policy
6103be2d47bd0b41	zippy	285	exclude	source-policy
1e201b0bad39652b	zippy	286	exclude	source-policy
90c2bc13ac4188cf	zippy	287	exclude	source-policy
020a80d48c35ad82	zippy	288	exclude	source-policy
94f139be41f99407	zippy	289	exclude	source-policy
1cbb2524a0e1f44b	zippy	290	exclude	source-policy
2d95258b8a69c1f2	zippy	291	exclude	source-policy
b4dc28a6ac8f74e2	zippy	292	exclude	source-policy
c350e16f65cec616	zippy	293	exclude	source-policy
2fbb2950b1c3c728	zippy	294	exclude	source-policy
20aa0642b3eda4d7	zippy	295	exclude	source-policy
d326d340712b40d2	zippy	296	exclude	source-policy
471777fc2ec35704	zippy	297	exclude	source-policy
6ba94ca9fafdda80	zippy	298	exclude	source-policy
9f02280e3ff90423	zippy	299	exclude	source-policy
e604e58e84503274	zippy	300	exclude	source-policy
47103275a70223fd	zippy	301	exclude	source-policy
c4ee072cf5003169	zippy	302	exclude	source-policy
613d8588559c85b0	zippy	303	exclude	source-policy
6801f4e5f14a81e8	zippy	304	exclude	source-policy
acaab4713b7d19d1	zippy	305	exclude	source-policy
14648ffe092a5d6e	zippy	306	exclude	source-policy
16a7d2a14c9baf78	zippy	307	exclude	source-policy
70684433752caea0	zippy	308	exclude	source-policy
d8e40c64cd4e8507	zippy	309	exclude	source-policy
c43056668b61023a	zippy	310	exclude	source-policy
32c2efc6bf2f5905	zippy	311	exclude	source-policy
d298507d537ab304	zippy	312	exclude	source-policy
b8853bac305719aa	zippy	313	exclude	source-policy
f6eb5a0beeaf4bc9	zippy	314	exclude	source-policy
8c05204c8f7cc63d	zippy	315	exclude	source-policy
a0d468aac773a8b7	zippy	316	exclude	source-policy
10e782e4f7519367	zippy	317	exclude	source-policy
f633c23bb3022e6e	zippy	318	exclude	source-policy
1d35d75714af58ba	zippy	319	exclude	source-policy
c670ad3ad708562e	zippy	320	exclude	source-policy
aafbaf0d86c504fa	zippy	321	exclude	source-policy
c4cfe0f88ab62fe7	zippy	322	exclude	source-policy
e07affb791ffc774	zippy	323	exclude	source-policy
c2725d9a3685fbe6	zippy	324	exclude	source-policy
e2d4ce43c5c34f6d	zippy	325	exclude	source-policy
5c621e94abd0bc62	zippy	326	exclude	source-policy
b295ce1c714d93f7	zippy	327	exclude	source-policy
ae0c8636259d6a09	zippy	328	exclude	source-policy
6993105051a2b4ff	zippy	329	exclude	source-policy
3b2bebd2d66e6520	zippy	330	exclude	source-policy
f95a5ff4bad46edd	zippy	331	exclude	source-policy
5365aeb1a72d8fbf	zippy	332	exclude	source-policy
85fa7a5d1b2f6c7e	zippy	333	exclude	source-policy
7ecb67baf6094767	zippy	334	exclude	source-policy
731ee3d5cef2cd44	zippy	335	exclude	source-policy
312119244428b723	zippy	336	exclude	source-policy
231eeedf48652350	zippy	337	exclude	source-policy
c6c98eb243f90357	zippy	338	exclude	source-policy
3d58cf18c400964a	zippy	339	exclude	source-policy
21ad03190e83a191	zippy	340	exclude	source-policy
6bd0278f08ba88e6	zippy	341	exclude	source-policy
3fc296c0e0aff176	zippy	342	exclude	source-policy
177a0eff60c0fbd5	zippy	343	exclude	source-policy
f54d6ebd9863c95d	zippy	344	exclude	source-policy
5dcf964715334471	zippy	345	exclude	source-policy
41565c11f578addf	zippy	346	exclude	source-policy
2f49d7de732671d3	zippy	347	exclude	source-policy
4f4e29f1da4a8875	zippy	348	exclude	source-policy
9462afb96d23209f	zippy	349	exclude	source-policy
631bf69981c0ac45	zippy	350	exclude	source-policy
1b2f138c8bfe3a1e	zippy	351	exclude	source-policy
7cce403018dad6a6	zippy	352	exclude	source-policy
62e4835f5bcc3756	zippy	353	exclude	source-policy
7dc22f01ffa935ec	zippy	354	exclude	source-policy
8a55dbfff7c01af6	zippy	355	exclude	source-policy
489efbc8bd85fab1	zippy	356	exclude	source-policy
4d614dece6827cc1	zippy	357	exclude	source-policy
2d94676f581cdc16	zippy	358	exclude	source-policy
63b368eae385299d	zippy	359	exclude	source-policy
f549e4619fc377c5	zippy	360	exclude	source-policy
480db80b4b7ee4ae	zippy	361	exclude	source-policy
dedeafd324055acc	zippy	362	exclude	source-policy
e80db576b338f906	zippy	363	exclude	source-policy
0f7405f8535e3db0	zippy	364	exclude	source-policy
d1fe8da069b80437	zippy	365	exclude	source-policy
1ac67af7c0508cca	zippy	366	exclude	source-policy
683d45a7c0d6e9e6	zippy	367	exclude	source-policy
d46777ca15966202	zippy	368	exclude	source-policy
959624ed157b5f84	zippy	369	exclude	source-policy
8539f2ca9910c9f3	zippy	370	exclude	source-policy
c43a49a63b6bcf1b	zippy	371	exclude	source-policy
5e286300223636e7	zippy	372	exclude	source-policy
36570c556c124748	zippy	373	exclude	source-policy
7471bab90b23f829	zippy	374	exclude	source-policy
13817afc05e1999d	zippy	375	exclude	source-policy
3814745c33e30df1	zippy	376	exclude	source-policy
41dfef74b6677092	zippy	377	exclude	source-policy
7c4a23a25e81d677	zippy	378	exclude	source-policy
8bc51de7f7fee379	zippy	379	exclude	source-policy
07bd87440f3ffcc5	zippy	380	exclude	source-policy
dae802018e16ee3a	zippy	381	exclude	source-policy
1a22d9844824756c	zippy	382	exclude	source-policy
d9f2b05aa35c7635	zippy	383	exclude	source-policy
46b3490312f17614	zippy	384	exclude	source-policy
9bba6723f7f8a579	zippy	385	exclude	source-policy
48c2a100ebad3f8a	zippy	386	exclude	source-policy
36b9fc85c39f854d	zippy	387	exclude	source-policy
227efa6f7ff3ff92	zippy	388	exclude	source-policy
26a51f83c6d60c60	zippy	389	exclude	source-policy
6ae79ff186ab9616	zippy	390	exclude	source-policy
df95e4c5a8956032	zippy	391	exclude	source-policy
640ae86aa748ca93	zippy	392	exclude	source-policy
e1d894513b83d1ed	zippy	393	exclude	source-policy
a6d300ea248de0d1	zippy	394	exclude	source-policy
41a5df835b190ac4	zippy	395	exclude	source-policy
5793b5ff893bf1e1	zippy	396	exclude	source-policy
46e3579cc17777b1	zippy	397	exclude	source-policy
6d859f2072c28947	zippy	398	exclude	source-policy
3da3eb5b0aa85d68	zippy	399	exclude	source-policy
7212ec3ff5491078	zippy	400	exclude	source-policy
a6de02c54c8cd04f	zippy	401	exclude	source-policy
de6dad39d5a7713b	zippy	402	exclude	source-policy
fe7ead071bb4425b	zippy	403	exclude	source-policy
ace894ce4286800b	zippy	404	exclude	source-policy
515dfa7ef449e77d	zippy	405	exclude	source-policy
118c26863d83d1ea	zippy	406	exclude	source-policy
d25d2711e61b7ae2	zippy	407	exclude	source-policy
a828b85bfaae1b4e	zippy	408	exclude	source-policy
9025f40e4858bbb7	zippy	409	exclude	source-policy
9765e92b2a154131	zippy	410	exclude	source-policy
d1439707245081b9	zippy	411	exclude	source-policy
b695617e60935eb5	zippy	412	exclude	source-policy
39361c3009f5506d	zippy	413	exclude	source-policy
d9b48001f2aa2351	zippy	414	exclude	source-policy
1e3a0c10ba8e5bf9	zippy	415	exclude	source-policy
dc8014d7bbd3e497	zippy	416	exclude	source-policy
21d4c61474c266b0	zippy	417	exclude	source-policy
bbf3da9d0fa55b08	zippy	418	exclude	source-policy
5298295df08f166e	zippy	419	exclude	source-policy
0b052bf72158b7f3	zippy	420	exclude	source-policy
6b07f6cd15847be2	zippy	421	exclude	source-policy
995f8ba4fe6b9da3	zippy	422	exclude	source-policy
56d198ccb3768aef	zippy	423	exclude	source-policy
4ecce6c134267da5	zippy	424	exclude	source-policy
96e579b048d6743c	zippy	425	exclude	source-policy
0e67eb88481ce781	zippy	426	exclude	source-policy
0a920045b6d6cc98	zippy	427	exclude	source-policy
33316a7f0e95ca9b	zippy	428	exclude	source-policy
cebb6db148dfd2e4	zippy	429	exclude	source-policy
2e9792f2fb7097f7	zippy	430	exclude	source-policy
b74814030d793df9	zippy	431	exclude	source-policy
9e63709d938c44e8	zippy	432	exclude	source-policy
2110385b7040f9fc	zippy	433	exclude	source-policy
2c1b2d9d64011eff	zippy	434	exclude	source-policy
5fc4448ab55525fe	zippy	435	exclude	source-policy
c9e2d3b5da4c4836	zippy	436	exclude	source-policy
65580ad5f58ce42e	zippy	437	exclude	source-policy
23ab04dcf2b74952	zippy	438	exclude	source-policy
be97509644c8dd84	zippy	439	exclude	source-policy
ba5d5fe3eac44f7d	zippy	440	exclude	source-policy
4a7711eb0d9a7cb8	zippy	441	exclude	source-policy
47590f7de0b4f974	zippy	442	exclude	source-policy
08a61bf07bb675e0	zippy	443	exclude	source-policy
fa8ea45fd81d035d	zippy	444	exclude	source-policy
31b3a90f49d79fc5	zippy	445	exclude	source-policy
22d843ed34f483c9	zippy	446	exclude	source-policy
f41424ec0763ff40	zippy	447	exclude	source-policy
90102e9951e06a6d	zippy	448	exclude	source-policy
aa9bdc377793649e	zippy	449	exclude	source-policy
3a4a96b40c36b901	zippy	450	exclude	source-policy
1d411a8338275658	zippy	451	exclude	source-policy
e851de1414c7cfc6	zippy	452	exclude	source-policy
9bfa2ba36c1afa94	zippy	453	exclude	source-policy
e2b1cca1f3cd4a67	zippy	454	exclude	source-policy
8c06e9b1df8a6c00	zippy	455	exclude	source-policy
9b914249a56f25b1	zippy	456	exclude	source-policy
b533f85bb2b351b6	zippy	457	exclude	source-policy
ebbe9a28ca3b13ec	zippy	458	exclude	source-policy
f8f43c39d4f827cd	zippy	459	exclude	source-policy
432befe79709006c	zippy	460	exclude	source-policy
dfa2f12496602f8d	zippy	461	exclude	source-policy
29add4b5e4784100	zippy	462	exclude	source-policy
15ffca857bcfe998	zippy	463	exclude	source-policy
c9a5292f0b0638cd	zippy	464	exclude	source-policy
6f6f783b836973b0	zippy	465	exclude	source-policy
d3d7b187b80a6fde	zippy	466	exclude	source-policy
2e050973a20ed00a	zippy	467	exclude	source-policy
10c4ce37ad1fb366	zippy	468	exclude	source-policy
5f095be4bfabae40	zippy	469	exclude	source-policy
e7b128af3747a5b8	zippy	470	exclude	source-policy
0c962c07f13d37c7	zippy	471	exclude	source-policy
f6d0292de2751a7f	zippy	472	exclude	source-policy
01ec0d31e66ad6c1	zippy	473	exclude	source-policy
cf2cf9e74148ffbe	zippy	474	exclude	source-policy
565fe55a8b661a40	zippy	475	exclude	source-policy
3530012def329130	zippy	476	exclude	source-policy
8852e4633034aa31	zippy	477	exclude	source-policy
3df4dfd53c3c8e02	zippy	478	exclude	source-policy
0180d8d8f6230a4c	zippy	479	exclude	source-policy
bdbda50dced9a509	zippy	480	exclude	source-policy
ea58f007a3ff8ca4	zippy	481	exclude	source-policy
61e72408e6b5b349	zippy	482	exclude	source-policy
61e2053ab3639006	zippy	483	exclude	source-policy
988823a431c63f46	zippy	484	exclude	source-policy
b5e5c9281826c803	zippy	485	exclude	source-policy
00da8388421a5741	zippy	486	exclude	source-policy
0404fa4c8867b177	zippy	487	exclude	source-policy
6f92e53d69e3f47b	zippy	488	exclude	source-policy
32793f96b1a9d34b	zippy	489	exclude	source-policy
1e0cd0630eb44327	zippy	490	exclude	source-policy
92035952d0c2dd27	zippy	491	exclude	source-policy
980cdc22a4fbf8dc	zippy	492	exclude	source-policy
5a2a0f59990f2add	zippy	493	exclude	source-policy
da06a6b6eb9ccf60	zippy	494	exclude	source-policy
196d404163f4a9b5	zippy	495	exclude	source-policy
1b8987a5e86e4e95	zippy	496	exclude	source-policy
c994cb47aba9cc23	zippy	497	exclude	source-policy
83c3adc7f16cea23	zippy	498	exclude	source-policy
1ce7d71443be2e08	zippy	499	exclude	source-policy
f2adccaa19531412	zippy	500	exclude	source-policy
6eed9a79ee263dbb	zippy	501	exclude	source-policy
0a404f5159972b7b	zippy	502	exclude	source-policy
e001885049c96ffc	zippy	503	exclude	source-policy
776cdbf2c92d8da6	zippy	504	exclude	source-policy
86290016b4ad4bd0	zippy	505	exclude	source-policy
2388cdda258ddf29	zippy	506	exclude	source-policy
555d3ce11a71cc2f	zippy	507	exclude	source-policy
d7a961e0f3b7be1b	zippy	508	exclude	source-policy
2a945dbf02bc0d21	zippy	509	exclude	source-policy
bc53ddd6d65615b1	zippy	510	exclude	source-policy
2eaae87b91f0fed8	zippy	511	exclude	source-policy
ff8ec9b0181cd8bf	zippy	512	exclude	source-policy
8e069016ad6b5baf	zippy	513	exclude	source-policy
2c5bb1839783ca2b	zippy	514	exclude	source-policy
237ccf9385e0f20c	zippy	515	exclude	source-policy
10a3690b4162a928	zippy	516	exclude	source-policy
0aa5c5182b58c889	zippy	517	exclude	source-policy
2e1c01b74c6a839c	zippy	518	exclude	source-policy
52c3d6e5ad7304b8	zippy	519	exclude	source-policy
098ccb89be8b3357	zippy	520	exclude	source-policy
9f8979524e99114f	zippy	521	exclude	source-policy
57ea2f7d529e5e9b	zippy	522	exclude	source-policy
f78c3612e5edfef9	zippy	523	exclude	source-policy
4ef96c8bc9cb7c33	zippy	524	exclude	source-policy
ead952bd88737a9f	zippy	525	exclude	source-policy
63f50c9ab09daa44	zippy	526	exclude	source-policy
8d946fab5404087b	zippy	527	exclude	source-policy
ab1e8343a12f961d	zippy	528	exclude	source-policy
240973ba56d2519f	zippy	529	exclude	source-policy
d0c210e036cab866	zippy	530	exclude	source-policy
c9f31e62a7ec6de8	zippy	531	exclude	source-policy
a07eeca9a2260810	zippy	532	exclude	source-policy
ca1142b3e4db4c8a	zippy	533	exclude	source-policy
55384bc2e035242f	zippy	534	exclude	source-policy
7a6ead28bf112ee9	zippy	535	exclude	source-policy
ab8c3318067f7961	zippy	536	exclude	source-policy
985a46df99423920	zippy	537	exclude	source-policy
b24793492ab290ad	zippy	538	exclude	source-policy
f018a37e8646fbcf	zippy	539	exclude	source-policy
178306a7f48d2f59	zippy	540	exclude	source-policy
4387ff8ebb964bff	zippy	541	exclude	source-policy
81af5512e6fe272d	zippy	542	exclude	source-policy
8bc248d7e729f511	zippy	543	exclude	source-policy
76b1d85ea7167e3d	zippy	544	exclude	source-policy
4ebd6f8a037b1818	zippy	545	exclude	source-policy
b75101f92c1394a4	zippy	546	exclude	source-policy
a13cc5a0a468eed2	zippy	547	exclude	source-policy
c127bcebc37a3d1e	zippy	548	exclude	source-policy
